Date,Region,Indicator,Value
2000-12-31,AFG,BCG_coverage_pct,30.0
2000-12-31,AFG,DTP3_coverage_pct,24.0
2000-12-31,AFG,HepB3_coverage_pct,0.0
2000-12-31,AFG,MCV1_measles_coverage_pct,27.0
2000-12-31,AGO,BCG_coverage_pct,54.0
2000-12-31,AGO,DTP3_coverage_pct,31.0
2000-12-31,AGO,HepB3_coverage_pct,0.0
2000-12-31,AGO,MCV1_measles_coverage_pct,41.0
2000-12-31,ALB,BCG_coverage_pct,93.0
2000-12-31,ALB,DTP3_coverage_pct,97.0
2000-12-31,ALB,HepB3_coverage_pct,96.0
2000-12-31,ALB,MCV1_measles_coverage_pct,95.0
2000-12-31,AND,DTP3_coverage_pct,98.0
2000-12-31,AND,HepB3_coverage_pct,84.0
2000-12-31,AND,MCV1_measles_coverage_pct,97.0
2000-12-31,ARE,BCG_coverage_pct,98.0
2000-12-31,ARE,DTP3_coverage_pct,94.0
2000-12-31,ARE,HepB3_coverage_pct,92.0
2000-12-31,ARE,MCV1_measles_coverage_pct,94.0
2000-12-31,ARG,BCG_coverage_pct,95.0
2000-12-31,ARG,DTP3_coverage_pct,83.0
2000-12-31,ARG,HepB3_coverage_pct,0.0
2000-12-31,ARG,MCV1_measles_coverage_pct,91.0
2000-12-31,ARM,BCG_coverage_pct,97.0
2000-12-31,ARM,DTP3_coverage_pct,93.0
2000-12-31,ARM,HepB3_coverage_pct,55.0
2000-12-31,ARM,MCV1_measles_coverage_pct,92.0
2000-12-31,ATG,DTP3_coverage_pct,95.0
2000-12-31,ATG,HepB3_coverage_pct,0.0
2000-12-31,ATG,MCV1_measles_coverage_pct,95.0
2000-12-31,AUS,DTP3_coverage_pct,90.0
2000-12-31,AUS,HepB3_coverage_pct,0.0
2000-12-31,AUS,MCV1_measles_coverage_pct,91.0
2000-12-31,AUT,DTP3_coverage_pct,81.0
2000-12-31,AUT,HepB3_coverage_pct,33.0
2000-12-31,AUT,MCV1_measles_coverage_pct,75.0
2000-12-31,AZE,BCG_coverage_pct,81.0
2000-12-31,AZE,DTP3_coverage_pct,76.0
2000-12-31,AZE,HepB3_coverage_pct,0.0
2000-12-31,AZE,MCV1_measles_coverage_pct,67.0
2000-12-31,BDI,BCG_coverage_pct,85.0
2000-12-31,BDI,DTP3_coverage_pct,80.0
2000-12-31,BDI,HepB3_coverage_pct,0.0
2000-12-31,BDI,MCV1_measles_coverage_pct,72.0
2000-12-31,BEL,DTP3_coverage_pct,95.0
2000-12-31,BEL,HepB3_coverage_pct,60.0
2000-12-31,BEL,MCV1_measles_coverage_pct,82.0
2000-12-31,BEN,BCG_coverage_pct,92.0
2000-12-31,BEN,DTP3_coverage_pct,78.0
2000-12-31,BEN,HepB3_coverage_pct,0.0
2000-12-31,BEN,MCV1_measles_coverage_pct,70.0
2000-12-31,BFA,BCG_coverage_pct,81.0
2000-12-31,BFA,DTP3_coverage_pct,45.0
2000-12-31,BFA,HepB3_coverage_pct,0.0
2000-12-31,BFA,MCV1_measles_coverage_pct,48.0
2000-12-31,BGD,BCG_coverage_pct,94.0
2000-12-31,BGD,DTP3_coverage_pct,82.0
2000-12-31,BGD,HepB3_coverage_pct,0.0
2000-12-31,BGD,MCV1_measles_coverage_pct,74.0
2000-12-31,BGR,BCG_coverage_pct,98.0
2000-12-31,BGR,DTP3_coverage_pct,93.0
2000-12-31,BGR,HepB3_coverage_pct,94.0
2000-12-31,BGR,MCV1_measles_coverage_pct,89.0
2000-12-31,BHR,DTP3_coverage_pct,97.0
2000-12-31,BHR,HepB3_coverage_pct,97.0
2000-12-31,BHR,MCV1_measles_coverage_pct,98.0
2000-12-31,BHS,DTP3_coverage_pct,99.0
2000-12-31,BHS,HepB3_coverage_pct,0.0
2000-12-31,BHS,MCV1_measles_coverage_pct,93.0
2000-12-31,BIH,BCG_coverage_pct,93.0
2000-12-31,BIH,DTP3_coverage_pct,85.0
2000-12-31,BIH,HepB3_coverage_pct,0.0
2000-12-31,BIH,MCV1_measles_coverage_pct,80.0
2000-12-31,BLR,BCG_coverage_pct,99.0
2000-12-31,BLR,DTP3_coverage_pct,99.0
2000-12-31,BLR,HepB3_coverage_pct,70.0
2000-12-31,BLR,MCV1_measles_coverage_pct,98.0
2000-12-31,BLZ,BCG_coverage_pct,96.0
2000-12-31,BLZ,DTP3_coverage_pct,91.0
2000-12-31,BLZ,HepB3_coverage_pct,76.0
2000-12-31,BLZ,MCV1_measles_coverage_pct,96.0
2000-12-31,BOL,BCG_coverage_pct,92.0
2000-12-31,BOL,DTP3_coverage_pct,75.0
2000-12-31,BOL,HepB3_coverage_pct,77.0
2000-12-31,BOL,MCV1_measles_coverage_pct,84.0
2000-12-31,BRA,BCG_coverage_pct,99.0
2000-12-31,BRA,DTP3_coverage_pct,98.0
2000-12-31,BRA,HepB3_coverage_pct,94.0
2000-12-31,BRA,MCV1_measles_coverage_pct,99.0
2000-12-31,BRB,DTP3_coverage_pct,93.0
2000-12-31,BRB,HepB3_coverage_pct,0.0
2000-12-31,BRB,MCV1_measles_coverage_pct,94.0
2000-12-31,BRN,BCG_coverage_pct,99.0
2000-12-31,BRN,DTP3_coverage_pct,99.0
2000-12-31,BRN,HepB3_coverage_pct,99.0
2000-12-31,BRN,MCV1_measles_coverage_pct,99.0
2000-12-31,BTN,BCG_coverage_pct,97.0
2000-12-31,BTN,DTP3_coverage_pct,92.0
2000-12-31,BTN,HepB3_coverage_pct,98.0
2000-12-31,BTN,MCV1_measles_coverage_pct,78.0
2000-12-31,BWA,BCG_coverage_pct,99.0
2000-12-31,BWA,DTP3_coverage_pct,97.0
2000-12-31,BWA,HepB3_coverage_pct,86.0
2000-12-31,BWA,MCV1_measles_coverage_pct,91.0
2000-12-31,CAF,BCG_coverage_pct,66.0
2000-12-31,CAF,DTP3_coverage_pct,37.0
2000-12-31,CAF,HepB3_coverage_pct,0.0
2000-12-31,CAF,MCV1_measles_coverage_pct,36.0
2000-12-31,CAN,DTP3_coverage_pct,89.0
2000-12-31,CAN,HepB3_coverage_pct,0.0
2000-12-31,CAN,MCV1_measles_coverage_pct,96.0
2000-12-31,CHE,DTP3_coverage_pct,93.0
2000-12-31,CHE,HepB3_coverage_pct,0.0
2000-12-31,CHE,MCV1_measles_coverage_pct,82.0
2000-12-31,CHL,BCG_coverage_pct,93.0
2000-12-31,CHL,DTP3_coverage_pct,91.0
2000-12-31,CHL,HepB3_coverage_pct,0.0
2000-12-31,CHL,MCV1_measles_coverage_pct,97.0
2000-12-31,CHN,BCG_coverage_pct,84.0
2000-12-31,CHN,DTP3_coverage_pct,85.0
2000-12-31,CHN,HepB3_coverage_pct,60.0
2000-12-31,CHN,MCV1_measles_coverage_pct,84.0
2000-12-31,CIV,BCG_coverage_pct,80.0
2000-12-31,CIV,DTP3_coverage_pct,65.0
2000-12-31,CIV,HepB3_coverage_pct,0.0
2000-12-31,CIV,MCV1_measles_coverage_pct,68.0
2000-12-31,CMR,BCG_coverage_pct,78.0
2000-12-31,CMR,DTP3_coverage_pct,62.0
2000-12-31,CMR,HepB3_coverage_pct,0.0
2000-12-31,CMR,MCV1_measles_coverage_pct,49.0
2000-12-31,COD,BCG_coverage_pct,36.0
2000-12-31,COD,DTP3_coverage_pct,30.0
2000-12-31,COD,HepB3_coverage_pct,0.0
2000-12-31,COD,MCV1_measles_coverage_pct,26.0
2000-12-31,COG,BCG_coverage_pct,50.0
2000-12-31,COG,DTP3_coverage_pct,33.0
2000-12-31,COG,HepB3_coverage_pct,0.0
2000-12-31,COG,MCV1_measles_coverage_pct,34.0
2000-12-31,COK,BCG_coverage_pct,99.0
2000-12-31,COK,DTP3_coverage_pct,92.0
2000-12-31,COK,HepB3_coverage_pct,98.0
2000-12-31,COK,MCV1_measles_coverage_pct,76.0
2000-12-31,COL,BCG_coverage_pct,91.0
2000-12-31,COL,DTP3_coverage_pct,79.0
2000-12-31,COL,HepB3_coverage_pct,78.0
2000-12-31,COL,MCV1_measles_coverage_pct,88.0
2000-12-31,COM,BCG_coverage_pct,90.0
2000-12-31,COM,DTP3_coverage_pct,70.0
2000-12-31,COM,HepB3_coverage_pct,0.0
2000-12-31,COM,MCV1_measles_coverage_pct,70.0
2000-12-31,CPV,BCG_coverage_pct,96.0
2000-12-31,CPV,DTP3_coverage_pct,90.0
2000-12-31,CPV,HepB3_coverage_pct,0.0
2000-12-31,CPV,MCV1_measles_coverage_pct,86.0
2000-12-31,CRI,BCG_coverage_pct,95.0
2000-12-31,CRI,DTP3_coverage_pct,88.0
2000-12-31,CRI,HepB3_coverage_pct,89.0
2000-12-31,CRI,MCV1_measles_coverage_pct,82.0
2000-12-31,CUB,BCG_coverage_pct,99.0
2000-12-31,CUB,DTP3_coverage_pct,95.0
2000-12-31,CUB,HepB3_coverage_pct,98.0
2000-12-31,CUB,MCV1_measles_coverage_pct,94.0
2000-12-31,CYP,DTP3_coverage_pct,97.0
2000-12-31,CYP,HepB3_coverage_pct,89.0
2000-12-31,CYP,MCV1_measles_coverage_pct,86.0
2000-12-31,CZE,BCG_coverage_pct,98.0
2000-12-31,CZE,DTP3_coverage_pct,98.0
2000-12-31,CZE,HepB3_coverage_pct,0.0
2000-12-31,CZE,MCV1_measles_coverage_pct,97.0
2000-12-31,DEU,DTP3_coverage_pct,90.0
2000-12-31,DEU,HepB3_coverage_pct,84.0
2000-12-31,DEU,MCV1_measles_coverage_pct,92.0
2000-12-31,DJI,BCG_coverage_pct,34.0
2000-12-31,DJI,DTP3_coverage_pct,46.0
2000-12-31,DJI,HepB3_coverage_pct,0.0
2000-12-31,DJI,MCV1_measles_coverage_pct,50.0
2000-12-31,DMA,BCG_coverage_pct,99.0
2000-12-31,DMA,DTP3_coverage_pct,99.0
2000-12-31,DMA,HepB3_coverage_pct,0.0
2000-12-31,DMA,MCV1_measles_coverage_pct,99.0
2000-12-31,DNK,DTP3_coverage_pct,97.0
2000-12-31,DNK,HepB3_coverage_pct,0.0
2000-12-31,DNK,MCV1_measles_coverage_pct,99.0
2000-12-31,DOM,BCG_coverage_pct,90.0
2000-12-31,DOM,DTP3_coverage_pct,78.0
2000-12-31,DOM,HepB3_coverage_pct,68.0
2000-12-31,DOM,MCV1_measles_coverage_pct,85.0
2000-12-31,DZA,BCG_coverage_pct,97.0
2000-12-31,DZA,DTP3_coverage_pct,86.0
2000-12-31,DZA,HepB3_coverage_pct,0.0
2000-12-31,DZA,MCV1_measles_coverage_pct,80.0
2000-12-31,ECU,BCG_coverage_pct,99.0
2000-12-31,ECU,DTP3_coverage_pct,87.0
2000-12-31,ECU,HepB3_coverage_pct,36.0
2000-12-31,ECU,MCV1_measles_coverage_pct,99.0
2000-12-31,EGY,BCG_coverage_pct,98.0
2000-12-31,EGY,DTP3_coverage_pct,98.0
2000-12-31,EGY,HepB3_coverage_pct,98.0
2000-12-31,EGY,MCV1_measles_coverage_pct,98.0
2000-12-31,ERI,BCG_coverage_pct,89.0
2000-12-31,ERI,DTP3_coverage_pct,81.0
2000-12-31,ERI,HepB3_coverage_pct,0.0
2000-12-31,ERI,MCV1_measles_coverage_pct,76.0
2000-12-31,ESP,DTP3_coverage_pct,95.0
2000-12-31,ESP,HepB3_coverage_pct,77.0
2000-12-31,ESP,MCV1_measles_coverage_pct,94.0
2000-12-31,EST,BCG_coverage_pct,99.0
2000-12-31,EST,DTP3_coverage_pct,93.0
2000-12-31,EST,HepB3_coverage_pct,0.0
2000-12-31,EST,MCV1_measles_coverage_pct,93.0
2000-12-31,ETH,BCG_coverage_pct,57.0
2000-12-31,ETH,DTP3_coverage_pct,30.0
2000-12-31,ETH,HepB3_coverage_pct,0.0
2000-12-31,ETH,MCV1_measles_coverage_pct,28.0
2000-12-31,FIN,BCG_coverage_pct,99.0
2000-12-31,FIN,DTP3_coverage_pct,99.0
2000-12-31,FIN,HepB3_coverage_pct,0.0
2000-12-31,FIN,MCV1_measles_coverage_pct,96.0
2000-12-31,FJI,BCG_coverage_pct,96.0
2000-12-31,FJI,DTP3_coverage_pct,90.0
2000-12-31,FJI,HepB3_coverage_pct,98.0
2000-12-31,FJI,MCV1_measles_coverage_pct,81.0
2000-12-31,FRA,BCG_coverage_pct,83.0
2000-12-31,FRA,DTP3_coverage_pct,97.0
2000-12-31,FRA,HepB3_coverage_pct,26.0
2000-12-31,FRA,MCV1_measles_coverage_pct,84.0
2000-12-31,FSM,BCG_coverage_pct,24.0
2000-12-31,FSM,DTP3_coverage_pct,85.0
2000-12-31,FSM,HepB3_coverage_pct,87.0
2000-12-31,FSM,MCV1_measles_coverage_pct,85.0
2000-12-31,GAB,BCG_coverage_pct,89.0
2000-12-31,GAB,DTP3_coverage_pct,45.0
2000-12-31,GAB,HepB3_coverage_pct,0.0
2000-12-31,GAB,MCV1_measles_coverage_pct,55.0
2000-12-31,GBR,DTP3_coverage_pct,91.0
2000-12-31,GBR,HepB3_coverage_pct,0.0
2000-12-31,GBR,MCV1_measles_coverage_pct,88.0
2000-12-31,GEO,BCG_coverage_pct,95.0
2000-12-31,GEO,DTP3_coverage_pct,80.0
2000-12-31,GEO,HepB3_coverage_pct,55.0
2000-12-31,GEO,MCV1_measles_coverage_pct,73.0
2000-12-31,GHA,BCG_coverage_pct,99.0
2000-12-31,GHA,DTP3_coverage_pct,88.0
2000-12-31,GHA,HepB3_coverage_pct,0.0
2000-12-31,GHA,MCV1_measles_coverage_pct,90.0
2000-12-31,GIN,BCG_coverage_pct,81.0
2000-12-31,GIN,DTP3_coverage_pct,46.0
2000-12-31,GIN,HepB3_coverage_pct,0.0
2000-12-31,GIN,MCV1_measles_coverage_pct,42.0
2000-12-31,GMB,BCG_coverage_pct,99.0
2000-12-31,GMB,DTP3_coverage_pct,80.0
2000-12-31,GMB,HepB3_coverage_pct,91.0
2000-12-31,GMB,MCV1_measles_coverage_pct,89.0
2000-12-31,GNB,BCG_coverage_pct,77.0
2000-12-31,GNB,DTP3_coverage_pct,49.0
2000-12-31,GNB,HepB3_coverage_pct,0.0
2000-12-31,GNB,MCV1_measles_coverage_pct,71.0
2000-12-31,GNQ,BCG_coverage_pct,73.0
2000-12-31,GNQ,DTP3_coverage_pct,35.0
2000-12-31,GNQ,HepB3_coverage_pct,0.0
2000-12-31,GNQ,MCV1_measles_coverage_pct,50.0
2000-12-31,GRC,DTP3_coverage_pct,89.0
2000-12-31,GRC,HepB3_coverage_pct,89.0
2000-12-31,GRC,MCV1_measles_coverage_pct,89.0
2000-12-31,GRD,DTP3_coverage_pct,97.0
2000-12-31,GRD,HepB3_coverage_pct,0.0
2000-12-31,GRD,MCV1_measles_coverage_pct,92.0
2000-12-31,GTM,BCG_coverage_pct,95.0
2000-12-31,GTM,DTP3_coverage_pct,81.0
2000-12-31,GTM,HepB3_coverage_pct,0.0
2000-12-31,GTM,MCV1_measles_coverage_pct,86.0
2000-12-31,GUY,BCG_coverage_pct,93.0
2000-12-31,GUY,DTP3_coverage_pct,88.0
2000-12-31,GUY,HepB3_coverage_pct,0.0
2000-12-31,GUY,MCV1_measles_coverage_pct,86.0
2000-12-31,HND,BCG_coverage_pct,99.0
2000-12-31,HND,DTP3_coverage_pct,94.0
2000-12-31,HND,HepB3_coverage_pct,93.0
2000-12-31,HND,MCV1_measles_coverage_pct,98.0
2000-12-31,HRV,BCG_coverage_pct,98.0
2000-12-31,HRV,DTP3_coverage_pct,93.0
2000-12-31,HRV,HepB3_coverage_pct,0.0
2000-12-31,HRV,MCV1_measles_coverage_pct,93.0
2000-12-31,HTI,BCG_coverage_pct,72.0
2000-12-31,HTI,DTP3_coverage_pct,44.0
2000-12-31,HTI,HepB3_coverage_pct,0.0
2000-12-31,HTI,MCV1_measles_coverage_pct,54.0
2000-12-31,HUN,BCG_coverage_pct,99.0
2000-12-31,HUN,DTP3_coverage_pct,99.0
2000-12-31,HUN,HepB3_coverage_pct,0.0
2000-12-31,HUN,MCV1_measles_coverage_pct,99.0
2000-12-31,IDN,BCG_coverage_pct,81.0
2000-12-31,IDN,DTP3_coverage_pct,75.0
2000-12-31,IDN,HepB3_coverage_pct,65.0
2000-12-31,IDN,MCV1_measles_coverage_pct,76.0
2000-12-31,IND,BCG_coverage_pct,74.0
2000-12-31,IND,DTP3_coverage_pct,58.0
2000-12-31,IND,HepB3_coverage_pct,0.0
2000-12-31,IND,MCV1_measles_coverage_pct,56.0
2000-12-31,IRL,BCG_coverage_pct,89.0
2000-12-31,IRL,DTP3_coverage_pct,86.0
2000-12-31,IRL,HepB3_coverage_pct,0.0
2000-12-31,IRL,MCV1_measles_coverage_pct,79.0
2000-12-31,IRN,BCG_coverage_pct,99.0
2000-12-31,IRN,DTP3_coverage_pct,99.0
2000-12-31,IRN,HepB3_coverage_pct,99.0
2000-12-31,IRN,MCV1_measles_coverage_pct,99.0
2000-12-31,IRQ,BCG_coverage_pct,93.0
2000-12-31,IRQ,DTP3_coverage_pct,80.0
2000-12-31,IRQ,HepB3_coverage_pct,67.0
2000-12-31,IRQ,MCV1_measles_coverage_pct,86.0
2000-12-31,ISL,DTP3_coverage_pct,98.0
2000-12-31,ISL,HepB3_coverage_pct,0.0
2000-12-31,ISL,MCV1_measles_coverage_pct,91.0
2000-12-31,ISR,DTP3_coverage_pct,93.0
2000-12-31,ISR,HepB3_coverage_pct,98.0
2000-12-31,ISR,MCV1_measles_coverage_pct,95.0
2000-12-31,ITA,DTP3_coverage_pct,87.0
2000-12-31,ITA,HepB3_coverage_pct,94.0
2000-12-31,ITA,MCV1_measles_coverage_pct,74.0
2000-12-31,JAM,BCG_coverage_pct,94.0
2000-12-31,JAM,DTP3_coverage_pct,93.0
2000-12-31,JAM,HepB3_coverage_pct,0.0
2000-12-31,JAM,MCV1_measles_coverage_pct,88.0
2000-12-31,JOR,DTP3_coverage_pct,91.0
2000-12-31,JOR,HepB3_coverage_pct,93.0
2000-12-31,JOR,MCV1_measles_coverage_pct,94.0
2000-12-31,JPN,DTP3_coverage_pct,85.0
2000-12-31,JPN,HepB3_coverage_pct,0.0
2000-12-31,JPN,MCV1_measles_coverage_pct,96.0
2000-12-31,KAZ,BCG_coverage_pct,98.0
2000-12-31,KAZ,DTP3_coverage_pct,97.0
2000-12-31,KAZ,HepB3_coverage_pct,99.0
2000-12-31,KAZ,MCV1_measles_coverage_pct,99.0
2000-12-31,KEN,BCG_coverage_pct,93.0
2000-12-31,KEN,DTP3_coverage_pct,82.0
2000-12-31,KEN,HepB3_coverage_pct,0.0
2000-12-31,KEN,MCV1_measles_coverage_pct,78.0
2000-12-31,KGZ,BCG_coverage_pct,96.0
2000-12-31,KGZ,DTP3_coverage_pct,99.0
2000-12-31,KGZ,HepB3_coverage_pct,44.0
2000-12-31,KGZ,MCV1_measles_coverage_pct,98.0
2000-12-31,KHM,BCG_coverage_pct,81.0
2000-12-31,KHM,DTP3_coverage_pct,59.0
2000-12-31,KHM,HepB3_coverage_pct,0.0
2000-12-31,KHM,MCV1_measles_coverage_pct,65.0
2000-12-31,KIR,BCG_coverage_pct,80.0
2000-12-31,KIR,DTP3_coverage_pct,90.0
2000-12-31,KIR,HepB3_coverage_pct,90.0
2000-12-31,KIR,MCV1_measles_coverage_pct,80.0
2000-12-31,KNA,BCG_coverage_pct,99.0
2000-12-31,KNA,DTP3_coverage_pct,99.0
2000-12-31,KNA,HepB3_coverage_pct,99.0
2000-12-31,KNA,MCV1_measles_coverage_pct,99.0
2000-12-31,KOR,BCG_coverage_pct,73.0
2000-12-31,KOR,DTP3_coverage_pct,97.0
2000-12-31,KOR,HepB3_coverage_pct,93.0
2000-12-31,KOR,MCV1_measles_coverage_pct,95.0
2000-12-31,KWT,DTP3_coverage_pct,98.0
2000-12-31,KWT,HepB3_coverage_pct,95.0
2000-12-31,KWT,MCV1_measles_coverage_pct,99.0
2000-12-31,LAO,BCG_coverage_pct,69.0
2000-12-31,LAO,DTP3_coverage_pct,51.0
2000-12-31,LAO,HepB3_coverage_pct,0.0
2000-12-31,LAO,MCV1_measles_coverage_pct,42.0
2000-12-31,LBN,DTP3_coverage_pct,83.0
2000-12-31,LBN,HepB3_coverage_pct,83.0
2000-12-31,LBN,MCV1_measles_coverage_pct,71.0
2000-12-31,LBR,BCG_coverage_pct,78.0
2000-12-31,LBR,DTP3_coverage_pct,48.0
2000-12-31,LBR,HepB3_coverage_pct,0.0
2000-12-31,LBR,MCV1_measles_coverage_pct,63.0
2000-12-31,LBY,BCG_coverage_pct,98.0
2000-12-31,LBY,DTP3_coverage_pct,94.0
2000-12-31,LBY,HepB3_coverage_pct,92.0
2000-12-31,LBY,MCV1_measles_coverage_pct,93.0
2000-12-31,LCA,BCG_coverage_pct,91.0
2000-12-31,LCA,DTP3_coverage_pct,70.0
2000-12-31,LCA,HepB3_coverage_pct,0.0
2000-12-31,LCA,MCV1_measles_coverage_pct,88.0
2000-12-31,LKA,BCG_coverage_pct,98.0
2000-12-31,LKA,DTP3_coverage_pct,99.0
2000-12-31,LKA,HepB3_coverage_pct,0.0
2000-12-31,LKA,MCV1_measles_coverage_pct,99.0
2000-12-31,LSO,BCG_coverage_pct,88.0
2000-12-31,LSO,DTP3_coverage_pct,84.0
2000-12-31,LSO,HepB3_coverage_pct,0.0
2000-12-31,LSO,MCV1_measles_coverage_pct,74.0
2000-12-31,LTU,BCG_coverage_pct,99.0
2000-12-31,LTU,DTP3_coverage_pct,94.0
2000-12-31,LTU,HepB3_coverage_pct,98.0
2000-12-31,LTU,MCV1_measles_coverage_pct,97.0
2000-12-31,LUX,DTP3_coverage_pct,99.0
2000-12-31,LUX,HepB3_coverage_pct,77.0
2000-12-31,LUX,MCV1_measles_coverage_pct,93.0
2000-12-31,LVA,BCG_coverage_pct,99.0
2000-12-31,LVA,DTP3_coverage_pct,96.0
2000-12-31,LVA,HepB3_coverage_pct,95.0
2000-12-31,LVA,MCV1_measles_coverage_pct,97.0
2000-12-31,MAR,BCG_coverage_pct,97.0
2000-12-31,MAR,DTP3_coverage_pct,95.0
2000-12-31,MAR,HepB3_coverage_pct,43.0
2000-12-31,MAR,MCV1_measles_coverage_pct,93.0
2000-12-31,MCO,BCG_coverage_pct,97.0
2000-12-31,MCO,DTP3_coverage_pct,99.0
2000-12-31,MCO,HepB3_coverage_pct,99.0
2000-12-31,MCO,MCV1_measles_coverage_pct,98.0
2000-12-31,MDA,BCG_coverage_pct,99.0
2000-12-31,MDA,DTP3_coverage_pct,95.0
2000-12-31,MDA,HepB3_coverage_pct,92.0
2000-12-31,MDA,MCV1_measles_coverage_pct,89.0
2000-12-31,MDG,BCG_coverage_pct,72.0
2000-12-31,MDG,DTP3_coverage_pct,57.0
2000-12-31,MDG,HepB3_coverage_pct,0.0
2000-12-31,MDG,MCV1_measles_coverage_pct,57.0
2000-12-31,MDV,BCG_coverage_pct,99.0
2000-12-31,MDV,DTP3_coverage_pct,98.0
2000-12-31,MDV,HepB3_coverage_pct,96.0
2000-12-31,MDV,MCV1_measles_coverage_pct,99.0
2000-12-31,MEX,BCG_coverage_pct,99.0
2000-12-31,MEX,DTP3_coverage_pct,97.0
2000-12-31,MEX,HepB3_coverage_pct,97.0
2000-12-31,MEX,MCV1_measles_coverage_pct,96.0
2000-12-31,MHL,BCG_coverage_pct,89.0
2000-12-31,MHL,DTP3_coverage_pct,39.0
2000-12-31,MHL,HepB3_coverage_pct,38.0
2000-12-31,MHL,MCV1_measles_coverage_pct,94.0
2000-12-31,MKD,BCG_coverage_pct,97.0
2000-12-31,MKD,DTP3_coverage_pct,95.0
2000-12-31,MKD,HepB3_coverage_pct,0.0
2000-12-31,MKD,MCV1_measles_coverage_pct,97.0
2000-12-31,MLI,BCG_coverage_pct,69.0
2000-12-31,MLI,DTP3_coverage_pct,43.0
2000-12-31,MLI,HepB3_coverage_pct,0.0
2000-12-31,MLI,MCV1_measles_coverage_pct,49.0
2000-12-31,MLT,DTP3_coverage_pct,94.0
2000-12-31,MLT,HepB3_coverage_pct,0.0
2000-12-31,MLT,MCV1_measles_coverage_pct,74.0
2000-12-31,MMR,BCG_coverage_pct,88.0
2000-12-31,MMR,DTP3_coverage_pct,82.0
2000-12-31,MMR,HepB3_coverage_pct,0.0
2000-12-31,MMR,MCV1_measles_coverage_pct,84.0
2000-12-31,MNG,BCG_coverage_pct,97.0
2000-12-31,MNG,DTP3_coverage_pct,94.0
2000-12-31,MNG,HepB3_coverage_pct,93.0
2000-12-31,MNG,MCV1_measles_coverage_pct,92.0
2000-12-31,MOZ,BCG_coverage_pct,84.0
2000-12-31,MOZ,DTP3_coverage_pct,70.0
2000-12-31,MOZ,HepB3_coverage_pct,0.0
2000-12-31,MOZ,MCV1_measles_coverage_pct,71.0
2000-12-31,MRT,BCG_coverage_pct,78.0
2000-12-31,MRT,DTP3_coverage_pct,51.0
2000-12-31,MRT,HepB3_coverage_pct,0.0
2000-12-31,MRT,MCV1_measles_coverage_pct,46.0
2000-12-31,MUS,BCG_coverage_pct,88.0
2000-12-31,MUS,DTP3_coverage_pct,88.0
2000-12-31,MUS,HepB3_coverage_pct,88.0
2000-12-31,MUS,MCV1_measles_coverage_pct,84.0
2000-12-31,MWI,BCG_coverage_pct,83.0
2000-12-31,MWI,DTP3_coverage_pct,75.0
2000-12-31,MWI,HepB3_coverage_pct,0.0
2000-12-31,MWI,MCV1_measles_coverage_pct,73.0
2000-12-31,MYS,BCG_coverage_pct,99.0
2000-12-31,MYS,DTP3_coverage_pct,98.0
2000-12-31,MYS,HepB3_coverage_pct,97.0
2000-12-31,MYS,MCV1_measles_coverage_pct,96.0
2000-12-31,NAM,BCG_coverage_pct,77.0
2000-12-31,NAM,DTP3_coverage_pct,79.0
2000-12-31,NAM,HepB3_coverage_pct,0.0
2000-12-31,NAM,MCV1_measles_coverage_pct,69.0
2000-12-31,NER,BCG_coverage_pct,50.0
2000-12-31,NER,DTP3_coverage_pct,34.0
2000-12-31,NER,HepB3_coverage_pct,0.0
2000-12-31,NER,MCV1_measles_coverage_pct,37.0
2000-12-31,NGA,BCG_coverage_pct,44.0
2000-12-31,NGA,DTP3_coverage_pct,29.0
2000-12-31,NGA,HepB3_coverage_pct,0.0
2000-12-31,NGA,MCV1_measles_coverage_pct,33.0
2000-12-31,NIC,BCG_coverage_pct,96.0
2000-12-31,NIC,DTP3_coverage_pct,83.0
2000-12-31,NIC,HepB3_coverage_pct,83.0
2000-12-31,NIC,MCV1_measles_coverage_pct,86.0
2000-12-31,NIU,BCG_coverage_pct,99.0
2000-12-31,NIU,DTP3_coverage_pct,99.0
2000-12-31,NIU,HepB3_coverage_pct,99.0
2000-12-31,NIU,MCV1_measles_coverage_pct,99.0
2000-12-31,NLD,DTP3_coverage_pct,97.0
2000-12-31,NLD,HepB3_coverage_pct,0.0
2000-12-31,NLD,MCV1_measles_coverage_pct,96.0
2000-12-31,NOR,DTP3_coverage_pct,90.0
2000-12-31,NOR,HepB3_coverage_pct,0.0
2000-12-31,NOR,MCV1_measles_coverage_pct,88.0
2000-12-31,NPL,BCG_coverage_pct,85.0
2000-12-31,NPL,DTP3_coverage_pct,74.0
2000-12-31,NPL,HepB3_coverage_pct,0.0
2000-12-31,NPL,MCV1_measles_coverage_pct,71.0
2000-12-31,NRU,BCG_coverage_pct,93.0
2000-12-31,NRU,DTP3_coverage_pct,44.0
2000-12-31,NRU,HepB3_coverage_pct,58.0
2000-12-31,NRU,MCV1_measles_coverage_pct,8.0
2000-12-31,NZL,DTP3_coverage_pct,90.0
2000-12-31,NZL,HepB3_coverage_pct,90.0
2000-12-31,NZL,MCV1_measles_coverage_pct,85.0
2000-12-31,OMN,BCG_coverage_pct,98.0
2000-12-31,OMN,DTP3_coverage_pct,99.0
2000-12-31,OMN,HepB3_coverage_pct,99.0
2000-12-31,OMN,MCV1_measles_coverage_pct,99.0
2000-12-31,PAK,BCG_coverage_pct,69.0
2000-12-31,PAK,DTP3_coverage_pct,59.0
2000-12-31,PAK,HepB3_coverage_pct,0.0
2000-12-31,PAK,MCV1_measles_coverage_pct,57.0
2000-12-31,PAN,BCG_coverage_pct,99.0
2000-12-31,PAN,DTP3_coverage_pct,98.0
2000-12-31,PAN,HepB3_coverage_pct,0.0
2000-12-31,PAN,MCV1_measles_coverage_pct,97.0
2000-12-31,PER,BCG_coverage_pct,93.0
2000-12-31,PER,DTP3_coverage_pct,98.0
2000-12-31,PER,HepB3_coverage_pct,0.0
2000-12-31,PER,MCV1_measles_coverage_pct,97.0
2000-12-31,PHL,BCG_coverage_pct,92.0
2000-12-31,PHL,DTP3_coverage_pct,78.0
2000-12-31,PHL,HepB3_coverage_pct,7.0
2000-12-31,PHL,MCV1_measles_coverage_pct,78.0
2000-12-31,PLW,DTP3_coverage_pct,96.0
2000-12-31,PLW,HepB3_coverage_pct,96.0
2000-12-31,PLW,MCV1_measles_coverage_pct,83.0
2000-12-31,PNG,BCG_coverage_pct,88.0
2000-12-31,PNG,DTP3_coverage_pct,59.0
2000-12-31,PNG,HepB3_coverage_pct,57.0
2000-12-31,PNG,MCV1_measles_coverage_pct,69.0
2000-12-31,POL,BCG_coverage_pct,96.0
2000-12-31,POL,DTP3_coverage_pct,98.0
2000-12-31,POL,HepB3_coverage_pct,99.0
2000-12-31,POL,MCV1_measles_coverage_pct,97.0
2000-12-31,PRK,BCG_coverage_pct,78.0
2000-12-31,PRK,DTP3_coverage_pct,56.0
2000-12-31,PRK,HepB3_coverage_pct,0.0
2000-12-31,PRK,MCV1_measles_coverage_pct,78.0
2000-12-31,PRT,BCG_coverage_pct,82.0
2000-12-31,PRT,DTP3_coverage_pct,96.0
2000-12-31,PRT,HepB3_coverage_pct,58.0
2000-12-31,PRT,MCV1_measles_coverage_pct,87.0
2000-12-31,PRY,BCG_coverage_pct,85.0
2000-12-31,PRY,DTP3_coverage_pct,86.0
2000-12-31,PRY,HepB3_coverage_pct,0.0
2000-12-31,PRY,MCV1_measles_coverage_pct,92.0
2000-12-31,PSE,BCG_coverage_pct,92.0
2000-12-31,PSE,DTP3_coverage_pct,93.0
2000-12-31,PSE,HepB3_coverage_pct,95.0
2000-12-31,PSE,MCV1_measles_coverage_pct,93.0
2000-12-31,QAT,BCG_coverage_pct,99.0
2000-12-31,QAT,DTP3_coverage_pct,80.0
2000-12-31,QAT,HepB3_coverage_pct,89.0
2000-12-31,QAT,MCV1_measles_coverage_pct,91.0
2000-12-31,ROU,BCG_coverage_pct,99.0
2000-12-31,ROU,DTP3_coverage_pct,99.0
2000-12-31,ROU,HepB3_coverage_pct,98.0
2000-12-31,ROU,MCV1_measles_coverage_pct,98.0
2000-12-31,RUS,BCG_coverage_pct,96.0
2000-12-31,RUS,DTP3_coverage_pct,96.0
2000-12-31,RUS,HepB3_coverage_pct,0.0
2000-12-31,RUS,MCV1_measles_coverage_pct,97.0
2000-12-31,RWA,BCG_coverage_pct,84.0
2000-12-31,RWA,DTP3_coverage_pct,90.0
2000-12-31,RWA,HepB3_coverage_pct,0.0
2000-12-31,RWA,MCV1_measles_coverage_pct,74.0
2000-12-31,SAU,BCG_coverage_pct,94.0
2000-12-31,SAU,DTP3_coverage_pct,95.0
2000-12-31,SAU,HepB3_coverage_pct,93.0
2000-12-31,SAU,MCV1_measles_coverage_pct,94.0
2000-12-31,SDN,BCG_coverage_pct,56.0
2000-12-31,SDN,DTP3_coverage_pct,62.0
2000-12-31,SDN,HepB3_coverage_pct,0.0
2000-12-31,SDN,MCV1_measles_coverage_pct,58.0
2000-12-31,SEN,BCG_coverage_pct,89.0
2000-12-31,SEN,DTP3_coverage_pct,52.0
2000-12-31,SEN,HepB3_coverage_pct,0.0
2000-12-31,SEN,MCV1_measles_coverage_pct,48.0
2000-12-31,SGP,BCG_coverage_pct,99.0
2000-12-31,SGP,DTP3_coverage_pct,98.0
2000-12-31,SGP,HepB3_coverage_pct,97.0
2000-12-31,SGP,MCV1_measles_coverage_pct,96.0
2000-12-31,SLB,BCG_coverage_pct,99.0
2000-12-31,SLB,DTP3_coverage_pct,86.0
2000-12-31,SLB,HepB3_coverage_pct,81.0
2000-12-31,SLB,MCV1_measles_coverage_pct,91.0
2000-12-31,SLE,BCG_coverage_pct,74.0
2000-12-31,SLE,DTP3_coverage_pct,44.0
2000-12-31,SLE,HepB3_coverage_pct,0.0
2000-12-31,SLE,MCV1_measles_coverage_pct,37.0
2000-12-31,SLV,BCG_coverage_pct,99.0
2000-12-31,SLV,DTP3_coverage_pct,99.0
2000-12-31,SLV,HepB3_coverage_pct,99.0
2000-12-31,SLV,MCV1_measles_coverage_pct,97.0
2000-12-31,SMR,DTP3_coverage_pct,98.0
2000-12-31,SMR,HepB3_coverage_pct,97.0
2000-12-31,SMR,MCV1_measles_coverage_pct,99.0
2000-12-31,SOM,BCG_coverage_pct,69.0
2000-12-31,SOM,DTP3_coverage_pct,33.0
2000-12-31,SOM,HepB3_coverage_pct,0.0
2000-12-31,SOM,MCV1_measles_coverage_pct,24.0
2000-12-31,SRB,BCG_coverage_pct,85.0
2000-12-31,SRB,DTP3_coverage_pct,95.0
2000-12-31,SRB,HepB3_coverage_pct,0.0
2000-12-31,SRB,MCV1_measles_coverage_pct,89.0
2000-12-31,STP,BCG_coverage_pct,81.0
2000-12-31,STP,DTP3_coverage_pct,82.0
2000-12-31,STP,HepB3_coverage_pct,0.0
2000-12-31,STP,MCV1_measles_coverage_pct,69.0
2000-12-31,SUR,DTP3_coverage_pct,71.0
2000-12-31,SUR,HepB3_coverage_pct,0.0
2000-12-31,SUR,MCV1_measles_coverage_pct,84.0
2000-12-31,SVK,BCG_coverage_pct,94.0
2000-12-31,SVK,DTP3_coverage_pct,99.0
2000-12-31,SVK,HepB3_coverage_pct,98.0
2000-12-31,SVK,MCV1_measles_coverage_pct,98.0
2000-12-31,SVN,BCG_coverage_pct,98.0
2000-12-31,SVN,DTP3_coverage_pct,91.0
2000-12-31,SVN,HepB3_coverage_pct,0.0
2000-12-31,SVN,MCV1_measles_coverage_pct,95.0
2000-12-31,SWE,BCG_coverage_pct,16.0
2000-12-31,SWE,DTP3_coverage_pct,99.0
2000-12-31,SWE,HepB3_coverage_pct,0.0
2000-12-31,SWE,MCV1_measles_coverage_pct,91.0
2000-12-31,SWZ,BCG_coverage_pct,88.0
2000-12-31,SWZ,DTP3_coverage_pct,84.0
2000-12-31,SWZ,HepB3_coverage_pct,83.0
2000-12-31,SWZ,MCV1_measles_coverage_pct,92.0
2000-12-31,SYC,BCG_coverage_pct,99.0
2000-12-31,SYC,DTP3_coverage_pct,98.0
2000-12-31,SYC,HepB3_coverage_pct,97.0
2000-12-31,SYC,MCV1_measles_coverage_pct,97.0
2000-12-31,SYR,BCG_coverage_pct,91.0
2000-12-31,SYR,DTP3_coverage_pct,86.0
2000-12-31,SYR,HepB3_coverage_pct,79.0
2000-12-31,SYR,MCV1_measles_coverage_pct,84.0
2000-12-31,TCD,BCG_coverage_pct,49.0
2000-12-31,TCD,DTP3_coverage_pct,38.0
2000-12-31,TCD,HepB3_coverage_pct,0.0
2000-12-31,TCD,MCV1_measles_coverage_pct,28.0
2000-12-31,TGO,BCG_coverage_pct,84.0
2000-12-31,TGO,DTP3_coverage_pct,64.0
2000-12-31,TGO,HepB3_coverage_pct,0.0
2000-12-31,TGO,MCV1_measles_coverage_pct,58.0
2000-12-31,THA,BCG_coverage_pct,99.0
2000-12-31,THA,DTP3_coverage_pct,97.0
2000-12-31,THA,HepB3_coverage_pct,95.0
2000-12-31,THA,MCV1_measles_coverage_pct,94.0
2000-12-31,TJK,BCG_coverage_pct,98.0
2000-12-31,TJK,DTP3_coverage_pct,83.0
2000-12-31,TJK,HepB3_coverage_pct,0.0
2000-12-31,TJK,MCV1_measles_coverage_pct,88.0
2000-12-31,TKM,BCG_coverage_pct,99.0
2000-12-31,TKM,DTP3_coverage_pct,97.0
2000-12-31,TKM,HepB3_coverage_pct,0.0
2000-12-31,TKM,MCV1_measles_coverage_pct,96.0
2000-12-31,TON,BCG_coverage_pct,99.0
2000-12-31,TON,DTP3_coverage_pct,95.0
2000-12-31,TON,HepB3_coverage_pct,97.0
2000-12-31,TON,MCV1_measles_coverage_pct,95.0
2000-12-31,TTO,DTP3_coverage_pct,90.0
2000-12-31,TTO,HepB3_coverage_pct,0.0
2000-12-31,TTO,MCV1_measles_coverage_pct,90.0
2000-12-31,TUN,BCG_coverage_pct,95.0
2000-12-31,TUN,DTP3_coverage_pct,97.0
2000-12-31,TUN,HepB3_coverage_pct,94.0
2000-12-31,TUN,MCV1_measles_coverage_pct,95.0
2000-12-31,TUR,BCG_coverage_pct,96.0
2000-12-31,TUR,DTP3_coverage_pct,85.0
2000-12-31,TUR,HepB3_coverage_pct,71.0
2000-12-31,TUR,MCV1_measles_coverage_pct,87.0
2000-12-31,TUV,BCG_coverage_pct,99.0
2000-12-31,TUV,DTP3_coverage_pct,82.0
2000-12-31,TUV,HepB3_coverage_pct,81.0
2000-12-31,TUV,MCV1_measles_coverage_pct,81.0
2000-12-31,TZA,BCG_coverage_pct,86.0
2000-12-31,TZA,DTP3_coverage_pct,79.0
2000-12-31,TZA,HepB3_coverage_pct,0.0
2000-12-31,TZA,MCV1_measles_coverage_pct,78.0
2000-12-31,UGA,BCG_coverage_pct,82.0
2000-12-31,UGA,DTP3_coverage_pct,52.0
2000-12-31,UGA,HepB3_coverage_pct,0.0
2000-12-31,UGA,MCV1_measles_coverage_pct,57.0
2000-12-31,UKR,BCG_coverage_pct,98.0
2000-12-31,UKR,DTP3_coverage_pct,99.0
2000-12-31,UKR,HepB3_coverage_pct,4.0
2000-12-31,UKR,MCV1_measles_coverage_pct,99.0
2000-12-31,URY,BCG_coverage_pct,99.0
2000-12-31,URY,DTP3_coverage_pct,90.0
2000-12-31,URY,HepB3_coverage_pct,92.0
2000-12-31,URY,MCV1_measles_coverage_pct,89.0
2000-12-31,USA,DTP3_coverage_pct,94.0
2000-12-31,USA,HepB3_coverage_pct,90.0
2000-12-31,USA,MCV1_measles_coverage_pct,91.0
2000-12-31,UZB,BCG_coverage_pct,98.0
2000-12-31,UZB,DTP3_coverage_pct,99.0
2000-12-31,UZB,HepB3_coverage_pct,0.0
2000-12-31,UZB,MCV1_measles_coverage_pct,99.0
2000-12-31,VCT,BCG_coverage_pct,99.0
2000-12-31,VCT,DTP3_coverage_pct,98.0
2000-12-31,VCT,HepB3_coverage_pct,0.0
2000-12-31,VCT,MCV1_measles_coverage_pct,96.0
2000-12-31,VEN,BCG_coverage_pct,99.0
2000-12-31,VEN,DTP3_coverage_pct,77.0
2000-12-31,VEN,HepB3_coverage_pct,5.0
2000-12-31,VEN,MCV1_measles_coverage_pct,84.0
2000-12-31,VNM,BCG_coverage_pct,98.0
2000-12-31,VNM,DTP3_coverage_pct,96.0
2000-12-31,VNM,HepB3_coverage_pct,0.0
2000-12-31,VNM,MCV1_measles_coverage_pct,97.0
2000-12-31,VUT,BCG_coverage_pct,79.0
2000-12-31,VUT,DTP3_coverage_pct,71.0
2000-12-31,VUT,HepB3_coverage_pct,70.0
2000-12-31,VUT,MCV1_measles_coverage_pct,61.0
2000-12-31,WSM,BCG_coverage_pct,97.0
2000-12-31,WSM,DTP3_coverage_pct,98.0
2000-12-31,WSM,HepB3_coverage_pct,93.0
2000-12-31,WSM,MCV1_measles_coverage_pct,93.0
2000-12-31,YEM,BCG_coverage_pct,82.0
2000-12-31,YEM,DTP3_coverage_pct,74.0
2000-12-31,YEM,HepB3_coverage_pct,14.0
2000-12-31,YEM,MCV1_measles_coverage_pct,70.0
2000-12-31,ZAF,BCG_coverage_pct,89.0
2000-12-31,ZAF,DTP3_coverage_pct,73.0
2000-12-31,ZAF,HepB3_coverage_pct,73.0
2000-12-31,ZAF,MCV1_measles_coverage_pct,72.0
2000-12-31,ZMB,BCG_coverage_pct,94.0
2000-12-31,ZMB,DTP3_coverage_pct,85.0
2000-12-31,ZMB,HepB3_coverage_pct,0.0
2000-12-31,ZMB,MCV1_measles_coverage_pct,85.0
2000-12-31,ZWE,BCG_coverage_pct,84.0
2000-12-31,ZWE,DTP3_coverage_pct,78.0
2000-12-31,ZWE,HepB3_coverage_pct,79.0
2000-12-31,ZWE,MCV1_measles_coverage_pct,75.0
2001-12-31,AFG,BCG_coverage_pct,43.0
2001-12-31,AFG,DTP3_coverage_pct,33.0
2001-12-31,AFG,HepB3_coverage_pct,0.0
2001-12-31,AFG,MCV1_measles_coverage_pct,37.0
2001-12-31,AGO,BCG_coverage_pct,72.0
2001-12-31,AGO,DTP3_coverage_pct,42.0
2001-12-31,AGO,HepB3_coverage_pct,0.0
2001-12-31,AGO,MCV1_measles_coverage_pct,72.0
2001-12-31,ALB,BCG_coverage_pct,93.0
2001-12-31,ALB,DTP3_coverage_pct,97.0
2001-12-31,ALB,HepB3_coverage_pct,96.0
2001-12-31,ALB,MCV1_measles_coverage_pct,95.0
2001-12-31,AND,DTP3_coverage_pct,96.0
2001-12-31,AND,HepB3_coverage_pct,84.0
2001-12-31,AND,MCV1_measles_coverage_pct,97.0
2001-12-31,ARE,BCG_coverage_pct,98.0
2001-12-31,ARE,DTP3_coverage_pct,94.0
2001-12-31,ARE,HepB3_coverage_pct,92.0
2001-12-31,ARE,MCV1_measles_coverage_pct,94.0
2001-12-31,ARG,BCG_coverage_pct,92.0
2001-12-31,ARG,DTP3_coverage_pct,83.0
2001-12-31,ARG,HepB3_coverage_pct,0.0
2001-12-31,ARG,MCV1_measles_coverage_pct,89.0
2001-12-31,ARM,BCG_coverage_pct,96.0
2001-12-31,ARM,DTP3_coverage_pct,94.0
2001-12-31,ARM,HepB3_coverage_pct,69.0
2001-12-31,ARM,MCV1_measles_coverage_pct,93.0
2001-12-31,ATG,DTP3_coverage_pct,97.0
2001-12-31,ATG,HepB3_coverage_pct,96.0
2001-12-31,ATG,MCV1_measles_coverage_pct,97.0
2001-12-31,AUS,DTP3_coverage_pct,92.0
2001-12-31,AUS,HepB3_coverage_pct,94.0
2001-12-31,AUS,MCV1_measles_coverage_pct,92.0
2001-12-31,AUT,DTP3_coverage_pct,84.0
2001-12-31,AUT,HepB3_coverage_pct,44.0
2001-12-31,AUT,MCV1_measles_coverage_pct,79.0
2001-12-31,AZE,BCG_coverage_pct,83.0
2001-12-31,AZE,DTP3_coverage_pct,77.0
2001-12-31,AZE,HepB3_coverage_pct,0.0
2001-12-31,AZE,MCV1_measles_coverage_pct,68.0
2001-12-31,BDI,BCG_coverage_pct,87.0
2001-12-31,BDI,DTP3_coverage_pct,81.0
2001-12-31,BDI,HepB3_coverage_pct,0.0
2001-12-31,BDI,MCV1_measles_coverage_pct,73.0
2001-12-31,BEL,DTP3_coverage_pct,95.0
2001-12-31,BEL,HepB3_coverage_pct,60.0
2001-12-31,BEL,MCV1_measles_coverage_pct,82.0
2001-12-31,BEN,BCG_coverage_pct,91.0
2001-12-31,BEN,DTP3_coverage_pct,76.0
2001-12-31,BEN,HepB3_coverage_pct,0.0
2001-12-31,BEN,MCV1_measles_coverage_pct,68.0
2001-12-31,BFA,BCG_coverage_pct,80.0
2001-12-31,BFA,DTP3_coverage_pct,62.0
2001-12-31,BFA,HepB3_coverage_pct,0.0
2001-12-31,BFA,MCV1_measles_coverage_pct,63.0
2001-12-31,BGD,BCG_coverage_pct,95.0
2001-12-31,BGD,DTP3_coverage_pct,85.0
2001-12-31,BGD,HepB3_coverage_pct,0.0
2001-12-31,BGD,MCV1_measles_coverage_pct,77.0
2001-12-31,BGR,BCG_coverage_pct,98.0
2001-12-31,BGR,DTP3_coverage_pct,94.0
2001-12-31,BGR,HepB3_coverage_pct,93.0
2001-12-31,BGR,MCV1_measles_coverage_pct,90.0
2001-12-31,BHR,DTP3_coverage_pct,99.0
2001-12-31,BHR,HepB3_coverage_pct,99.0
2001-12-31,BHR,MCV1_measles_coverage_pct,98.0
2001-12-31,BHS,DTP3_coverage_pct,99.0
2001-12-31,BHS,HepB3_coverage_pct,21.0
2001-12-31,BHS,MCV1_measles_coverage_pct,94.0
2001-12-31,BIH,BCG_coverage_pct,95.0
2001-12-31,BIH,DTP3_coverage_pct,91.0
2001-12-31,BIH,HepB3_coverage_pct,0.0
2001-12-31,BIH,MCV1_measles_coverage_pct,92.0
2001-12-31,BLR,BCG_coverage_pct,99.0
2001-12-31,BLR,DTP3_coverage_pct,99.0
2001-12-31,BLR,HepB3_coverage_pct,93.0
2001-12-31,BLR,MCV1_measles_coverage_pct,99.0
2001-12-31,BLZ,BCG_coverage_pct,98.0
2001-12-31,BLZ,DTP3_coverage_pct,96.0
2001-12-31,BLZ,HepB3_coverage_pct,96.0
2001-12-31,BLZ,MCV1_measles_coverage_pct,94.0
2001-12-31,BOL,BCG_coverage_pct,90.0
2001-12-31,BOL,DTP3_coverage_pct,71.0
2001-12-31,BOL,HepB3_coverage_pct,77.0
2001-12-31,BOL,MCV1_measles_coverage_pct,88.0
2001-12-31,BRA,BCG_coverage_pct,99.0
2001-12-31,BRA,DTP3_coverage_pct,98.0
2001-12-31,BRA,HepB3_coverage_pct,91.0
2001-12-31,BRA,MCV1_measles_coverage_pct,99.0
2001-12-31,BRB,DTP3_coverage_pct,84.0
2001-12-31,BRB,HepB3_coverage_pct,18.0
2001-12-31,BRB,MCV1_measles_coverage_pct,93.0
2001-12-31,BRN,BCG_coverage_pct,99.0
2001-12-31,BRN,DTP3_coverage_pct,97.0
2001-12-31,BRN,HepB3_coverage_pct,99.0
2001-12-31,BRN,MCV1_measles_coverage_pct,99.0
2001-12-31,BTN,BCG_coverage_pct,81.0
2001-12-31,BTN,DTP3_coverage_pct,88.0
2001-12-31,BTN,HepB3_coverage_pct,89.0
2001-12-31,BTN,MCV1_measles_coverage_pct,78.0
2001-12-31,BWA,BCG_coverage_pct,99.0
2001-12-31,BWA,DTP3_coverage_pct,97.0
2001-12-31,BWA,HepB3_coverage_pct,87.0
2001-12-31,BWA,MCV1_measles_coverage_pct,91.0
2001-12-31,CAF,BCG_coverage_pct,70.0
2001-12-31,CAF,DTP3_coverage_pct,40.0
2001-12-31,CAF,HepB3_coverage_pct,0.0
2001-12-31,CAF,MCV1_measles_coverage_pct,35.0
2001-12-31,CAN,DTP3_coverage_pct,89.0
2001-12-31,CAN,HepB3_coverage_pct,0.0
2001-12-31,CAN,MCV1_measles_coverage_pct,95.0
2001-12-31,CHE,DTP3_coverage_pct,93.0
2001-12-31,CHE,HepB3_coverage_pct,0.0
2001-12-31,CHE,MCV1_measles_coverage_pct,82.0
2001-12-31,CHL,BCG_coverage_pct,98.0
2001-12-31,CHL,DTP3_coverage_pct,97.0
2001-12-31,CHL,HepB3_coverage_pct,0.0
2001-12-31,CHL,MCV1_measles_coverage_pct,96.0
2001-12-31,CHN,BCG_coverage_pct,85.0
2001-12-31,CHN,DTP3_coverage_pct,86.0
2001-12-31,CHN,HepB3_coverage_pct,65.0
2001-12-31,CHN,MCV1_measles_coverage_pct,85.0
2001-12-31,CIV,BCG_coverage_pct,80.0
2001-12-31,CIV,DTP3_coverage_pct,66.0
2001-12-31,CIV,HepB3_coverage_pct,10.0
2001-12-31,CIV,MCV1_measles_coverage_pct,71.0
2001-12-31,CMR,BCG_coverage_pct,79.0
2001-12-31,CMR,DTP3_coverage_pct,63.0
2001-12-31,CMR,HepB3_coverage_pct,0.0
2001-12-31,CMR,MCV1_measles_coverage_pct,51.0
2001-12-31,COD,BCG_coverage_pct,41.0
2001-12-31,COD,DTP3_coverage_pct,30.0
2001-12-31,COD,HepB3_coverage_pct,0.0
2001-12-31,COD,MCV1_measles_coverage_pct,34.0
2001-12-31,COG,BCG_coverage_pct,53.0
2001-12-31,COG,DTP3_coverage_pct,31.0
2001-12-31,COG,HepB3_coverage_pct,0.0
2001-12-31,COG,MCV1_measles_coverage_pct,35.0
2001-12-31,COK,BCG_coverage_pct,98.0
2001-12-31,COK,DTP3_coverage_pct,90.0
2001-12-31,COK,HepB3_coverage_pct,93.0
2001-12-31,COK,MCV1_measles_coverage_pct,83.0
2001-12-31,COL,BCG_coverage_pct,87.0
2001-12-31,COL,DTP3_coverage_pct,80.0
2001-12-31,COL,HepB3_coverage_pct,80.0
2001-12-31,COL,MCV1_measles_coverage_pct,93.0
2001-12-31,COM,BCG_coverage_pct,90.0
2001-12-31,COM,DTP3_coverage_pct,70.0
2001-12-31,COM,HepB3_coverage_pct,0.0
2001-12-31,COM,MCV1_measles_coverage_pct,70.0
2001-12-31,CPV,BCG_coverage_pct,96.0
2001-12-31,CPV,DTP3_coverage_pct,90.0
2001-12-31,CPV,HepB3_coverage_pct,0.0
2001-12-31,CPV,MCV1_measles_coverage_pct,88.0
2001-12-31,CRI,BCG_coverage_pct,91.0
2001-12-31,CRI,DTP3_coverage_pct,91.0
2001-12-31,CRI,HepB3_coverage_pct,80.0
2001-12-31,CRI,MCV1_measles_coverage_pct,82.0
2001-12-31,CUB,BCG_coverage_pct,99.0
2001-12-31,CUB,DTP3_coverage_pct,98.0
2001-12-31,CUB,HepB3_coverage_pct,98.0
2001-12-31,CUB,MCV1_measles_coverage_pct,96.0
2001-12-31,CYP,DTP3_coverage_pct,97.0
2001-12-31,CYP,HepB3_coverage_pct,89.0
2001-12-31,CYP,MCV1_measles_coverage_pct,86.0
2001-12-31,CZE,BCG_coverage_pct,98.0
2001-12-31,CZE,DTP3_coverage_pct,98.0
2001-12-31,CZE,HepB3_coverage_pct,0.0
2001-12-31,CZE,MCV1_measles_coverage_pct,97.0
2001-12-31,DEU,DTP3_coverage_pct,93.0
2001-12-31,DEU,HepB3_coverage_pct,86.0
2001-12-31,DEU,MCV1_measles_coverage_pct,94.0
2001-12-31,DJI,BCG_coverage_pct,38.0
2001-12-31,DJI,DTP3_coverage_pct,53.0
2001-12-31,DJI,HepB3_coverage_pct,0.0
2001-12-31,DJI,MCV1_measles_coverage_pct,49.0
2001-12-31,DMA,BCG_coverage_pct,99.0
2001-12-31,DMA,DTP3_coverage_pct,99.0
2001-12-31,DMA,HepB3_coverage_pct,0.0
2001-12-31,DMA,MCV1_measles_coverage_pct,99.0
2001-12-31,DNK,DTP3_coverage_pct,97.0
2001-12-31,DNK,HepB3_coverage_pct,0.0
2001-12-31,DNK,MCV1_measles_coverage_pct,94.0
2001-12-31,DOM,BCG_coverage_pct,98.0
2001-12-31,DOM,DTP3_coverage_pct,72.0
2001-12-31,DOM,HepB3_coverage_pct,66.0
2001-12-31,DOM,MCV1_measles_coverage_pct,88.0
2001-12-31,DZA,BCG_coverage_pct,97.0
2001-12-31,DZA,DTP3_coverage_pct,89.0
2001-12-31,DZA,HepB3_coverage_pct,0.0
2001-12-31,DZA,MCV1_measles_coverage_pct,83.0
2001-12-31,ECU,BCG_coverage_pct,99.0
2001-12-31,ECU,DTP3_coverage_pct,89.0
2001-12-31,ECU,HepB3_coverage_pct,69.0
2001-12-31,ECU,MCV1_measles_coverage_pct,99.0
2001-12-31,EGY,BCG_coverage_pct,98.0
2001-12-31,EGY,DTP3_coverage_pct,99.0
2001-12-31,EGY,HepB3_coverage_pct,99.0
2001-12-31,EGY,MCV1_measles_coverage_pct,97.0
2001-12-31,ERI,BCG_coverage_pct,91.0
2001-12-31,ERI,DTP3_coverage_pct,86.0
2001-12-31,ERI,HepB3_coverage_pct,0.0
2001-12-31,ERI,MCV1_measles_coverage_pct,84.0
2001-12-31,ESP,DTP3_coverage_pct,96.0
2001-12-31,ESP,HepB3_coverage_pct,83.0
2001-12-31,ESP,MCV1_measles_coverage_pct,96.0
2001-12-31,EST,BCG_coverage_pct,99.0
2001-12-31,EST,DTP3_coverage_pct,94.0
2001-12-31,EST,HepB3_coverage_pct,0.0
2001-12-31,EST,MCV1_measles_coverage_pct,95.0
2001-12-31,ETH,BCG_coverage_pct,58.0
2001-12-31,ETH,DTP3_coverage_pct,32.0
2001-12-31,ETH,HepB3_coverage_pct,0.0
2001-12-31,ETH,MCV1_measles_coverage_pct,29.0
2001-12-31,FIN,BCG_coverage_pct,99.0
2001-12-31,FIN,DTP3_coverage_pct,98.0
2001-12-31,FIN,HepB3_coverage_pct,0.0
2001-12-31,FIN,MCV1_measles_coverage_pct,96.0
2001-12-31,FJI,BCG_coverage_pct,97.0
2001-12-31,FJI,DTP3_coverage_pct,91.0
2001-12-31,FJI,HepB3_coverage_pct,98.0
2001-12-31,FJI,MCV1_measles_coverage_pct,83.0
2001-12-31,FRA,BCG_coverage_pct,84.0
2001-12-31,FRA,DTP3_coverage_pct,97.0
2001-12-31,FRA,HepB3_coverage_pct,28.0
2001-12-31,FRA,MCV1_measles_coverage_pct,85.0
2001-12-31,FSM,BCG_coverage_pct,39.0
2001-12-31,FSM,DTP3_coverage_pct,75.0
2001-12-31,FSM,HepB3_coverage_pct,81.0
2001-12-31,FSM,MCV1_measles_coverage_pct,84.0
2001-12-31,GAB,BCG_coverage_pct,90.0
2001-12-31,GAB,DTP3_coverage_pct,45.0
2001-12-31,GAB,HepB3_coverage_pct,0.0
2001-12-31,GAB,MCV1_measles_coverage_pct,55.0
2001-12-31,GBR,DTP3_coverage_pct,91.0
2001-12-31,GBR,HepB3_coverage_pct,0.0
2001-12-31,GBR,MCV1_measles_coverage_pct,85.0
2001-12-31,GEO,BCG_coverage_pct,94.0
2001-12-31,GEO,DTP3_coverage_pct,87.0
2001-12-31,GEO,HepB3_coverage_pct,61.0
2001-12-31,GEO,MCV1_measles_coverage_pct,74.0
2001-12-31,GHA,BCG_coverage_pct,94.0
2001-12-31,GHA,DTP3_coverage_pct,79.0
2001-12-31,GHA,HepB3_coverage_pct,0.0
2001-12-31,GHA,MCV1_measles_coverage_pct,78.0
2001-12-31,GIN,BCG_coverage_pct,81.0
2001-12-31,GIN,DTP3_coverage_pct,50.0
2001-12-31,GIN,HepB3_coverage_pct,0.0
2001-12-31,GIN,MCV1_measles_coverage_pct,44.0
2001-12-31,GMB,BCG_coverage_pct,99.0
2001-12-31,GMB,DTP3_coverage_pct,87.0
2001-12-31,GMB,HepB3_coverage_pct,91.0
2001-12-31,GMB,MCV1_measles_coverage_pct,89.0
2001-12-31,GNB,BCG_coverage_pct,79.0
2001-12-31,GNB,DTP3_coverage_pct,53.0
2001-12-31,GNB,HepB3_coverage_pct,0.0
2001-12-31,GNB,MCV1_measles_coverage_pct,72.0
2001-12-31,GNQ,BCG_coverage_pct,73.0
2001-12-31,GNQ,DTP3_coverage_pct,37.0
2001-12-31,GNQ,HepB3_coverage_pct,0.0
2001-12-31,GNQ,MCV1_measles_coverage_pct,50.0
2001-12-31,GRC,DTP3_coverage_pct,91.0
2001-12-31,GRC,HepB3_coverage_pct,90.0
2001-12-31,GRC,MCV1_measles_coverage_pct,91.0
2001-12-31,GRD,DTP3_coverage_pct,96.0
2001-12-31,GRD,HepB3_coverage_pct,96.0
2001-12-31,GRD,MCV1_measles_coverage_pct,99.0
2001-12-31,GTM,BCG_coverage_pct,93.0
2001-12-31,GTM,DTP3_coverage_pct,77.0
2001-12-31,GTM,HepB3_coverage_pct,0.0
2001-12-31,GTM,MCV1_measles_coverage_pct,91.0
2001-12-31,GUY,BCG_coverage_pct,95.0
2001-12-31,GUY,DTP3_coverage_pct,85.0
2001-12-31,GUY,HepB3_coverage_pct,85.0
2001-12-31,GUY,MCV1_measles_coverage_pct,92.0
2001-12-31,HND,BCG_coverage_pct,99.0
2001-12-31,HND,DTP3_coverage_pct,96.0
2001-12-31,HND,HepB3_coverage_pct,95.0
2001-12-31,HND,MCV1_measles_coverage_pct,99.0
2001-12-31,HRV,BCG_coverage_pct,97.0
2001-12-31,HRV,DTP3_coverage_pct,94.0
2001-12-31,HRV,HepB3_coverage_pct,0.0
2001-12-31,HRV,MCV1_measles_coverage_pct,94.0
2001-12-31,HTI,BCG_coverage_pct,73.0
2001-12-31,HTI,DTP3_coverage_pct,47.0
2001-12-31,HTI,HepB3_coverage_pct,0.0
2001-12-31,HTI,MCV1_measles_coverage_pct,54.0
2001-12-31,HUN,BCG_coverage_pct,99.0
2001-12-31,HUN,DTP3_coverage_pct,99.0
2001-12-31,HUN,HepB3_coverage_pct,0.0
2001-12-31,HUN,MCV1_measles_coverage_pct,99.0
2001-12-31,IDN,BCG_coverage_pct,80.0
2001-12-31,IDN,DTP3_coverage_pct,76.0
2001-12-31,IDN,HepB3_coverage_pct,62.0
2001-12-31,IDN,MCV1_measles_coverage_pct,76.0
2001-12-31,IND,BCG_coverage_pct,75.0
2001-12-31,IND,DTP3_coverage_pct,59.0
2001-12-31,IND,HepB3_coverage_pct,0.0
2001-12-31,IND,MCV1_measles_coverage_pct,57.0
2001-12-31,IRL,BCG_coverage_pct,89.0
2001-12-31,IRL,DTP3_coverage_pct,84.0
2001-12-31,IRL,HepB3_coverage_pct,0.0
2001-12-31,IRL,MCV1_measles_coverage_pct,73.0
2001-12-31,IRN,BCG_coverage_pct,91.0
2001-12-31,IRN,DTP3_coverage_pct,96.0
2001-12-31,IRN,HepB3_coverage_pct,94.0
2001-12-31,IRN,MCV1_measles_coverage_pct,96.0
2001-12-31,IRQ,BCG_coverage_pct,93.0
2001-12-31,IRQ,DTP3_coverage_pct,78.0
2001-12-31,IRQ,HepB3_coverage_pct,66.0
2001-12-31,IRQ,MCV1_measles_coverage_pct,82.0
2001-12-31,ISL,DTP3_coverage_pct,92.0
2001-12-31,ISL,HepB3_coverage_pct,0.0
2001-12-31,ISL,MCV1_measles_coverage_pct,88.0
2001-12-31,ISR,DTP3_coverage_pct,92.0
2001-12-31,ISR,HepB3_coverage_pct,96.0
2001-12-31,ISR,MCV1_measles_coverage_pct,95.0
2001-12-31,ITA,DTP3_coverage_pct,93.0
2001-12-31,ITA,HepB3_coverage_pct,95.0
2001-12-31,ITA,MCV1_measles_coverage_pct,77.0
2001-12-31,JAM,BCG_coverage_pct,96.0
2001-12-31,JAM,DTP3_coverage_pct,98.0
2001-12-31,JAM,HepB3_coverage_pct,0.0
2001-12-31,JAM,MCV1_measles_coverage_pct,85.0
2001-12-31,JOR,DTP3_coverage_pct,99.0
2001-12-31,JOR,HepB3_coverage_pct,97.0
2001-12-31,JOR,MCV1_measles_coverage_pct,99.0
2001-12-31,JPN,DTP3_coverage_pct,95.0
2001-12-31,JPN,HepB3_coverage_pct,0.0
2001-12-31,JPN,MCV1_measles_coverage_pct,98.0
2001-12-31,KAZ,BCG_coverage_pct,95.0
2001-12-31,KAZ,DTP3_coverage_pct,95.0
2001-12-31,KAZ,HepB3_coverage_pct,95.0
2001-12-31,KAZ,MCV1_measles_coverage_pct,95.0
2001-12-31,KEN,BCG_coverage_pct,95.0
2001-12-31,KEN,DTP3_coverage_pct,80.0
2001-12-31,KEN,HepB3_coverage_pct,0.0
2001-12-31,KEN,MCV1_measles_coverage_pct,77.0
2001-12-31,KGZ,BCG_coverage_pct,99.0
2001-12-31,KGZ,DTP3_coverage_pct,99.0
2001-12-31,KGZ,HepB3_coverage_pct,57.0
2001-12-31,KGZ,MCV1_measles_coverage_pct,99.0
2001-12-31,KHM,BCG_coverage_pct,64.0
2001-12-31,KHM,DTP3_coverage_pct,60.0
2001-12-31,KHM,HepB3_coverage_pct,0.0
2001-12-31,KHM,MCV1_measles_coverage_pct,59.0
2001-12-31,KIR,BCG_coverage_pct,85.0
2001-12-31,KIR,DTP3_coverage_pct,85.0
2001-12-31,KIR,HepB3_coverage_pct,85.0
2001-12-31,KIR,MCV1_measles_coverage_pct,76.0
2001-12-31,KNA,BCG_coverage_pct,95.0
2001-12-31,KNA,DTP3_coverage_pct,99.0
2001-12-31,KNA,HepB3_coverage_pct,99.0
2001-12-31,KNA,MCV1_measles_coverage_pct,90.0
2001-12-31,KOR,BCG_coverage_pct,81.0
2001-12-31,KOR,DTP3_coverage_pct,97.0
2001-12-31,KOR,HepB3_coverage_pct,89.0
2001-12-31,KOR,MCV1_measles_coverage_pct,96.0
2001-12-31,KWT,DTP3_coverage_pct,99.0
2001-12-31,KWT,HepB3_coverage_pct,99.0
2001-12-31,KWT,MCV1_measles_coverage_pct,99.0
2001-12-31,LAO,BCG_coverage_pct,60.0
2001-12-31,LAO,DTP3_coverage_pct,52.0
2001-12-31,LAO,HepB3_coverage_pct,0.0
2001-12-31,LAO,MCV1_measles_coverage_pct,50.0
2001-12-31,LBN,DTP3_coverage_pct,80.0
2001-12-31,LBN,HepB3_coverage_pct,80.0
2001-12-31,LBN,MCV1_measles_coverage_pct,65.0
2001-12-31,LBR,BCG_coverage_pct,73.0
2001-12-31,LBR,DTP3_coverage_pct,44.0
2001-12-31,LBR,HepB3_coverage_pct,0.0
2001-12-31,LBR,MCV1_measles_coverage_pct,58.0
2001-12-31,LBY,BCG_coverage_pct,99.0
2001-12-31,LBY,DTP3_coverage_pct,94.0
2001-12-31,LBY,HepB3_coverage_pct,93.0
2001-12-31,LBY,MCV1_measles_coverage_pct,93.0
2001-12-31,LCA,BCG_coverage_pct,99.0
2001-12-31,LCA,DTP3_coverage_pct,99.0
2001-12-31,LCA,HepB3_coverage_pct,0.0
2001-12-31,LCA,MCV1_measles_coverage_pct,89.0
2001-12-31,LKA,BCG_coverage_pct,98.0
2001-12-31,LKA,DTP3_coverage_pct,98.0
2001-12-31,LKA,HepB3_coverage_pct,0.0
2001-12-31,LKA,MCV1_measles_coverage_pct,99.0
2001-12-31,LSO,BCG_coverage_pct,83.0
2001-12-31,LSO,DTP3_coverage_pct,79.0
2001-12-31,LSO,HepB3_coverage_pct,0.0
2001-12-31,LSO,MCV1_measles_coverage_pct,70.0
2001-12-31,LTU,BCG_coverage_pct,99.0
2001-12-31,LTU,DTP3_coverage_pct,95.0
2001-12-31,LTU,HepB3_coverage_pct,95.0
2001-12-31,LTU,MCV1_measles_coverage_pct,97.0
2001-12-31,LUX,DTP3_coverage_pct,99.0
2001-12-31,LUX,HepB3_coverage_pct,86.0
2001-12-31,LUX,MCV1_measles_coverage_pct,94.0
2001-12-31,LVA,BCG_coverage_pct,99.0
2001-12-31,LVA,DTP3_coverage_pct,97.0
2001-12-31,LVA,HepB3_coverage_pct,96.0
2001-12-31,LVA,MCV1_measles_coverage_pct,98.0
2001-12-31,MAR,BCG_coverage_pct,93.0
2001-12-31,MAR,DTP3_coverage_pct,96.0
2001-12-31,MAR,HepB3_coverage_pct,84.0
2001-12-31,MAR,MCV1_measles_coverage_pct,96.0
2001-12-31,MCO,BCG_coverage_pct,94.0
2001-12-31,MCO,DTP3_coverage_pct,99.0
2001-12-31,MCO,HepB3_coverage_pct,99.0
2001-12-31,MCO,MCV1_measles_coverage_pct,98.0
2001-12-31,MDA,BCG_coverage_pct,99.0
2001-12-31,MDA,DTP3_coverage_pct,97.0
2001-12-31,MDA,HepB3_coverage_pct,94.0
2001-12-31,MDA,MCV1_measles_coverage_pct,94.0
2001-12-31,MDG,BCG_coverage_pct,73.0
2001-12-31,MDG,DTP3_coverage_pct,60.0
2001-12-31,MDG,HepB3_coverage_pct,0.0
2001-12-31,MDG,MCV1_measles_coverage_pct,59.0
2001-12-31,MDV,BCG_coverage_pct,98.0
2001-12-31,MDV,DTP3_coverage_pct,98.0
2001-12-31,MDV,HepB3_coverage_pct,98.0
2001-12-31,MDV,MCV1_measles_coverage_pct,98.0
2001-12-31,MEX,BCG_coverage_pct,99.0
2001-12-31,MEX,DTP3_coverage_pct,97.0
2001-12-31,MEX,HepB3_coverage_pct,97.0
2001-12-31,MEX,MCV1_measles_coverage_pct,95.0
2001-12-31,MHL,BCG_coverage_pct,99.0
2001-12-31,MHL,DTP3_coverage_pct,48.0
2001-12-31,MHL,HepB3_coverage_pct,76.0
2001-12-31,MHL,MCV1_measles_coverage_pct,64.0
2001-12-31,MKD,BCG_coverage_pct,97.0
2001-12-31,MKD,DTP3_coverage_pct,91.0
2001-12-31,MKD,HepB3_coverage_pct,0.0
2001-12-31,MKD,MCV1_measles_coverage_pct,92.0
2001-12-31,MLI,BCG_coverage_pct,75.0
2001-12-31,MLI,DTP3_coverage_pct,49.0
2001-12-31,MLI,HepB3_coverage_pct,0.0
2001-12-31,MLI,MCV1_measles_coverage_pct,54.0
2001-12-31,MLT,DTP3_coverage_pct,95.0
2001-12-31,MLT,HepB3_coverage_pct,0.0
2001-12-31,MLT,MCV1_measles_coverage_pct,70.0
2001-12-31,MMR,BCG_coverage_pct,75.0
2001-12-31,MMR,DTP3_coverage_pct,73.0
2001-12-31,MMR,HepB3_coverage_pct,0.0
2001-12-31,MMR,MCV1_measles_coverage_pct,73.0
2001-12-31,MNG,BCG_coverage_pct,98.0
2001-12-31,MNG,DTP3_coverage_pct,95.0
2001-12-31,MNG,HepB3_coverage_pct,95.0
2001-12-31,MNG,MCV1_measles_coverage_pct,95.0
2001-12-31,MOZ,BCG_coverage_pct,86.0
2001-12-31,MOZ,DTP3_coverage_pct,73.0
2001-12-31,MOZ,HepB3_coverage_pct,25.0
2001-12-31,MOZ,MCV1_measles_coverage_pct,74.0
2001-12-31,MRT,BCG_coverage_pct,95.0
2001-12-31,MRT,DTP3_coverage_pct,75.0
2001-12-31,MRT,HepB3_coverage_pct,0.0
2001-12-31,MRT,MCV1_measles_coverage_pct,58.0
2001-12-31,MUS,BCG_coverage_pct,89.0
2001-12-31,MUS,DTP3_coverage_pct,92.0
2001-12-31,MUS,HepB3_coverage_pct,92.0
2001-12-31,MUS,MCV1_measles_coverage_pct,90.0
2001-12-31,MWI,BCG_coverage_pct,93.0
2001-12-31,MWI,DTP3_coverage_pct,90.0
2001-12-31,MWI,HepB3_coverage_pct,0.0
2001-12-31,MWI,MCV1_measles_coverage_pct,81.0
2001-12-31,MYS,BCG_coverage_pct,98.0
2001-12-31,MYS,DTP3_coverage_pct,96.0
2001-12-31,MYS,HepB3_coverage_pct,95.0
2001-12-31,MYS,MCV1_measles_coverage_pct,95.0
2001-12-31,NAM,BCG_coverage_pct,69.0
2001-12-31,NAM,DTP3_coverage_pct,78.0
2001-12-31,NAM,HepB3_coverage_pct,0.0
2001-12-31,NAM,MCV1_measles_coverage_pct,58.0
2001-12-31,NER,BCG_coverage_pct,53.0
2001-12-31,NER,DTP3_coverage_pct,36.0
2001-12-31,NER,HepB3_coverage_pct,0.0
2001-12-31,NER,MCV1_measles_coverage_pct,39.0
2001-12-31,NGA,BCG_coverage_pct,41.0
2001-12-31,NGA,DTP3_coverage_pct,27.0
2001-12-31,NGA,HepB3_coverage_pct,0.0
2001-12-31,NGA,MCV1_measles_coverage_pct,32.0
2001-12-31,NIC,BCG_coverage_pct,97.0
2001-12-31,NIC,DTP3_coverage_pct,87.0
2001-12-31,NIC,HepB3_coverage_pct,87.0
2001-12-31,NIC,MCV1_measles_coverage_pct,99.0
2001-12-31,NIU,BCG_coverage_pct,99.0
2001-12-31,NIU,DTP3_coverage_pct,99.0
2001-12-31,NIU,HepB3_coverage_pct,99.0
2001-12-31,NIU,MCV1_measles_coverage_pct,99.0
2001-12-31,NLD,DTP3_coverage_pct,97.0
2001-12-31,NLD,HepB3_coverage_pct,0.0
2001-12-31,NLD,MCV1_measles_coverage_pct,95.0
2001-12-31,NOR,DTP3_coverage_pct,91.0
2001-12-31,NOR,HepB3_coverage_pct,0.0
2001-12-31,NOR,MCV1_measles_coverage_pct,90.0
2001-12-31,NPL,BCG_coverage_pct,84.0
2001-12-31,NPL,DTP3_coverage_pct,72.0
2001-12-31,NPL,HepB3_coverage_pct,0.0
2001-12-31,NPL,MCV1_measles_coverage_pct,71.0
2001-12-31,NRU,BCG_coverage_pct,99.0
2001-12-31,NRU,DTP3_coverage_pct,95.0
2001-12-31,NRU,HepB3_coverage_pct,95.0
2001-12-31,NRU,MCV1_measles_coverage_pct,95.0
2001-12-31,NZL,DTP3_coverage_pct,90.0
2001-12-31,NZL,HepB3_coverage_pct,90.0
2001-12-31,NZL,MCV1_measles_coverage_pct,85.0
2001-12-31,OMN,BCG_coverage_pct,98.0
2001-12-31,OMN,DTP3_coverage_pct,99.0
2001-12-31,OMN,HepB3_coverage_pct,99.0
2001-12-31,OMN,MCV1_measles_coverage_pct,99.0
2001-12-31,PAK,BCG_coverage_pct,71.0
2001-12-31,PAK,DTP3_coverage_pct,61.0
2001-12-31,PAK,HepB3_coverage_pct,0.0
2001-12-31,PAK,MCV1_measles_coverage_pct,59.0
2001-12-31,PAN,BCG_coverage_pct,99.0
2001-12-31,PAN,DTP3_coverage_pct,99.0
2001-12-31,PAN,HepB3_coverage_pct,98.0
2001-12-31,PAN,MCV1_measles_coverage_pct,95.0
2001-12-31,PER,BCG_coverage_pct,87.0
2001-12-31,PER,DTP3_coverage_pct,90.0
2001-12-31,PER,HepB3_coverage_pct,0.0
2001-12-31,PER,MCV1_measles_coverage_pct,97.0
2001-12-31,PHL,BCG_coverage_pct,92.0
2001-12-31,PHL,DTP3_coverage_pct,79.0
2001-12-31,PHL,HepB3_coverage_pct,45.0
2001-12-31,PHL,MCV1_measles_coverage_pct,81.0
2001-12-31,PLW,DTP3_coverage_pct,98.0
2001-12-31,PLW,HepB3_coverage_pct,98.0
2001-12-31,PLW,MCV1_measles_coverage_pct,91.0
2001-12-31,PNG,BCG_coverage_pct,81.0
2001-12-31,PNG,DTP3_coverage_pct,55.0
2001-12-31,PNG,HepB3_coverage_pct,59.0
2001-12-31,PNG,MCV1_measles_coverage_pct,65.0
2001-12-31,POL,BCG_coverage_pct,95.0
2001-12-31,POL,DTP3_coverage_pct,98.0
2001-12-31,POL,HepB3_coverage_pct,95.0
2001-12-31,POL,MCV1_measles_coverage_pct,97.0
2001-12-31,PRK,BCG_coverage_pct,82.0
2001-12-31,PRK,DTP3_coverage_pct,62.0
2001-12-31,PRK,HepB3_coverage_pct,0.0
2001-12-31,PRK,MCV1_measles_coverage_pct,92.0
2001-12-31,PRT,BCG_coverage_pct,82.0
2001-12-31,PRT,DTP3_coverage_pct,97.0
2001-12-31,PRT,HepB3_coverage_pct,70.0
2001-12-31,PRT,MCV1_measles_coverage_pct,90.0
2001-12-31,PRY,BCG_coverage_pct,86.0
2001-12-31,PRY,DTP3_coverage_pct,89.0
2001-12-31,PRY,HepB3_coverage_pct,0.0
2001-12-31,PRY,MCV1_measles_coverage_pct,90.0
2001-12-31,PSE,BCG_coverage_pct,97.0
2001-12-31,PSE,DTP3_coverage_pct,97.0
2001-12-31,PSE,HepB3_coverage_pct,92.0
2001-12-31,PSE,MCV1_measles_coverage_pct,98.0
2001-12-31,QAT,BCG_coverage_pct,99.0
2001-12-31,QAT,DTP3_coverage_pct,93.0
2001-12-31,QAT,HepB3_coverage_pct,93.0
2001-12-31,QAT,MCV1_measles_coverage_pct,92.0
2001-12-31,ROU,BCG_coverage_pct,99.0
2001-12-31,ROU,DTP3_coverage_pct,99.0
2001-12-31,ROU,HepB3_coverage_pct,98.0
2001-12-31,ROU,MCV1_measles_coverage_pct,98.0
2001-12-31,RUS,BCG_coverage_pct,96.0
2001-12-31,RUS,DTP3_coverage_pct,96.0
2001-12-31,RUS,HepB3_coverage_pct,43.0
2001-12-31,RUS,MCV1_measles_coverage_pct,97.0
2001-12-31,RWA,BCG_coverage_pct,78.0
2001-12-31,RWA,DTP3_coverage_pct,77.0
2001-12-31,RWA,HepB3_coverage_pct,0.0
2001-12-31,RWA,MCV1_measles_coverage_pct,69.0
2001-12-31,SAU,BCG_coverage_pct,94.0
2001-12-31,SAU,DTP3_coverage_pct,97.0
2001-12-31,SAU,HepB3_coverage_pct,95.0
2001-12-31,SAU,MCV1_measles_coverage_pct,94.0
2001-12-31,SDN,BCG_coverage_pct,67.0
2001-12-31,SDN,DTP3_coverage_pct,66.0
2001-12-31,SDN,HepB3_coverage_pct,0.0
2001-12-31,SDN,MCV1_measles_coverage_pct,58.0
2001-12-31,SEN,BCG_coverage_pct,89.0
2001-12-31,SEN,DTP3_coverage_pct,52.0
2001-12-31,SEN,HepB3_coverage_pct,0.0
2001-12-31,SEN,MCV1_measles_coverage_pct,48.0
2001-12-31,SGP,BCG_coverage_pct,98.0
2001-12-31,SGP,DTP3_coverage_pct,96.0
2001-12-31,SGP,HepB3_coverage_pct,95.0
2001-12-31,SGP,MCV1_measles_coverage_pct,95.0
2001-12-31,SLB,BCG_coverage_pct,94.0
2001-12-31,SLB,DTP3_coverage_pct,84.0
2001-12-31,SLB,HepB3_coverage_pct,83.0
2001-12-31,SLB,MCV1_measles_coverage_pct,83.0
2001-12-31,SLE,BCG_coverage_pct,63.0
2001-12-31,SLE,DTP3_coverage_pct,38.0
2001-12-31,SLE,HepB3_coverage_pct,0.0
2001-12-31,SLE,MCV1_measles_coverage_pct,50.0
2001-12-31,SLV,BCG_coverage_pct,92.0
2001-12-31,SLV,DTP3_coverage_pct,92.0
2001-12-31,SLV,HepB3_coverage_pct,75.0
2001-12-31,SLV,MCV1_measles_coverage_pct,95.0
2001-12-31,SMR,DTP3_coverage_pct,97.0
2001-12-31,SMR,HepB3_coverage_pct,96.0
2001-12-31,SMR,MCV1_measles_coverage_pct,97.0
2001-12-31,SOM,BCG_coverage_pct,70.0
2001-12-31,SOM,DTP3_coverage_pct,33.0
2001-12-31,SOM,HepB3_coverage_pct,0.0
2001-12-31,SOM,MCV1_measles_coverage_pct,20.0
2001-12-31,SRB,BCG_coverage_pct,88.0
2001-12-31,SRB,DTP3_coverage_pct,93.0
2001-12-31,SRB,HepB3_coverage_pct,0.0
2001-12-31,SRB,MCV1_measles_coverage_pct,90.0
2001-12-31,STP,BCG_coverage_pct,92.0
2001-12-31,STP,DTP3_coverage_pct,92.0
2001-12-31,STP,HepB3_coverage_pct,0.0
2001-12-31,STP,MCV1_measles_coverage_pct,75.0
2001-12-31,SUR,DTP3_coverage_pct,68.0
2001-12-31,SUR,HepB3_coverage_pct,0.0
2001-12-31,SUR,MCV1_measles_coverage_pct,82.0
2001-12-31,SVK,BCG_coverage_pct,93.0
2001-12-31,SVK,DTP3_coverage_pct,99.0
2001-12-31,SVK,HepB3_coverage_pct,99.0
2001-12-31,SVK,MCV1_measles_coverage_pct,99.0
2001-12-31,SVN,BCG_coverage_pct,98.0
2001-12-31,SVN,DTP3_coverage_pct,92.0
2001-12-31,SVN,HepB3_coverage_pct,0.0
2001-12-31,SVN,MCV1_measles_coverage_pct,94.0
2001-12-31,SWE,BCG_coverage_pct,16.0
2001-12-31,SWE,DTP3_coverage_pct,99.0
2001-12-31,SWE,HepB3_coverage_pct,0.0
2001-12-31,SWE,MCV1_measles_coverage_pct,94.0
2001-12-31,SWZ,BCG_coverage_pct,89.0
2001-12-31,SWZ,DTP3_coverage_pct,84.0
2001-12-31,SWZ,HepB3_coverage_pct,86.0
2001-12-31,SWZ,MCV1_measles_coverage_pct,93.0
2001-12-31,SYC,BCG_coverage_pct,99.0
2001-12-31,SYC,DTP3_coverage_pct,96.0
2001-12-31,SYC,HepB3_coverage_pct,95.0
2001-12-31,SYC,MCV1_measles_coverage_pct,95.0
2001-12-31,SYR,BCG_coverage_pct,91.0
2001-12-31,SYR,DTP3_coverage_pct,83.0
2001-12-31,SYR,HepB3_coverage_pct,80.0
2001-12-31,SYR,MCV1_measles_coverage_pct,80.0
2001-12-31,TCD,BCG_coverage_pct,52.0
2001-12-31,TCD,DTP3_coverage_pct,26.0
2001-12-31,TCD,HepB3_coverage_pct,0.0
2001-12-31,TCD,MCV1_measles_coverage_pct,26.0
2001-12-31,TGO,BCG_coverage_pct,83.0
2001-12-31,TGO,DTP3_coverage_pct,50.0
2001-12-31,TGO,HepB3_coverage_pct,0.0
2001-12-31,TGO,MCV1_measles_coverage_pct,40.0
2001-12-31,THA,BCG_coverage_pct,99.0
2001-12-31,THA,DTP3_coverage_pct,96.0
2001-12-31,THA,HepB3_coverage_pct,95.0
2001-12-31,THA,MCV1_measles_coverage_pct,94.0
2001-12-31,TJK,BCG_coverage_pct,96.0
2001-12-31,TJK,DTP3_coverage_pct,85.0
2001-12-31,TJK,HepB3_coverage_pct,0.0
2001-12-31,TJK,MCV1_measles_coverage_pct,88.0
2001-12-31,TKM,BCG_coverage_pct,99.0
2001-12-31,TKM,DTP3_coverage_pct,95.0
2001-12-31,TKM,HepB3_coverage_pct,0.0
2001-12-31,TKM,MCV1_measles_coverage_pct,98.0
2001-12-31,TON,BCG_coverage_pct,91.0
2001-12-31,TON,DTP3_coverage_pct,94.0
2001-12-31,TON,HepB3_coverage_pct,96.0
2001-12-31,TON,MCV1_measles_coverage_pct,93.0
2001-12-31,TTO,DTP3_coverage_pct,91.0
2001-12-31,TTO,HepB3_coverage_pct,0.0
2001-12-31,TTO,MCV1_measles_coverage_pct,91.0
2001-12-31,TUN,BCG_coverage_pct,91.0
2001-12-31,TUN,DTP3_coverage_pct,98.0
2001-12-31,TUN,HepB3_coverage_pct,94.0
2001-12-31,TUN,MCV1_measles_coverage_pct,92.0
2001-12-31,TUR,BCG_coverage_pct,95.0
2001-12-31,TUR,DTP3_coverage_pct,88.0
2001-12-31,TUR,HepB3_coverage_pct,77.0
2001-12-31,TUR,MCV1_measles_coverage_pct,91.0
2001-12-31,TUV,BCG_coverage_pct,99.0
2001-12-31,TUV,DTP3_coverage_pct,96.0
2001-12-31,TUV,HepB3_coverage_pct,99.0
2001-12-31,TUV,MCV1_measles_coverage_pct,99.0
2001-12-31,TZA,BCG_coverage_pct,91.0
2001-12-31,TZA,DTP3_coverage_pct,87.0
2001-12-31,TZA,HepB3_coverage_pct,0.0
2001-12-31,TZA,MCV1_measles_coverage_pct,86.0
2001-12-31,UGA,BCG_coverage_pct,83.0
2001-12-31,UGA,DTP3_coverage_pct,55.0
2001-12-31,UGA,HepB3_coverage_pct,0.0
2001-12-31,UGA,MCV1_measles_coverage_pct,59.0
2001-12-31,UKR,BCG_coverage_pct,98.0
2001-12-31,UKR,DTP3_coverage_pct,99.0
2001-12-31,UKR,HepB3_coverage_pct,7.0
2001-12-31,UKR,MCV1_measles_coverage_pct,99.0
2001-12-31,URY,BCG_coverage_pct,99.0
2001-12-31,URY,DTP3_coverage_pct,94.0
2001-12-31,URY,HepB3_coverage_pct,94.0
2001-12-31,URY,MCV1_measles_coverage_pct,94.0
2001-12-31,USA,DTP3_coverage_pct,94.0
2001-12-31,USA,HepB3_coverage_pct,89.0
2001-12-31,USA,MCV1_measles_coverage_pct,91.0
2001-12-31,UZB,BCG_coverage_pct,98.0
2001-12-31,UZB,DTP3_coverage_pct,99.0
2001-12-31,UZB,HepB3_coverage_pct,0.0
2001-12-31,UZB,MCV1_measles_coverage_pct,99.0
2001-12-31,VCT,BCG_coverage_pct,99.0
2001-12-31,VCT,DTP3_coverage_pct,99.0
2001-12-31,VCT,HepB3_coverage_pct,0.0
2001-12-31,VCT,MCV1_measles_coverage_pct,98.0
2001-12-31,VEN,BCG_coverage_pct,93.0
2001-12-31,VEN,DTP3_coverage_pct,70.0
2001-12-31,VEN,HepB3_coverage_pct,53.0
2001-12-31,VEN,MCV1_measles_coverage_pct,98.0
2001-12-31,VNM,BCG_coverage_pct,97.0
2001-12-31,VNM,DTP3_coverage_pct,96.0
2001-12-31,VNM,HepB3_coverage_pct,0.0
2001-12-31,VNM,MCV1_measles_coverage_pct,98.0
2001-12-31,VUT,BCG_coverage_pct,79.0
2001-12-31,VUT,DTP3_coverage_pct,70.0
2001-12-31,VUT,HepB3_coverage_pct,68.0
2001-12-31,VUT,MCV1_measles_coverage_pct,60.0
2001-12-31,WSM,BCG_coverage_pct,98.0
2001-12-31,WSM,DTP3_coverage_pct,90.0
2001-12-31,WSM,HepB3_coverage_pct,93.0
2001-12-31,WSM,MCV1_measles_coverage_pct,92.0
2001-12-31,YEM,BCG_coverage_pct,78.0
2001-12-31,YEM,DTP3_coverage_pct,73.0
2001-12-31,YEM,HepB3_coverage_pct,19.0
2001-12-31,YEM,MCV1_measles_coverage_pct,72.0
2001-12-31,ZAF,BCG_coverage_pct,86.0
2001-12-31,ZAF,DTP3_coverage_pct,71.0
2001-12-31,ZAF,HepB3_coverage_pct,72.0
2001-12-31,ZAF,MCV1_measles_coverage_pct,69.0
2001-12-31,ZMB,BCG_coverage_pct,94.0
2001-12-31,ZMB,DTP3_coverage_pct,85.0
2001-12-31,ZMB,HepB3_coverage_pct,0.0
2001-12-31,ZMB,MCV1_measles_coverage_pct,84.0
2001-12-31,ZWE,BCG_coverage_pct,82.0
2001-12-31,ZWE,DTP3_coverage_pct,75.0
2001-12-31,ZWE,HepB3_coverage_pct,76.0
2001-12-31,ZWE,MCV1_measles_coverage_pct,73.0
2002-12-31,AFG,BCG_coverage_pct,46.0
2002-12-31,AFG,DTP3_coverage_pct,36.0
2002-12-31,AFG,HepB3_coverage_pct,0.0
2002-12-31,AFG,MCV1_measles_coverage_pct,35.0
2002-12-31,AGO,BCG_coverage_pct,77.0
2002-12-31,AGO,DTP3_coverage_pct,47.0
2002-12-31,AGO,HepB3_coverage_pct,0.0
2002-12-31,AGO,MCV1_measles_coverage_pct,74.0
2002-12-31,ALB,BCG_coverage_pct,94.0
2002-12-31,ALB,DTP3_coverage_pct,98.0
2002-12-31,ALB,HepB3_coverage_pct,96.0
2002-12-31,ALB,MCV1_measles_coverage_pct,96.0
2002-12-31,AND,DTP3_coverage_pct,97.0
2002-12-31,AND,HepB3_coverage_pct,84.0
2002-12-31,AND,MCV1_measles_coverage_pct,98.0
2002-12-31,ARE,BCG_coverage_pct,98.0
2002-12-31,ARE,DTP3_coverage_pct,94.0
2002-12-31,ARE,HepB3_coverage_pct,92.0
2002-12-31,ARE,MCV1_measles_coverage_pct,94.0
2002-12-31,ARG,BCG_coverage_pct,95.0
2002-12-31,ARG,DTP3_coverage_pct,93.0
2002-12-31,ARG,HepB3_coverage_pct,66.0
2002-12-31,ARG,MCV1_measles_coverage_pct,95.0
2002-12-31,ARM,BCG_coverage_pct,97.0
2002-12-31,ARM,DTP3_coverage_pct,94.0
2002-12-31,ARM,HepB3_coverage_pct,91.0
2002-12-31,ARM,MCV1_measles_coverage_pct,91.0
2002-12-31,ATG,DTP3_coverage_pct,98.0
2002-12-31,ATG,HepB3_coverage_pct,99.0
2002-12-31,ATG,MCV1_measles_coverage_pct,99.0
2002-12-31,AUS,DTP3_coverage_pct,92.0
2002-12-31,AUS,HepB3_coverage_pct,95.0
2002-12-31,AUS,MCV1_measles_coverage_pct,94.0
2002-12-31,AUT,DTP3_coverage_pct,83.0
2002-12-31,AUT,HepB3_coverage_pct,81.0
2002-12-31,AUT,MCV1_measles_coverage_pct,78.0
2002-12-31,AZE,BCG_coverage_pct,82.0
2002-12-31,AZE,DTP3_coverage_pct,76.0
2002-12-31,AZE,HepB3_coverage_pct,50.0
2002-12-31,AZE,MCV1_measles_coverage_pct,66.0
2002-12-31,BDI,BCG_coverage_pct,88.0
2002-12-31,BDI,DTP3_coverage_pct,81.0
2002-12-31,BDI,HepB3_coverage_pct,0.0
2002-12-31,BDI,MCV1_measles_coverage_pct,75.0
2002-12-31,BEL,DTP3_coverage_pct,95.0
2002-12-31,BEL,HepB3_coverage_pct,60.0
2002-12-31,BEL,MCV1_measles_coverage_pct,82.0
2002-12-31,BEN,BCG_coverage_pct,90.0
2002-12-31,BEN,DTP3_coverage_pct,75.0
2002-12-31,BEN,HepB3_coverage_pct,15.0
2002-12-31,BEN,MCV1_measles_coverage_pct,66.0
2002-12-31,BFA,BCG_coverage_pct,90.0
2002-12-31,BFA,DTP3_coverage_pct,69.0
2002-12-31,BFA,HepB3_coverage_pct,0.0
2002-12-31,BFA,MCV1_measles_coverage_pct,64.0
2002-12-31,BGD,BCG_coverage_pct,95.0
2002-12-31,BGD,DTP3_coverage_pct,83.0
2002-12-31,BGD,HepB3_coverage_pct,0.0
2002-12-31,BGD,MCV1_measles_coverage_pct,75.0
2002-12-31,BGR,BCG_coverage_pct,98.0
2002-12-31,BGR,DTP3_coverage_pct,93.0
2002-12-31,BGR,HepB3_coverage_pct,88.0
2002-12-31,BGR,MCV1_measles_coverage_pct,92.0
2002-12-31,BHR,DTP3_coverage_pct,98.0
2002-12-31,BHR,HepB3_coverage_pct,98.0
2002-12-31,BHR,MCV1_measles_coverage_pct,99.0
2002-12-31,BHS,DTP3_coverage_pct,94.0
2002-12-31,BHS,HepB3_coverage_pct,89.0
2002-12-31,BHS,MCV1_measles_coverage_pct,94.0
2002-12-31,BIH,BCG_coverage_pct,91.0
2002-12-31,BIH,DTP3_coverage_pct,80.0
2002-12-31,BIH,HepB3_coverage_pct,0.0
2002-12-31,BIH,MCV1_measles_coverage_pct,89.0
2002-12-31,BLR,BCG_coverage_pct,99.0
2002-12-31,BLR,DTP3_coverage_pct,99.0
2002-12-31,BLR,HepB3_coverage_pct,99.0
2002-12-31,BLR,MCV1_measles_coverage_pct,99.0
2002-12-31,BLZ,BCG_coverage_pct,96.0
2002-12-31,BLZ,DTP3_coverage_pct,89.0
2002-12-31,BLZ,HepB3_coverage_pct,97.0
2002-12-31,BLZ,MCV1_measles_coverage_pct,88.0
2002-12-31,BOL,BCG_coverage_pct,93.0
2002-12-31,BOL,DTP3_coverage_pct,77.0
2002-12-31,BOL,HepB3_coverage_pct,77.0
2002-12-31,BOL,MCV1_measles_coverage_pct,91.0
2002-12-31,BRA,BCG_coverage_pct,99.0
2002-12-31,BRA,DTP3_coverage_pct,99.0
2002-12-31,BRA,HepB3_coverage_pct,92.0
2002-12-31,BRA,MCV1_measles_coverage_pct,96.0
2002-12-31,BRB,DTP3_coverage_pct,87.0
2002-12-31,BRB,HepB3_coverage_pct,66.0
2002-12-31,BRB,MCV1_measles_coverage_pct,91.0
2002-12-31,BRN,BCG_coverage_pct,95.0
2002-12-31,BRN,DTP3_coverage_pct,94.0
2002-12-31,BRN,HepB3_coverage_pct,99.0
2002-12-31,BRN,MCV1_measles_coverage_pct,99.0
2002-12-31,BTN,BCG_coverage_pct,83.0
2002-12-31,BTN,DTP3_coverage_pct,86.0
2002-12-31,BTN,HepB3_coverage_pct,83.0
2002-12-31,BTN,MCV1_measles_coverage_pct,78.0
2002-12-31,BWA,BCG_coverage_pct,99.0
2002-12-31,BWA,DTP3_coverage_pct,97.0
2002-12-31,BWA,HepB3_coverage_pct,88.0
2002-12-31,BWA,MCV1_measles_coverage_pct,92.0
2002-12-31,CAF,BCG_coverage_pct,71.0
2002-12-31,CAF,DTP3_coverage_pct,44.0
2002-12-31,CAF,HepB3_coverage_pct,0.0
2002-12-31,CAF,MCV1_measles_coverage_pct,42.0
2002-12-31,CAN,DTP3_coverage_pct,88.0
2002-12-31,CAN,HepB3_coverage_pct,0.0
2002-12-31,CAN,MCV1_measles_coverage_pct,95.0
2002-12-31,CHE,DTP3_coverage_pct,93.0
2002-12-31,CHE,HepB3_coverage_pct,0.0
2002-12-31,CHE,MCV1_measles_coverage_pct,82.0
2002-12-31,CHL,BCG_coverage_pct,96.0
2002-12-31,CHL,DTP3_coverage_pct,97.0
2002-12-31,CHL,HepB3_coverage_pct,0.0
2002-12-31,CHL,MCV1_measles_coverage_pct,95.0
2002-12-31,CHN,BCG_coverage_pct,85.0
2002-12-31,CHN,DTP3_coverage_pct,86.0
2002-12-31,CHN,HepB3_coverage_pct,70.0
2002-12-31,CHN,MCV1_measles_coverage_pct,85.0
2002-12-31,CIV,BCG_coverage_pct,79.0
2002-12-31,CIV,DTP3_coverage_pct,65.0
2002-12-31,CIV,HepB3_coverage_pct,48.0
2002-12-31,CIV,MCV1_measles_coverage_pct,71.0
2002-12-31,CMR,BCG_coverage_pct,79.0
2002-12-31,CMR,DTP3_coverage_pct,66.0
2002-12-31,CMR,HepB3_coverage_pct,0.0
2002-12-31,CMR,MCV1_measles_coverage_pct,53.0
2002-12-31,COD,BCG_coverage_pct,49.0
2002-12-31,COD,DTP3_coverage_pct,38.0
2002-12-31,COD,HepB3_coverage_pct,0.0
2002-12-31,COD,MCV1_measles_coverage_pct,41.0
2002-12-31,COG,BCG_coverage_pct,51.0
2002-12-31,COG,DTP3_coverage_pct,41.0
2002-12-31,COG,HepB3_coverage_pct,0.0
2002-12-31,COG,MCV1_measles_coverage_pct,37.0
2002-12-31,COK,BCG_coverage_pct,98.0
2002-12-31,COK,DTP3_coverage_pct,97.0
2002-12-31,COK,HepB3_coverage_pct,93.0
2002-12-31,COK,MCV1_measles_coverage_pct,95.0
2002-12-31,COL,BCG_coverage_pct,87.0
2002-12-31,COL,DTP3_coverage_pct,81.0
2002-12-31,COL,HepB3_coverage_pct,78.0
2002-12-31,COL,MCV1_measles_coverage_pct,93.0
2002-12-31,COM,BCG_coverage_pct,90.0
2002-12-31,COM,DTP3_coverage_pct,89.0
2002-12-31,COM,HepB3_coverage_pct,0.0
2002-12-31,COM,MCV1_measles_coverage_pct,71.0
2002-12-31,CPV,BCG_coverage_pct,97.0
2002-12-31,CPV,DTP3_coverage_pct,91.0
2002-12-31,CPV,HepB3_coverage_pct,40.0
2002-12-31,CPV,MCV1_measles_coverage_pct,89.0
2002-12-31,CRI,BCG_coverage_pct,96.0
2002-12-31,CRI,DTP3_coverage_pct,94.0
2002-12-31,CRI,HepB3_coverage_pct,94.0
2002-12-31,CRI,MCV1_measles_coverage_pct,94.0
2002-12-31,CUB,BCG_coverage_pct,99.0
2002-12-31,CUB,DTP3_coverage_pct,99.0
2002-12-31,CUB,HepB3_coverage_pct,98.0
2002-12-31,CUB,MCV1_measles_coverage_pct,98.0
2002-12-31,CYP,DTP3_coverage_pct,98.0
2002-12-31,CYP,HepB3_coverage_pct,88.0
2002-12-31,CYP,MCV1_measles_coverage_pct,86.0
2002-12-31,CZE,BCG_coverage_pct,97.0
2002-12-31,CZE,DTP3_coverage_pct,98.0
2002-12-31,CZE,HepB3_coverage_pct,86.0
2002-12-31,CZE,MCV1_measles_coverage_pct,98.0
2002-12-31,DEU,DTP3_coverage_pct,93.0
2002-12-31,DEU,HepB3_coverage_pct,87.0
2002-12-31,DEU,MCV1_measles_coverage_pct,94.0
2002-12-31,DJI,BCG_coverage_pct,52.0
2002-12-31,DJI,DTP3_coverage_pct,62.0
2002-12-31,DJI,HepB3_coverage_pct,0.0
2002-12-31,DJI,MCV1_measles_coverage_pct,62.0
2002-12-31,DMA,BCG_coverage_pct,99.0
2002-12-31,DMA,DTP3_coverage_pct,98.0
2002-12-31,DMA,HepB3_coverage_pct,0.0
2002-12-31,DMA,MCV1_measles_coverage_pct,99.0
2002-12-31,DNK,DTP3_coverage_pct,98.0
2002-12-31,DNK,HepB3_coverage_pct,0.0
2002-12-31,DNK,MCV1_measles_coverage_pct,95.0
2002-12-31,DOM,BCG_coverage_pct,97.0
2002-12-31,DOM,DTP3_coverage_pct,82.0
2002-12-31,DOM,HepB3_coverage_pct,63.0
2002-12-31,DOM,MCV1_measles_coverage_pct,86.0
2002-12-31,DZA,BCG_coverage_pct,98.0
2002-12-31,DZA,DTP3_coverage_pct,86.0
2002-12-31,DZA,HepB3_coverage_pct,0.0
2002-12-31,DZA,MCV1_measles_coverage_pct,81.0
2002-12-31,ECU,BCG_coverage_pct,99.0
2002-12-31,ECU,DTP3_coverage_pct,88.0
2002-12-31,ECU,HepB3_coverage_pct,75.0
2002-12-31,ECU,MCV1_measles_coverage_pct,99.0
2002-12-31,EGY,BCG_coverage_pct,98.0
2002-12-31,EGY,DTP3_coverage_pct,97.0
2002-12-31,EGY,HepB3_coverage_pct,97.0
2002-12-31,EGY,MCV1_measles_coverage_pct,97.0
2002-12-31,ERI,BCG_coverage_pct,94.0
2002-12-31,ERI,DTP3_coverage_pct,90.0
2002-12-31,ERI,HepB3_coverage_pct,86.0
2002-12-31,ERI,MCV1_measles_coverage_pct,83.0
2002-12-31,ESP,DTP3_coverage_pct,98.0
2002-12-31,ESP,HepB3_coverage_pct,82.0
2002-12-31,ESP,MCV1_measles_coverage_pct,97.0
2002-12-31,EST,BCG_coverage_pct,99.0
2002-12-31,EST,DTP3_coverage_pct,94.0
2002-12-31,EST,HepB3_coverage_pct,0.0
2002-12-31,EST,MCV1_measles_coverage_pct,95.0
2002-12-31,ETH,BCG_coverage_pct,60.0
2002-12-31,ETH,DTP3_coverage_pct,35.0
2002-12-31,ETH,HepB3_coverage_pct,0.0
2002-12-31,ETH,MCV1_measles_coverage_pct,32.0
2002-12-31,FIN,BCG_coverage_pct,99.0
2002-12-31,FIN,DTP3_coverage_pct,98.0
2002-12-31,FIN,HepB3_coverage_pct,0.0
2002-12-31,FIN,MCV1_measles_coverage_pct,96.0
2002-12-31,FJI,BCG_coverage_pct,97.0
2002-12-31,FJI,DTP3_coverage_pct,93.0
2002-12-31,FJI,HepB3_coverage_pct,99.0
2002-12-31,FJI,MCV1_measles_coverage_pct,85.0
2002-12-31,FRA,BCG_coverage_pct,85.0
2002-12-31,FRA,DTP3_coverage_pct,97.0
2002-12-31,FRA,HepB3_coverage_pct,29.0
2002-12-31,FRA,MCV1_measles_coverage_pct,86.0
2002-12-31,FSM,BCG_coverage_pct,52.0
2002-12-31,FSM,DTP3_coverage_pct,84.0
2002-12-31,FSM,HepB3_coverage_pct,85.0
2002-12-31,FSM,MCV1_measles_coverage_pct,88.0
2002-12-31,GAB,BCG_coverage_pct,90.0
2002-12-31,GAB,DTP3_coverage_pct,45.0
2002-12-31,GAB,HepB3_coverage_pct,0.0
2002-12-31,GAB,MCV1_measles_coverage_pct,55.0
2002-12-31,GBR,DTP3_coverage_pct,91.0
2002-12-31,GBR,HepB3_coverage_pct,0.0
2002-12-31,GBR,MCV1_measles_coverage_pct,85.0
2002-12-31,GEO,BCG_coverage_pct,91.0
2002-12-31,GEO,DTP3_coverage_pct,84.0
2002-12-31,GEO,HepB3_coverage_pct,51.0
2002-12-31,GEO,MCV1_measles_coverage_pct,75.0
2002-12-31,GHA,BCG_coverage_pct,92.0
2002-12-31,GHA,DTP3_coverage_pct,78.0
2002-12-31,GHA,HepB3_coverage_pct,80.0
2002-12-31,GHA,MCV1_measles_coverage_pct,78.0
2002-12-31,GIN,BCG_coverage_pct,80.0
2002-12-31,GIN,DTP3_coverage_pct,53.0
2002-12-31,GIN,HepB3_coverage_pct,0.0
2002-12-31,GIN,MCV1_measles_coverage_pct,46.0
2002-12-31,GMB,BCG_coverage_pct,99.0
2002-12-31,GMB,DTP3_coverage_pct,87.0
2002-12-31,GMB,HepB3_coverage_pct,92.0
2002-12-31,GMB,MCV1_measles_coverage_pct,90.0
2002-12-31,GNB,BCG_coverage_pct,82.0
2002-12-31,GNB,DTP3_coverage_pct,57.0
2002-12-31,GNB,HepB3_coverage_pct,0.0
2002-12-31,GNB,MCV1_measles_coverage_pct,73.0
2002-12-31,GNQ,BCG_coverage_pct,72.0
2002-12-31,GNQ,DTP3_coverage_pct,39.0
2002-12-31,GNQ,HepB3_coverage_pct,0.0
2002-12-31,GNQ,MCV1_measles_coverage_pct,49.0
2002-12-31,GRC,DTP3_coverage_pct,92.0
2002-12-31,GRC,HepB3_coverage_pct,91.0
2002-12-31,GRC,MCV1_measles_coverage_pct,92.0
2002-12-31,GRD,DTP3_coverage_pct,98.0
2002-12-31,GRD,HepB3_coverage_pct,98.0
2002-12-31,GRD,MCV1_measles_coverage_pct,96.0
2002-12-31,GTM,BCG_coverage_pct,96.0
2002-12-31,GTM,DTP3_coverage_pct,82.0
2002-12-31,GTM,HepB3_coverage_pct,0.0
2002-12-31,GTM,MCV1_measles_coverage_pct,92.0
2002-12-31,GUY,BCG_coverage_pct,91.0
2002-12-31,GUY,DTP3_coverage_pct,91.0
2002-12-31,GUY,HepB3_coverage_pct,91.0
2002-12-31,GUY,MCV1_measles_coverage_pct,93.0
2002-12-31,HND,BCG_coverage_pct,94.0
2002-12-31,HND,DTP3_coverage_pct,95.0
2002-12-31,HND,HepB3_coverage_pct,94.0
2002-12-31,HND,MCV1_measles_coverage_pct,97.0
2002-12-31,HRV,BCG_coverage_pct,99.0
2002-12-31,HRV,DTP3_coverage_pct,95.0
2002-12-31,HRV,HepB3_coverage_pct,0.0
2002-12-31,HRV,MCV1_measles_coverage_pct,95.0
2002-12-31,HTI,BCG_coverage_pct,73.0
2002-12-31,HTI,DTP3_coverage_pct,51.0
2002-12-31,HTI,HepB3_coverage_pct,0.0
2002-12-31,HTI,MCV1_measles_coverage_pct,53.0
2002-12-31,HUN,BCG_coverage_pct,99.0
2002-12-31,HUN,DTP3_coverage_pct,99.0
2002-12-31,HUN,HepB3_coverage_pct,0.0
2002-12-31,HUN,MCV1_measles_coverage_pct,99.0
2002-12-31,IDN,BCG_coverage_pct,82.0
2002-12-31,IDN,DTP3_coverage_pct,70.0
2002-12-31,IDN,HepB3_coverage_pct,63.0
2002-12-31,IDN,MCV1_measles_coverage_pct,72.0
2002-12-31,IND,BCG_coverage_pct,75.0
2002-12-31,IND,DTP3_coverage_pct,59.0
2002-12-31,IND,HepB3_coverage_pct,0.0
2002-12-31,IND,MCV1_measles_coverage_pct,56.0
2002-12-31,IRL,BCG_coverage_pct,90.0
2002-12-31,IRL,DTP3_coverage_pct,83.0
2002-12-31,IRL,HepB3_coverage_pct,0.0
2002-12-31,IRL,MCV1_measles_coverage_pct,73.0
2002-12-31,IRN,BCG_coverage_pct,97.0
2002-12-31,IRN,DTP3_coverage_pct,99.0
2002-12-31,IRN,HepB3_coverage_pct,99.0
2002-12-31,IRN,MCV1_measles_coverage_pct,99.0
2002-12-31,IRQ,BCG_coverage_pct,94.0
2002-12-31,IRQ,DTP3_coverage_pct,77.0
2002-12-31,IRQ,HepB3_coverage_pct,65.0
2002-12-31,IRQ,MCV1_measles_coverage_pct,77.0
2002-12-31,ISL,DTP3_coverage_pct,95.0
2002-12-31,ISL,HepB3_coverage_pct,0.0
2002-12-31,ISL,MCV1_measles_coverage_pct,91.0
2002-12-31,ISR,DTP3_coverage_pct,90.0
2002-12-31,ISR,HepB3_coverage_pct,98.0
2002-12-31,ISR,MCV1_measles_coverage_pct,95.0
2002-12-31,ITA,DTP3_coverage_pct,93.0
2002-12-31,ITA,HepB3_coverage_pct,95.0
2002-12-31,ITA,MCV1_measles_coverage_pct,81.0
2002-12-31,JAM,BCG_coverage_pct,90.0
2002-12-31,JAM,DTP3_coverage_pct,97.0
2002-12-31,JAM,HepB3_coverage_pct,0.0
2002-12-31,JAM,MCV1_measles_coverage_pct,86.0
2002-12-31,JOR,BCG_coverage_pct,29.0
2002-12-31,JOR,DTP3_coverage_pct,95.0
2002-12-31,JOR,HepB3_coverage_pct,95.0
2002-12-31,JOR,MCV1_measles_coverage_pct,95.0
2002-12-31,JPN,DTP3_coverage_pct,96.0
2002-12-31,JPN,HepB3_coverage_pct,0.0
2002-12-31,JPN,MCV1_measles_coverage_pct,98.0
2002-12-31,KAZ,BCG_coverage_pct,99.0
2002-12-31,KAZ,DTP3_coverage_pct,95.0
2002-12-31,KAZ,HepB3_coverage_pct,95.0
2002-12-31,KAZ,MCV1_measles_coverage_pct,95.0
2002-12-31,KEN,BCG_coverage_pct,91.0
2002-12-31,KEN,DTP3_coverage_pct,84.0
2002-12-31,KEN,HepB3_coverage_pct,84.0
2002-12-31,KEN,MCV1_measles_coverage_pct,78.0
2002-12-31,KGZ,BCG_coverage_pct,99.0
2002-12-31,KGZ,DTP3_coverage_pct,98.0
2002-12-31,KGZ,HepB3_coverage_pct,99.0
2002-12-31,KGZ,MCV1_measles_coverage_pct,98.0
2002-12-31,KHM,BCG_coverage_pct,63.0
2002-12-31,KHM,DTP3_coverage_pct,54.0
2002-12-31,KHM,HepB3_coverage_pct,0.0
2002-12-31,KHM,MCV1_measles_coverage_pct,52.0
2002-12-31,KIR,BCG_coverage_pct,88.0
2002-12-31,KIR,DTP3_coverage_pct,77.0
2002-12-31,KIR,HepB3_coverage_pct,79.0
2002-12-31,KIR,MCV1_measles_coverage_pct,88.0
2002-12-31,KNA,BCG_coverage_pct,99.0
2002-12-31,KNA,DTP3_coverage_pct,97.0
2002-12-31,KNA,HepB3_coverage_pct,96.0
2002-12-31,KNA,MCV1_measles_coverage_pct,99.0
2002-12-31,KOR,BCG_coverage_pct,89.0
2002-12-31,KOR,DTP3_coverage_pct,97.0
2002-12-31,KOR,HepB3_coverage_pct,92.0
2002-12-31,KOR,MCV1_measles_coverage_pct,97.0
2002-12-31,KWT,DTP3_coverage_pct,99.0
2002-12-31,KWT,HepB3_coverage_pct,99.0
2002-12-31,KWT,MCV1_measles_coverage_pct,97.0
2002-12-31,LAO,BCG_coverage_pct,65.0
2002-12-31,LAO,DTP3_coverage_pct,53.0
2002-12-31,LAO,HepB3_coverage_pct,0.0
2002-12-31,LAO,MCV1_measles_coverage_pct,55.0
2002-12-31,LBN,DTP3_coverage_pct,77.0
2002-12-31,LBN,HepB3_coverage_pct,77.0
2002-12-31,LBN,MCV1_measles_coverage_pct,59.0
2002-12-31,LBR,BCG_coverage_pct,69.0
2002-12-31,LBR,DTP3_coverage_pct,39.0
2002-12-31,LBR,HepB3_coverage_pct,0.0
2002-12-31,LBR,MCV1_measles_coverage_pct,52.0
2002-12-31,LBY,BCG_coverage_pct,99.0
2002-12-31,LBY,DTP3_coverage_pct,93.0
2002-12-31,LBY,HepB3_coverage_pct,91.0
2002-12-31,LBY,MCV1_measles_coverage_pct,91.0
2002-12-31,LCA,BCG_coverage_pct,95.0
2002-12-31,LCA,DTP3_coverage_pct,74.0
2002-12-31,LCA,HepB3_coverage_pct,14.0
2002-12-31,LCA,MCV1_measles_coverage_pct,98.0
2002-12-31,LKA,BCG_coverage_pct,99.0
2002-12-31,LKA,DTP3_coverage_pct,98.0
2002-12-31,LKA,HepB3_coverage_pct,0.0
2002-12-31,LKA,MCV1_measles_coverage_pct,99.0
2002-12-31,LSO,BCG_coverage_pct,90.0
2002-12-31,LSO,DTP3_coverage_pct,85.0
2002-12-31,LSO,HepB3_coverage_pct,0.0
2002-12-31,LSO,MCV1_measles_coverage_pct,78.0
2002-12-31,LTU,BCG_coverage_pct,99.0
2002-12-31,LTU,DTP3_coverage_pct,95.0
2002-12-31,LTU,HepB3_coverage_pct,94.0
2002-12-31,LTU,MCV1_measles_coverage_pct,98.0
2002-12-31,LUX,DTP3_coverage_pct,99.0
2002-12-31,LUX,HepB3_coverage_pct,95.0
2002-12-31,LUX,MCV1_measles_coverage_pct,94.0
2002-12-31,LVA,BCG_coverage_pct,99.0
2002-12-31,LVA,DTP3_coverage_pct,97.0
2002-12-31,LVA,HepB3_coverage_pct,98.0
2002-12-31,LVA,MCV1_measles_coverage_pct,98.0
2002-12-31,MAR,BCG_coverage_pct,92.0
2002-12-31,MAR,DTP3_coverage_pct,94.0
2002-12-31,MAR,HepB3_coverage_pct,92.0
2002-12-31,MAR,MCV1_measles_coverage_pct,94.0
2002-12-31,MCO,BCG_coverage_pct,92.0
2002-12-31,MCO,DTP3_coverage_pct,99.0
2002-12-31,MCO,HepB3_coverage_pct,99.0
2002-12-31,MCO,MCV1_measles_coverage_pct,97.0
2002-12-31,MDA,BCG_coverage_pct,99.0
2002-12-31,MDA,DTP3_coverage_pct,97.0
2002-12-31,MDA,HepB3_coverage_pct,99.0
2002-12-31,MDA,MCV1_measles_coverage_pct,94.0
2002-12-31,MDG,BCG_coverage_pct,73.0
2002-12-31,MDG,DTP3_coverage_pct,62.0
2002-12-31,MDG,HepB3_coverage_pct,51.0
2002-12-31,MDG,MCV1_measles_coverage_pct,61.0
2002-12-31,MDV,BCG_coverage_pct,99.0
2002-12-31,MDV,DTP3_coverage_pct,98.0
2002-12-31,MDV,HepB3_coverage_pct,98.0
2002-12-31,MDV,MCV1_measles_coverage_pct,97.0
2002-12-31,MEX,BCG_coverage_pct,99.0
2002-12-31,MEX,DTP3_coverage_pct,97.0
2002-12-31,MEX,HepB3_coverage_pct,97.0
2002-12-31,MEX,MCV1_measles_coverage_pct,96.0
2002-12-31,MHL,BCG_coverage_pct,90.0
2002-12-31,MHL,DTP3_coverage_pct,80.0
2002-12-31,MHL,HepB3_coverage_pct,80.0
2002-12-31,MHL,MCV1_measles_coverage_pct,80.0
2002-12-31,MKD,BCG_coverage_pct,91.0
2002-12-31,MKD,DTP3_coverage_pct,96.0
2002-12-31,MKD,HepB3_coverage_pct,0.0
2002-12-31,MKD,MCV1_measles_coverage_pct,98.0
2002-12-31,MLI,BCG_coverage_pct,82.0
2002-12-31,MLI,DTP3_coverage_pct,61.0
2002-12-31,MLI,HepB3_coverage_pct,0.0
2002-12-31,MLI,MCV1_measles_coverage_pct,56.0
2002-12-31,MLT,DTP3_coverage_pct,95.0
2002-12-31,MLT,HepB3_coverage_pct,0.0
2002-12-31,MLT,MCV1_measles_coverage_pct,65.0
2002-12-31,MMR,BCG_coverage_pct,82.0
2002-12-31,MMR,DTP3_coverage_pct,79.0
2002-12-31,MMR,HepB3_coverage_pct,0.0
2002-12-31,MMR,MCV1_measles_coverage_pct,77.0
2002-12-31,MNG,BCG_coverage_pct,98.0
2002-12-31,MNG,DTP3_coverage_pct,98.0
2002-12-31,MNG,HepB3_coverage_pct,98.0
2002-12-31,MNG,MCV1_measles_coverage_pct,98.0
2002-12-31,MOZ,BCG_coverage_pct,87.0
2002-12-31,MOZ,DTP3_coverage_pct,76.0
2002-12-31,MOZ,HepB3_coverage_pct,76.0
2002-12-31,MOZ,MCV1_measles_coverage_pct,77.0
2002-12-31,MRT,BCG_coverage_pct,99.0
2002-12-31,MRT,DTP3_coverage_pct,89.0
2002-12-31,MRT,HepB3_coverage_pct,0.0
2002-12-31,MRT,MCV1_measles_coverage_pct,87.0
2002-12-31,MUS,BCG_coverage_pct,87.0
2002-12-31,MUS,DTP3_coverage_pct,88.0
2002-12-31,MUS,HepB3_coverage_pct,88.0
2002-12-31,MUS,MCV1_measles_coverage_pct,84.0
2002-12-31,MWI,BCG_coverage_pct,78.0
2002-12-31,MWI,DTP3_coverage_pct,64.0
2002-12-31,MWI,HepB3_coverage_pct,64.0
2002-12-31,MWI,MCV1_measles_coverage_pct,69.0
2002-12-31,MYS,BCG_coverage_pct,98.0
2002-12-31,MYS,DTP3_coverage_pct,94.0
2002-12-31,MYS,HepB3_coverage_pct,95.0
2002-12-31,MYS,MCV1_measles_coverage_pct,94.0
2002-12-31,NAM,BCG_coverage_pct,81.0
2002-12-31,NAM,DTP3_coverage_pct,77.0
2002-12-31,NAM,HepB3_coverage_pct,0.0
2002-12-31,NAM,MCV1_measles_coverage_pct,68.0
2002-12-31,NER,BCG_coverage_pct,56.0
2002-12-31,NER,DTP3_coverage_pct,39.0
2002-12-31,NER,HepB3_coverage_pct,0.0
2002-12-31,NER,MCV1_measles_coverage_pct,41.0
2002-12-31,NGA,BCG_coverage_pct,38.0
2002-12-31,NGA,DTP3_coverage_pct,25.0
2002-12-31,NGA,HepB3_coverage_pct,0.0
2002-12-31,NGA,MCV1_measles_coverage_pct,30.0
2002-12-31,NIC,BCG_coverage_pct,93.0
2002-12-31,NIC,DTP3_coverage_pct,85.0
2002-12-31,NIC,HepB3_coverage_pct,85.0
2002-12-31,NIC,MCV1_measles_coverage_pct,98.0
2002-12-31,NIU,BCG_coverage_pct,99.0
2002-12-31,NIU,DTP3_coverage_pct,99.0
2002-12-31,NIU,HepB3_coverage_pct,99.0
2002-12-31,NIU,MCV1_measles_coverage_pct,99.0
2002-12-31,NLD,DTP3_coverage_pct,97.0
2002-12-31,NLD,HepB3_coverage_pct,0.0
2002-12-31,NLD,MCV1_measles_coverage_pct,95.0
2002-12-31,NOR,DTP3_coverage_pct,93.0
2002-12-31,NOR,HepB3_coverage_pct,0.0
2002-12-31,NOR,MCV1_measles_coverage_pct,87.0
2002-12-31,NPL,BCG_coverage_pct,85.0
2002-12-31,NPL,DTP3_coverage_pct,72.0
2002-12-31,NPL,HepB3_coverage_pct,0.0
2002-12-31,NPL,MCV1_measles_coverage_pct,71.0
2002-12-31,NRU,BCG_coverage_pct,99.0
2002-12-31,NRU,DTP3_coverage_pct,80.0
2002-12-31,NRU,HepB3_coverage_pct,75.0
2002-12-31,NRU,MCV1_measles_coverage_pct,40.0
2002-12-31,NZL,DTP3_coverage_pct,90.0
2002-12-31,NZL,HepB3_coverage_pct,89.0
2002-12-31,NZL,MCV1_measles_coverage_pct,84.0
2002-12-31,OMN,BCG_coverage_pct,98.0
2002-12-31,OMN,DTP3_coverage_pct,99.0
2002-12-31,OMN,HepB3_coverage_pct,99.0
2002-12-31,OMN,MCV1_measles_coverage_pct,99.0
2002-12-31,PAK,BCG_coverage_pct,73.0
2002-12-31,PAK,DTP3_coverage_pct,63.0
2002-12-31,PAK,HepB3_coverage_pct,0.0
2002-12-31,PAK,MCV1_measles_coverage_pct,60.0
2002-12-31,PAN,BCG_coverage_pct,99.0
2002-12-31,PAN,DTP3_coverage_pct,99.0
2002-12-31,PAN,HepB3_coverage_pct,98.0
2002-12-31,PAN,MCV1_measles_coverage_pct,95.0
2002-12-31,PER,BCG_coverage_pct,92.0
2002-12-31,PER,DTP3_coverage_pct,95.0
2002-12-31,PER,HepB3_coverage_pct,0.0
2002-12-31,PER,MCV1_measles_coverage_pct,95.0
2002-12-31,PHL,BCG_coverage_pct,85.0
2002-12-31,PHL,DTP3_coverage_pct,79.0
2002-12-31,PHL,HepB3_coverage_pct,42.0
2002-12-31,PHL,MCV1_measles_coverage_pct,82.0
2002-12-31,PLW,DTP3_coverage_pct,99.0
2002-12-31,PLW,HepB3_coverage_pct,99.0
2002-12-31,PLW,MCV1_measles_coverage_pct,99.0
2002-12-31,PNG,BCG_coverage_pct,84.0
2002-12-31,PNG,DTP3_coverage_pct,61.0
2002-12-31,PNG,HepB3_coverage_pct,60.0
2002-12-31,PNG,MCV1_measles_coverage_pct,73.0
2002-12-31,POL,BCG_coverage_pct,95.0
2002-12-31,POL,DTP3_coverage_pct,99.0
2002-12-31,POL,HepB3_coverage_pct,98.0
2002-12-31,POL,MCV1_measles_coverage_pct,98.0
2002-12-31,PRK,BCG_coverage_pct,96.0
2002-12-31,PRK,DTP3_coverage_pct,64.0
2002-12-31,PRK,HepB3_coverage_pct,0.0
2002-12-31,PRK,MCV1_measles_coverage_pct,98.0
2002-12-31,PRT,BCG_coverage_pct,81.0
2002-12-31,PRT,DTP3_coverage_pct,98.0
2002-12-31,PRT,HepB3_coverage_pct,82.0
2002-12-31,PRT,MCV1_measles_coverage_pct,93.0
2002-12-31,PRY,BCG_coverage_pct,83.0
2002-12-31,PRY,DTP3_coverage_pct,87.0
2002-12-31,PRY,HepB3_coverage_pct,0.0
2002-12-31,PRY,MCV1_measles_coverage_pct,86.0
2002-12-31,PSE,BCG_coverage_pct,96.0
2002-12-31,PSE,DTP3_coverage_pct,97.0
2002-12-31,PSE,HepB3_coverage_pct,91.0
2002-12-31,PSE,MCV1_measles_coverage_pct,94.0
2002-12-31,QAT,BCG_coverage_pct,99.0
2002-12-31,QAT,DTP3_coverage_pct,96.0
2002-12-31,QAT,HepB3_coverage_pct,98.0
2002-12-31,QAT,MCV1_measles_coverage_pct,99.0
2002-12-31,ROU,BCG_coverage_pct,99.0
2002-12-31,ROU,DTP3_coverage_pct,98.0
2002-12-31,ROU,HepB3_coverage_pct,99.0
2002-12-31,ROU,MCV1_measles_coverage_pct,98.0
2002-12-31,RUS,BCG_coverage_pct,97.0
2002-12-31,RUS,DTP3_coverage_pct,97.0
2002-12-31,RUS,HepB3_coverage_pct,81.0
2002-12-31,RUS,MCV1_measles_coverage_pct,98.0
2002-12-31,RWA,BCG_coverage_pct,88.0
2002-12-31,RWA,DTP3_coverage_pct,88.0
2002-12-31,RWA,HepB3_coverage_pct,88.0
2002-12-31,RWA,MCV1_measles_coverage_pct,69.0
2002-12-31,SAU,BCG_coverage_pct,98.0
2002-12-31,SAU,DTP3_coverage_pct,95.0
2002-12-31,SAU,HepB3_coverage_pct,97.0
2002-12-31,SAU,MCV1_measles_coverage_pct,97.0
2002-12-31,SDN,BCG_coverage_pct,65.0
2002-12-31,SDN,DTP3_coverage_pct,60.0
2002-12-31,SDN,HepB3_coverage_pct,0.0
2002-12-31,SDN,MCV1_measles_coverage_pct,58.0
2002-12-31,SEN,BCG_coverage_pct,70.0
2002-12-31,SEN,DTP3_coverage_pct,60.0
2002-12-31,SEN,HepB3_coverage_pct,0.0
2002-12-31,SEN,MCV1_measles_coverage_pct,54.0
2002-12-31,SGP,BCG_coverage_pct,98.0
2002-12-31,SGP,DTP3_coverage_pct,94.0
2002-12-31,SGP,HepB3_coverage_pct,95.0
2002-12-31,SGP,MCV1_measles_coverage_pct,94.0
2002-12-31,SLB,BCG_coverage_pct,87.0
2002-12-31,SLB,DTP3_coverage_pct,78.0
2002-12-31,SLB,HepB3_coverage_pct,75.0
2002-12-31,SLB,MCV1_measles_coverage_pct,78.0
2002-12-31,SLE,BCG_coverage_pct,76.0
2002-12-31,SLE,DTP3_coverage_pct,53.0
2002-12-31,SLE,HepB3_coverage_pct,0.0
2002-12-31,SLE,MCV1_measles_coverage_pct,62.0
2002-12-31,SLV,BCG_coverage_pct,92.0
2002-12-31,SLV,DTP3_coverage_pct,81.0
2002-12-31,SLV,HepB3_coverage_pct,81.0
2002-12-31,SLV,MCV1_measles_coverage_pct,93.0
2002-12-31,SMR,DTP3_coverage_pct,96.0
2002-12-31,SMR,HepB3_coverage_pct,96.0
2002-12-31,SMR,MCV1_measles_coverage_pct,96.0
2002-12-31,SOM,BCG_coverage_pct,60.0
2002-12-31,SOM,DTP3_coverage_pct,40.0
2002-12-31,SOM,HepB3_coverage_pct,0.0
2002-12-31,SOM,MCV1_measles_coverage_pct,45.0
2002-12-31,SRB,BCG_coverage_pct,91.0
2002-12-31,SRB,DTP3_coverage_pct,95.0
2002-12-31,SRB,HepB3_coverage_pct,0.0
2002-12-31,SRB,MCV1_measles_coverage_pct,92.0
2002-12-31,STP,BCG_coverage_pct,96.0
2002-12-31,STP,DTP3_coverage_pct,92.0
2002-12-31,STP,HepB3_coverage_pct,0.0
2002-12-31,STP,MCV1_measles_coverage_pct,85.0
2002-12-31,SUR,DTP3_coverage_pct,73.0
2002-12-31,SUR,HepB3_coverage_pct,0.0
2002-12-31,SUR,MCV1_measles_coverage_pct,73.0
2002-12-31,SVK,BCG_coverage_pct,98.0
2002-12-31,SVK,DTP3_coverage_pct,99.0
2002-12-31,SVK,HepB3_coverage_pct,99.0
2002-12-31,SVK,MCV1_measles_coverage_pct,99.0
2002-12-31,SVN,BCG_coverage_pct,97.0
2002-12-31,SVN,DTP3_coverage_pct,93.0
2002-12-31,SVN,HepB3_coverage_pct,0.0
2002-12-31,SVN,MCV1_measles_coverage_pct,93.0
2002-12-31,SWE,BCG_coverage_pct,16.0
2002-12-31,SWE,DTP3_coverage_pct,99.0
2002-12-31,SWE,HepB3_coverage_pct,0.0
2002-12-31,SWE,MCV1_measles_coverage_pct,95.0
2002-12-31,SWZ,BCG_coverage_pct,90.0
2002-12-31,SWZ,DTP3_coverage_pct,85.0
2002-12-31,SWZ,HepB3_coverage_pct,88.0
2002-12-31,SWZ,MCV1_measles_coverage_pct,93.0
2002-12-31,SYC,BCG_coverage_pct,99.0
2002-12-31,SYC,DTP3_coverage_pct,99.0
2002-12-31,SYC,HepB3_coverage_pct,98.0
2002-12-31,SYC,MCV1_measles_coverage_pct,98.0
2002-12-31,SYR,BCG_coverage_pct,90.0
2002-12-31,SYR,DTP3_coverage_pct,86.0
2002-12-31,SYR,HepB3_coverage_pct,80.0
2002-12-31,SYR,MCV1_measles_coverage_pct,84.0
2002-12-31,TCD,BCG_coverage_pct,46.0
2002-12-31,TCD,DTP3_coverage_pct,25.0
2002-12-31,TCD,HepB3_coverage_pct,0.0
2002-12-31,TCD,MCV1_measles_coverage_pct,25.0
2002-12-31,TGO,BCG_coverage_pct,81.0
2002-12-31,TGO,DTP3_coverage_pct,59.0
2002-12-31,TGO,HepB3_coverage_pct,0.0
2002-12-31,TGO,MCV1_measles_coverage_pct,48.0
2002-12-31,THA,BCG_coverage_pct,99.0
2002-12-31,THA,DTP3_coverage_pct,96.0
2002-12-31,THA,HepB3_coverage_pct,95.0
2002-12-31,THA,MCV1_measles_coverage_pct,94.0
2002-12-31,TJK,BCG_coverage_pct,97.0
2002-12-31,TJK,DTP3_coverage_pct,85.0
2002-12-31,TJK,HepB3_coverage_pct,39.0
2002-12-31,TJK,MCV1_measles_coverage_pct,89.0
2002-12-31,TKM,BCG_coverage_pct,99.0
2002-12-31,TKM,DTP3_coverage_pct,98.0
2002-12-31,TKM,HepB3_coverage_pct,96.0
2002-12-31,TKM,MCV1_measles_coverage_pct,88.0
2002-12-31,TLS,BCG_coverage_pct,75.0
2002-12-31,TLS,DTP3_coverage_pct,54.0
2002-12-31,TLS,HepB3_coverage_pct,0.0
2002-12-31,TLS,MCV1_measles_coverage_pct,56.0
2002-12-31,TON,BCG_coverage_pct,95.0
2002-12-31,TON,DTP3_coverage_pct,90.0
2002-12-31,TON,HepB3_coverage_pct,95.0
2002-12-31,TON,MCV1_measles_coverage_pct,90.0
2002-12-31,TTO,DTP3_coverage_pct,96.0
2002-12-31,TTO,HepB3_coverage_pct,5.0
2002-12-31,TTO,MCV1_measles_coverage_pct,87.0
2002-12-31,TUN,BCG_coverage_pct,91.0
2002-12-31,TUN,DTP3_coverage_pct,96.0
2002-12-31,TUN,HepB3_coverage_pct,93.0
2002-12-31,TUN,MCV1_measles_coverage_pct,94.0
2002-12-31,TUR,BCG_coverage_pct,89.0
2002-12-31,TUR,DTP3_coverage_pct,78.0
2002-12-31,TUR,HepB3_coverage_pct,72.0
2002-12-31,TUR,MCV1_measles_coverage_pct,83.0
2002-12-31,TUV,BCG_coverage_pct,99.0
2002-12-31,TUV,DTP3_coverage_pct,98.0
2002-12-31,TUV,HepB3_coverage_pct,99.0
2002-12-31,TUV,MCV1_measles_coverage_pct,99.0
2002-12-31,TZA,BCG_coverage_pct,88.0
2002-12-31,TZA,DTP3_coverage_pct,89.0
2002-12-31,TZA,HepB3_coverage_pct,89.0
2002-12-31,TZA,MCV1_measles_coverage_pct,89.0
2002-12-31,UGA,BCG_coverage_pct,85.0
2002-12-31,UGA,DTP3_coverage_pct,57.0
2002-12-31,UGA,HepB3_coverage_pct,29.0
2002-12-31,UGA,MCV1_measles_coverage_pct,62.0
2002-12-31,UKR,BCG_coverage_pct,98.0
2002-12-31,UKR,DTP3_coverage_pct,99.0
2002-12-31,UKR,HepB3_coverage_pct,48.0
2002-12-31,UKR,MCV1_measles_coverage_pct,99.0
2002-12-31,URY,BCG_coverage_pct,99.0
2002-12-31,URY,DTP3_coverage_pct,95.0
2002-12-31,URY,HepB3_coverage_pct,95.0
2002-12-31,URY,MCV1_measles_coverage_pct,95.0
2002-12-31,USA,DTP3_coverage_pct,94.0
2002-12-31,USA,HepB3_coverage_pct,88.0
2002-12-31,USA,MCV1_measles_coverage_pct,91.0
2002-12-31,UZB,BCG_coverage_pct,99.0
2002-12-31,UZB,DTP3_coverage_pct,99.0
2002-12-31,UZB,HepB3_coverage_pct,62.0
2002-12-31,UZB,MCV1_measles_coverage_pct,97.0
2002-12-31,VCT,BCG_coverage_pct,91.0
2002-12-31,VCT,DTP3_coverage_pct,99.0
2002-12-31,VCT,HepB3_coverage_pct,0.0
2002-12-31,VCT,MCV1_measles_coverage_pct,99.0
2002-12-31,VEN,BCG_coverage_pct,90.0
2002-12-31,VEN,DTP3_coverage_pct,65.0
2002-12-31,VEN,HepB3_coverage_pct,60.0
2002-12-31,VEN,MCV1_measles_coverage_pct,83.0
2002-12-31,VNM,BCG_coverage_pct,97.0
2002-12-31,VNM,DTP3_coverage_pct,75.0
2002-12-31,VNM,HepB3_coverage_pct,0.0
2002-12-31,VNM,MCV1_measles_coverage_pct,96.0
2002-12-31,VUT,BCG_coverage_pct,80.0
2002-12-31,VUT,DTP3_coverage_pct,70.0
2002-12-31,VUT,HepB3_coverage_pct,66.0
2002-12-31,VUT,MCV1_measles_coverage_pct,58.0
2002-12-31,WSM,BCG_coverage_pct,98.0
2002-12-31,WSM,DTP3_coverage_pct,92.0
2002-12-31,WSM,HepB3_coverage_pct,92.0
2002-12-31,WSM,MCV1_measles_coverage_pct,99.0
2002-12-31,YEM,BCG_coverage_pct,73.0
2002-12-31,YEM,DTP3_coverage_pct,65.0
2002-12-31,YEM,HepB3_coverage_pct,31.0
2002-12-31,YEM,MCV1_measles_coverage_pct,62.0
2002-12-31,ZAF,BCG_coverage_pct,84.0
2002-12-31,ZAF,DTP3_coverage_pct,70.0
2002-12-31,ZAF,HepB3_coverage_pct,72.0
2002-12-31,ZAF,MCV1_measles_coverage_pct,65.0
2002-12-31,ZMB,BCG_coverage_pct,94.0
2002-12-31,ZMB,DTP3_coverage_pct,84.0
2002-12-31,ZMB,HepB3_coverage_pct,0.0
2002-12-31,ZMB,MCV1_measles_coverage_pct,84.0
2002-12-31,ZWE,BCG_coverage_pct,80.0
2002-12-31,ZWE,DTP3_coverage_pct,71.0
2002-12-31,ZWE,HepB3_coverage_pct,73.0
2002-12-31,ZWE,MCV1_measles_coverage_pct,70.0
2003-12-31,AFG,BCG_coverage_pct,44.0
2003-12-31,AFG,DTP3_coverage_pct,41.0
2003-12-31,AFG,HepB3_coverage_pct,0.0
2003-12-31,AFG,MCV1_measles_coverage_pct,39.0
2003-12-31,AGO,BCG_coverage_pct,56.0
2003-12-31,AGO,DTP3_coverage_pct,46.0
2003-12-31,AGO,HepB3_coverage_pct,0.0
2003-12-31,AGO,MCV1_measles_coverage_pct,62.0
2003-12-31,ALB,BCG_coverage_pct,95.0
2003-12-31,ALB,DTP3_coverage_pct,97.0
2003-12-31,ALB,HepB3_coverage_pct,97.0
2003-12-31,ALB,MCV1_measles_coverage_pct,93.0
2003-12-31,AND,DTP3_coverage_pct,99.0
2003-12-31,AND,HepB3_coverage_pct,81.0
2003-12-31,AND,MCV1_measles_coverage_pct,96.0
2003-12-31,ARE,BCG_coverage_pct,98.0
2003-12-31,ARE,DTP3_coverage_pct,94.0
2003-12-31,ARE,HepB3_coverage_pct,92.0
2003-12-31,ARE,MCV1_measles_coverage_pct,94.0
2003-12-31,ARG,BCG_coverage_pct,99.0
2003-12-31,ARG,DTP3_coverage_pct,96.0
2003-12-31,ARG,HepB3_coverage_pct,90.0
2003-12-31,ARG,MCV1_measles_coverage_pct,97.0
2003-12-31,ARM,BCG_coverage_pct,92.0
2003-12-31,ARM,DTP3_coverage_pct,94.0
2003-12-31,ARM,HepB3_coverage_pct,93.0
2003-12-31,ARM,MCV1_measles_coverage_pct,94.0
2003-12-31,ATG,DTP3_coverage_pct,99.0
2003-12-31,ATG,HepB3_coverage_pct,99.0
2003-12-31,ATG,MCV1_measles_coverage_pct,99.0
2003-12-31,AUS,DTP3_coverage_pct,93.0
2003-12-31,AUS,HepB3_coverage_pct,95.0
2003-12-31,AUS,MCV1_measles_coverage_pct,94.0
2003-12-31,AUT,DTP3_coverage_pct,84.0
2003-12-31,AUT,HepB3_coverage_pct,83.0
2003-12-31,AUT,MCV1_measles_coverage_pct,79.0
2003-12-31,AZE,BCG_coverage_pct,83.0
2003-12-31,AZE,DTP3_coverage_pct,77.0
2003-12-31,AZE,HepB3_coverage_pct,51.0
2003-12-31,AZE,MCV1_measles_coverage_pct,67.0
2003-12-31,BDI,BCG_coverage_pct,90.0
2003-12-31,BDI,DTP3_coverage_pct,82.0
2003-12-31,BDI,HepB3_coverage_pct,0.0
2003-12-31,BDI,MCV1_measles_coverage_pct,76.0
2003-12-31,BEL,DTP3_coverage_pct,95.0
2003-12-31,BEL,HepB3_coverage_pct,64.0
2003-12-31,BEL,MCV1_measles_coverage_pct,82.0
2003-12-31,BEN,BCG_coverage_pct,90.0
2003-12-31,BEN,DTP3_coverage_pct,73.0
2003-12-31,BEN,HepB3_coverage_pct,73.0
2003-12-31,BEN,MCV1_measles_coverage_pct,65.0
2003-12-31,BFA,BCG_coverage_pct,83.0
2003-12-31,BFA,DTP3_coverage_pct,79.0
2003-12-31,BFA,HepB3_coverage_pct,0.0
2003-12-31,BFA,MCV1_measles_coverage_pct,76.0
2003-12-31,BGD,BCG_coverage_pct,93.0
2003-12-31,BGD,DTP3_coverage_pct,87.0
2003-12-31,BGD,HepB3_coverage_pct,5.0
2003-12-31,BGD,MCV1_measles_coverage_pct,76.0
2003-12-31,BGR,BCG_coverage_pct,98.0
2003-12-31,BGR,DTP3_coverage_pct,96.0
2003-12-31,BGR,HepB3_coverage_pct,96.0
2003-12-31,BGR,MCV1_measles_coverage_pct,96.0
2003-12-31,BHR,DTP3_coverage_pct,97.0
2003-12-31,BHR,HepB3_coverage_pct,98.0
2003-12-31,BHR,MCV1_measles_coverage_pct,99.0
2003-12-31,BHS,DTP3_coverage_pct,92.0
2003-12-31,BHS,HepB3_coverage_pct,88.0
2003-12-31,BHS,MCV1_measles_coverage_pct,90.0
2003-12-31,BIH,BCG_coverage_pct,94.0
2003-12-31,BIH,DTP3_coverage_pct,87.0
2003-12-31,BIH,HepB3_coverage_pct,0.0
2003-12-31,BIH,MCV1_measles_coverage_pct,84.0
2003-12-31,BLR,BCG_coverage_pct,99.0
2003-12-31,BLR,DTP3_coverage_pct,50.0
2003-12-31,BLR,HepB3_coverage_pct,56.0
2003-12-31,BLR,MCV1_measles_coverage_pct,99.0
2003-12-31,BLZ,BCG_coverage_pct,99.0
2003-12-31,BLZ,DTP3_coverage_pct,96.0
2003-12-31,BLZ,HepB3_coverage_pct,96.0
2003-12-31,BLZ,MCV1_measles_coverage_pct,96.0
2003-12-31,BOL,BCG_coverage_pct,96.0
2003-12-31,BOL,DTP3_coverage_pct,88.0
2003-12-31,BOL,HepB3_coverage_pct,80.0
2003-12-31,BOL,MCV1_measles_coverage_pct,96.0
2003-12-31,BRA,BCG_coverage_pct,99.0
2003-12-31,BRA,DTP3_coverage_pct,99.0
2003-12-31,BRA,HepB3_coverage_pct,97.0
2003-12-31,BRA,MCV1_measles_coverage_pct,97.0
2003-12-31,BRB,DTP3_coverage_pct,89.0
2003-12-31,BRB,HepB3_coverage_pct,91.0
2003-12-31,BRB,MCV1_measles_coverage_pct,90.0
2003-12-31,BRN,BCG_coverage_pct,95.0
2003-12-31,BRN,DTP3_coverage_pct,92.0
2003-12-31,BRN,HepB3_coverage_pct,99.0
2003-12-31,BRN,MCV1_measles_coverage_pct,98.0
2003-12-31,BTN,BCG_coverage_pct,93.0
2003-12-31,BTN,DTP3_coverage_pct,95.0
2003-12-31,BTN,HepB3_coverage_pct,95.0
2003-12-31,BTN,MCV1_measles_coverage_pct,88.0
2003-12-31,BWA,BCG_coverage_pct,99.0
2003-12-31,BWA,DTP3_coverage_pct,96.0
2003-12-31,BWA,HepB3_coverage_pct,90.0
2003-12-31,BWA,MCV1_measles_coverage_pct,92.0
2003-12-31,CAF,BCG_coverage_pct,72.0
2003-12-31,CAF,DTP3_coverage_pct,47.0
2003-12-31,CAF,HepB3_coverage_pct,0.0
2003-12-31,CAF,MCV1_measles_coverage_pct,49.0
2003-12-31,CAN,DTP3_coverage_pct,91.0
2003-12-31,CAN,HepB3_coverage_pct,14.0
2003-12-31,CAN,MCV1_measles_coverage_pct,95.0
2003-12-31,CHE,DTP3_coverage_pct,93.0
2003-12-31,CHE,HepB3_coverage_pct,0.0
2003-12-31,CHE,MCV1_measles_coverage_pct,82.0
2003-12-31,CHL,BCG_coverage_pct,95.0
2003-12-31,CHL,DTP3_coverage_pct,96.0
2003-12-31,CHL,HepB3_coverage_pct,0.0
2003-12-31,CHL,MCV1_measles_coverage_pct,96.0
2003-12-31,CHN,BCG_coverage_pct,85.0
2003-12-31,CHN,DTP3_coverage_pct,86.0
2003-12-31,CHN,HepB3_coverage_pct,75.0
2003-12-31,CHN,MCV1_measles_coverage_pct,85.0
2003-12-31,CIV,BCG_coverage_pct,78.0
2003-12-31,CIV,DTP3_coverage_pct,62.0
2003-12-31,CIV,HepB3_coverage_pct,63.0
2003-12-31,CIV,MCV1_measles_coverage_pct,70.0
2003-12-31,CMR,BCG_coverage_pct,82.0
2003-12-31,CMR,DTP3_coverage_pct,73.0
2003-12-31,CMR,HepB3_coverage_pct,0.0
2003-12-31,CMR,MCV1_measles_coverage_pct,61.0
2003-12-31,COD,BCG_coverage_pct,59.0
2003-12-31,COD,DTP3_coverage_pct,42.0
2003-12-31,COD,HepB3_coverage_pct,0.0
2003-12-31,COD,MCV1_measles_coverage_pct,48.0
2003-12-31,COG,BCG_coverage_pct,60.0
2003-12-31,COG,DTP3_coverage_pct,50.0
2003-12-31,COG,HepB3_coverage_pct,0.0
2003-12-31,COG,MCV1_measles_coverage_pct,50.0
2003-12-31,COK,BCG_coverage_pct,99.0
2003-12-31,COK,DTP3_coverage_pct,96.0
2003-12-31,COK,HepB3_coverage_pct,93.0
2003-12-31,COK,MCV1_measles_coverage_pct,99.0
2003-12-31,COL,BCG_coverage_pct,97.0
2003-12-31,COL,DTP3_coverage_pct,92.0
2003-12-31,COL,HepB3_coverage_pct,92.0
2003-12-31,COL,MCV1_measles_coverage_pct,93.0
2003-12-31,COM,BCG_coverage_pct,79.0
2003-12-31,COM,DTP3_coverage_pct,80.0
2003-12-31,COM,HepB3_coverage_pct,28.0
2003-12-31,COM,MCV1_measles_coverage_pct,67.0
2003-12-31,CPV,BCG_coverage_pct,98.0
2003-12-31,CPV,DTP3_coverage_pct,92.0
2003-12-31,CPV,HepB3_coverage_pct,66.0
2003-12-31,CPV,MCV1_measles_coverage_pct,90.0
2003-12-31,CRI,BCG_coverage_pct,93.0
2003-12-31,CRI,DTP3_coverage_pct,88.0
2003-12-31,CRI,HepB3_coverage_pct,86.0
2003-12-31,CRI,MCV1_measles_coverage_pct,89.0
2003-12-31,CUB,BCG_coverage_pct,99.0
2003-12-31,CUB,DTP3_coverage_pct,72.0
2003-12-31,CUB,HepB3_coverage_pct,99.0
2003-12-31,CUB,MCV1_measles_coverage_pct,99.0
2003-12-31,CYP,DTP3_coverage_pct,98.0
2003-12-31,CYP,HepB3_coverage_pct,88.0
2003-12-31,CYP,MCV1_measles_coverage_pct,86.0
2003-12-31,CZE,BCG_coverage_pct,98.0
2003-12-31,CZE,DTP3_coverage_pct,97.0
2003-12-31,CZE,HepB3_coverage_pct,92.0
2003-12-31,CZE,MCV1_measles_coverage_pct,97.0
2003-12-31,DEU,DTP3_coverage_pct,97.0
2003-12-31,DEU,HepB3_coverage_pct,90.0
2003-12-31,DEU,MCV1_measles_coverage_pct,95.0
2003-12-31,DJI,BCG_coverage_pct,63.0
2003-12-31,DJI,DTP3_coverage_pct,68.0
2003-12-31,DJI,HepB3_coverage_pct,0.0
2003-12-31,DJI,MCV1_measles_coverage_pct,66.0
2003-12-31,DMA,BCG_coverage_pct,99.0
2003-12-31,DMA,DTP3_coverage_pct,99.0
2003-12-31,DMA,HepB3_coverage_pct,0.0
2003-12-31,DMA,MCV1_measles_coverage_pct,99.0
2003-12-31,DNK,DTP3_coverage_pct,96.0
2003-12-31,DNK,HepB3_coverage_pct,0.0
2003-12-31,DNK,MCV1_measles_coverage_pct,96.0
2003-12-31,DOM,BCG_coverage_pct,95.0
2003-12-31,DOM,DTP3_coverage_pct,79.0
2003-12-31,DOM,HepB3_coverage_pct,79.0
2003-12-31,DOM,MCV1_measles_coverage_pct,83.0
2003-12-31,DZA,BCG_coverage_pct,98.0
2003-12-31,DZA,DTP3_coverage_pct,87.0
2003-12-31,DZA,HepB3_coverage_pct,0.0
2003-12-31,DZA,MCV1_measles_coverage_pct,84.0
2003-12-31,ECU,BCG_coverage_pct,99.0
2003-12-31,ECU,DTP3_coverage_pct,87.0
2003-12-31,ECU,HepB3_coverage_pct,82.0
2003-12-31,ECU,MCV1_measles_coverage_pct,99.0
2003-12-31,EGY,BCG_coverage_pct,98.0
2003-12-31,EGY,DTP3_coverage_pct,98.0
2003-12-31,EGY,HepB3_coverage_pct,98.0
2003-12-31,EGY,MCV1_measles_coverage_pct,98.0
2003-12-31,ERI,BCG_coverage_pct,97.0
2003-12-31,ERI,DTP3_coverage_pct,93.0
2003-12-31,ERI,HepB3_coverage_pct,91.0
2003-12-31,ERI,MCV1_measles_coverage_pct,92.0
2003-12-31,ESP,DTP3_coverage_pct,98.0
2003-12-31,ESP,HepB3_coverage_pct,81.0
2003-12-31,ESP,MCV1_measles_coverage_pct,98.0
2003-12-31,EST,BCG_coverage_pct,99.0
2003-12-31,EST,DTP3_coverage_pct,94.0
2003-12-31,EST,HepB3_coverage_pct,0.0
2003-12-31,EST,MCV1_measles_coverage_pct,95.0
2003-12-31,ETH,BCG_coverage_pct,61.0
2003-12-31,ETH,DTP3_coverage_pct,37.0
2003-12-31,ETH,HepB3_coverage_pct,0.0
2003-12-31,ETH,MCV1_measles_coverage_pct,33.0
2003-12-31,FIN,BCG_coverage_pct,98.0
2003-12-31,FIN,DTP3_coverage_pct,98.0
2003-12-31,FIN,HepB3_coverage_pct,0.0
2003-12-31,FIN,MCV1_measles_coverage_pct,97.0
2003-12-31,FJI,BCG_coverage_pct,97.0
2003-12-31,FJI,DTP3_coverage_pct,94.0
2003-12-31,FJI,HepB3_coverage_pct,99.0
2003-12-31,FJI,MCV1_measles_coverage_pct,86.0
2003-12-31,FRA,BCG_coverage_pct,84.0
2003-12-31,FRA,DTP3_coverage_pct,97.0
2003-12-31,FRA,HepB3_coverage_pct,28.0
2003-12-31,FRA,MCV1_measles_coverage_pct,87.0
2003-12-31,FSM,BCG_coverage_pct,64.0
2003-12-31,FSM,DTP3_coverage_pct,92.0
2003-12-31,FSM,HepB3_coverage_pct,89.0
2003-12-31,FSM,MCV1_measles_coverage_pct,91.0
2003-12-31,GAB,BCG_coverage_pct,91.0
2003-12-31,GAB,DTP3_coverage_pct,45.0
2003-12-31,GAB,HepB3_coverage_pct,0.0
2003-12-31,GAB,MCV1_measles_coverage_pct,55.0
2003-12-31,GBR,DTP3_coverage_pct,91.0
2003-12-31,GBR,HepB3_coverage_pct,0.0
2003-12-31,GBR,MCV1_measles_coverage_pct,82.0
2003-12-31,GEO,BCG_coverage_pct,87.0
2003-12-31,GEO,DTP3_coverage_pct,75.0
2003-12-31,GEO,HepB3_coverage_pct,48.0
2003-12-31,GEO,MCV1_measles_coverage_pct,76.0
2003-12-31,GHA,BCG_coverage_pct,92.0
2003-12-31,GHA,DTP3_coverage_pct,80.0
2003-12-31,GHA,HepB3_coverage_pct,80.0
2003-12-31,GHA,MCV1_measles_coverage_pct,80.0
2003-12-31,GIN,BCG_coverage_pct,80.0
2003-12-31,GIN,DTP3_coverage_pct,57.0
2003-12-31,GIN,HepB3_coverage_pct,0.0
2003-12-31,GIN,MCV1_measles_coverage_pct,48.0
2003-12-31,GMB,BCG_coverage_pct,99.0
2003-12-31,GMB,DTP3_coverage_pct,87.0
2003-12-31,GMB,HepB3_coverage_pct,94.0
2003-12-31,GMB,MCV1_measles_coverage_pct,90.0
2003-12-31,GNB,BCG_coverage_pct,84.0
2003-12-31,GNB,DTP3_coverage_pct,60.0
2003-12-31,GNB,HepB3_coverage_pct,0.0
2003-12-31,GNB,MCV1_measles_coverage_pct,74.0
2003-12-31,GNQ,BCG_coverage_pct,72.0
2003-12-31,GNQ,DTP3_coverage_pct,41.0
2003-12-31,GNQ,HepB3_coverage_pct,0.0
2003-12-31,GNQ,MCV1_measles_coverage_pct,48.0
2003-12-31,GRC,DTP3_coverage_pct,94.0
2003-12-31,GRC,HepB3_coverage_pct,92.0
2003-12-31,GRC,MCV1_measles_coverage_pct,94.0
2003-12-31,GRD,DTP3_coverage_pct,97.0
2003-12-31,GRD,HepB3_coverage_pct,97.0
2003-12-31,GRD,MCV1_measles_coverage_pct,99.0
2003-12-31,GTM,BCG_coverage_pct,97.0
2003-12-31,GTM,DTP3_coverage_pct,84.0
2003-12-31,GTM,HepB3_coverage_pct,0.0
2003-12-31,GTM,MCV1_measles_coverage_pct,94.0
2003-12-31,GUY,BCG_coverage_pct,95.0
2003-12-31,GUY,DTP3_coverage_pct,90.0
2003-12-31,GUY,HepB3_coverage_pct,90.0
2003-12-31,GUY,MCV1_measles_coverage_pct,89.0
2003-12-31,HND,BCG_coverage_pct,91.0
2003-12-31,HND,DTP3_coverage_pct,92.0
2003-12-31,HND,HepB3_coverage_pct,91.0
2003-12-31,HND,MCV1_measles_coverage_pct,95.0
2003-12-31,HRV,BCG_coverage_pct,98.0
2003-12-31,HRV,DTP3_coverage_pct,94.0
2003-12-31,HRV,HepB3_coverage_pct,0.0
2003-12-31,HRV,MCV1_measles_coverage_pct,94.0
2003-12-31,HTI,BCG_coverage_pct,74.0
2003-12-31,HTI,DTP3_coverage_pct,54.0
2003-12-31,HTI,HepB3_coverage_pct,0.0
2003-12-31,HTI,MCV1_measles_coverage_pct,53.0
2003-12-31,HUN,BCG_coverage_pct,99.0
2003-12-31,HUN,DTP3_coverage_pct,99.0
2003-12-31,HUN,HepB3_coverage_pct,0.0
2003-12-31,HUN,MCV1_measles_coverage_pct,99.0
2003-12-31,IDN,BCG_coverage_pct,83.0
2003-12-31,IDN,DTP3_coverage_pct,71.0
2003-12-31,IDN,HepB3_coverage_pct,64.0
2003-12-31,IDN,MCV1_measles_coverage_pct,74.0
2003-12-31,IND,BCG_coverage_pct,77.0
2003-12-31,IND,DTP3_coverage_pct,61.0
2003-12-31,IND,HepB3_coverage_pct,0.0
2003-12-31,IND,MCV1_measles_coverage_pct,60.0
2003-12-31,IRL,BCG_coverage_pct,90.0
2003-12-31,IRL,DTP3_coverage_pct,86.0
2003-12-31,IRL,HepB3_coverage_pct,0.0
2003-12-31,IRL,MCV1_measles_coverage_pct,78.0
2003-12-31,IRN,BCG_coverage_pct,99.0
2003-12-31,IRN,DTP3_coverage_pct,99.0
2003-12-31,IRN,HepB3_coverage_pct,98.0
2003-12-31,IRN,MCV1_measles_coverage_pct,99.0
2003-12-31,IRQ,BCG_coverage_pct,94.0
2003-12-31,IRQ,DTP3_coverage_pct,75.0
2003-12-31,IRQ,HepB3_coverage_pct,63.0
2003-12-31,IRQ,MCV1_measles_coverage_pct,73.0
2003-12-31,ISL,DTP3_coverage_pct,97.0
2003-12-31,ISL,HepB3_coverage_pct,0.0
2003-12-31,ISL,MCV1_measles_coverage_pct,93.0
2003-12-31,ISR,DTP3_coverage_pct,93.0
2003-12-31,ISR,HepB3_coverage_pct,98.0
2003-12-31,ISR,MCV1_measles_coverage_pct,96.0
2003-12-31,ITA,DTP3_coverage_pct,96.0
2003-12-31,ITA,HepB3_coverage_pct,95.0
2003-12-31,ITA,MCV1_measles_coverage_pct,84.0
2003-12-31,JAM,BCG_coverage_pct,88.0
2003-12-31,JAM,DTP3_coverage_pct,94.0
2003-12-31,JAM,HepB3_coverage_pct,36.0
2003-12-31,JAM,MCV1_measles_coverage_pct,78.0
2003-12-31,JOR,BCG_coverage_pct,67.0
2003-12-31,JOR,DTP3_coverage_pct,97.0
2003-12-31,JOR,HepB3_coverage_pct,97.0
2003-12-31,JOR,MCV1_measles_coverage_pct,96.0
2003-12-31,JPN,DTP3_coverage_pct,97.0
2003-12-31,JPN,HepB3_coverage_pct,0.0
2003-12-31,JPN,MCV1_measles_coverage_pct,98.0
2003-12-31,KAZ,BCG_coverage_pct,99.0
2003-12-31,KAZ,DTP3_coverage_pct,99.0
2003-12-31,KAZ,HepB3_coverage_pct,99.0
2003-12-31,KAZ,MCV1_measles_coverage_pct,99.0
2003-12-31,KEN,BCG_coverage_pct,87.0
2003-12-31,KEN,DTP3_coverage_pct,73.0
2003-12-31,KEN,HepB3_coverage_pct,73.0
2003-12-31,KEN,MCV1_measles_coverage_pct,72.0
2003-12-31,KGZ,BCG_coverage_pct,99.0
2003-12-31,KGZ,DTP3_coverage_pct,98.0
2003-12-31,KGZ,HepB3_coverage_pct,99.0
2003-12-31,KGZ,MCV1_measles_coverage_pct,99.0
2003-12-31,KHM,BCG_coverage_pct,76.0
2003-12-31,KHM,DTP3_coverage_pct,69.0
2003-12-31,KHM,HepB3_coverage_pct,0.0
2003-12-31,KHM,MCV1_measles_coverage_pct,65.0
2003-12-31,KIR,BCG_coverage_pct,91.0
2003-12-31,KIR,DTP3_coverage_pct,70.0
2003-12-31,KIR,HepB3_coverage_pct,73.0
2003-12-31,KIR,MCV1_measles_coverage_pct,72.0
2003-12-31,KNA,BCG_coverage_pct,99.0
2003-12-31,KNA,DTP3_coverage_pct,99.0
2003-12-31,KNA,HepB3_coverage_pct,99.0
2003-12-31,KNA,MCV1_measles_coverage_pct,98.0
2003-12-31,KOR,BCG_coverage_pct,87.0
2003-12-31,KOR,DTP3_coverage_pct,97.0
2003-12-31,KOR,HepB3_coverage_pct,91.0
2003-12-31,KOR,MCV1_measles_coverage_pct,96.0
2003-12-31,KWT,DTP3_coverage_pct,99.0
2003-12-31,KWT,HepB3_coverage_pct,99.0
2003-12-31,KWT,MCV1_measles_coverage_pct,97.0
2003-12-31,LAO,BCG_coverage_pct,65.0
2003-12-31,LAO,DTP3_coverage_pct,49.0
2003-12-31,LAO,HepB3_coverage_pct,50.0
2003-12-31,LAO,MCV1_measles_coverage_pct,42.0
2003-12-31,LBN,DTP3_coverage_pct,74.0
2003-12-31,LBN,HepB3_coverage_pct,74.0
2003-12-31,LBN,MCV1_measles_coverage_pct,53.0
2003-12-31,LBR,BCG_coverage_pct,64.0
2003-12-31,LBR,DTP3_coverage_pct,35.0
2003-12-31,LBR,HepB3_coverage_pct,0.0
2003-12-31,LBR,MCV1_measles_coverage_pct,47.0
2003-12-31,LBY,BCG_coverage_pct,99.0
2003-12-31,LBY,DTP3_coverage_pct,95.0
2003-12-31,LBY,HepB3_coverage_pct,96.0
2003-12-31,LBY,MCV1_measles_coverage_pct,96.0
2003-12-31,LCA,BCG_coverage_pct,95.0
2003-12-31,LCA,DTP3_coverage_pct,90.0
2003-12-31,LCA,HepB3_coverage_pct,84.0
2003-12-31,LCA,MCV1_measles_coverage_pct,90.0
2003-12-31,LKA,BCG_coverage_pct,99.0
2003-12-31,LKA,DTP3_coverage_pct,99.0
2003-12-31,LKA,HepB3_coverage_pct,32.0
2003-12-31,LKA,MCV1_measles_coverage_pct,99.0
2003-12-31,LSO,BCG_coverage_pct,96.0
2003-12-31,LSO,DTP3_coverage_pct,90.0
2003-12-31,LSO,HepB3_coverage_pct,17.0
2003-12-31,LSO,MCV1_measles_coverage_pct,85.0
2003-12-31,LTU,BCG_coverage_pct,99.0
2003-12-31,LTU,DTP3_coverage_pct,94.0
2003-12-31,LTU,HepB3_coverage_pct,95.0
2003-12-31,LTU,MCV1_measles_coverage_pct,98.0
2003-12-31,LUX,DTP3_coverage_pct,98.0
2003-12-31,LUX,HepB3_coverage_pct,95.0
2003-12-31,LUX,MCV1_measles_coverage_pct,95.0
2003-12-31,LVA,BCG_coverage_pct,97.0
2003-12-31,LVA,DTP3_coverage_pct,98.0
2003-12-31,LVA,HepB3_coverage_pct,98.0
2003-12-31,LVA,MCV1_measles_coverage_pct,98.0
2003-12-31,MAR,BCG_coverage_pct,92.0
2003-12-31,MAR,DTP3_coverage_pct,91.0
2003-12-31,MAR,HepB3_coverage_pct,90.0
2003-12-31,MAR,MCV1_measles_coverage_pct,90.0
2003-12-31,MCO,BCG_coverage_pct,89.0
2003-12-31,MCO,DTP3_coverage_pct,99.0
2003-12-31,MCO,HepB3_coverage_pct,99.0
2003-12-31,MCO,MCV1_measles_coverage_pct,97.0
2003-12-31,MDA,BCG_coverage_pct,99.0
2003-12-31,MDA,DTP3_coverage_pct,98.0
2003-12-31,MDA,HepB3_coverage_pct,99.0
2003-12-31,MDA,MCV1_measles_coverage_pct,96.0
2003-12-31,MDG,BCG_coverage_pct,77.0
2003-12-31,MDG,DTP3_coverage_pct,66.0
2003-12-31,MDG,HepB3_coverage_pct,61.0
2003-12-31,MDG,MCV1_measles_coverage_pct,65.0
2003-12-31,MDV,BCG_coverage_pct,98.0
2003-12-31,MDV,DTP3_coverage_pct,98.0
2003-12-31,MDV,HepB3_coverage_pct,98.0
2003-12-31,MDV,MCV1_measles_coverage_pct,96.0
2003-12-31,MEX,BCG_coverage_pct,99.0
2003-12-31,MEX,DTP3_coverage_pct,98.0
2003-12-31,MEX,HepB3_coverage_pct,98.0
2003-12-31,MEX,MCV1_measles_coverage_pct,96.0
2003-12-31,MHL,BCG_coverage_pct,93.0
2003-12-31,MHL,DTP3_coverage_pct,68.0
2003-12-31,MHL,HepB3_coverage_pct,74.0
2003-12-31,MHL,MCV1_measles_coverage_pct,90.0
2003-12-31,MKD,BCG_coverage_pct,95.0
2003-12-31,MKD,DTP3_coverage_pct,96.0
2003-12-31,MKD,HepB3_coverage_pct,0.0
2003-12-31,MKD,MCV1_measles_coverage_pct,96.0
2003-12-31,MLI,BCG_coverage_pct,74.0
2003-12-31,MLI,DTP3_coverage_pct,63.0
2003-12-31,MLI,HepB3_coverage_pct,79.0
2003-12-31,MLI,MCV1_measles_coverage_pct,57.0
2003-12-31,MLT,DTP3_coverage_pct,94.0
2003-12-31,MLT,HepB3_coverage_pct,89.0
2003-12-31,MLT,MCV1_measles_coverage_pct,90.0
2003-12-31,MMR,BCG_coverage_pct,80.0
2003-12-31,MMR,DTP3_coverage_pct,78.0
2003-12-31,MMR,HepB3_coverage_pct,8.0
2003-12-31,MMR,MCV1_measles_coverage_pct,80.0
2003-12-31,MNG,BCG_coverage_pct,98.0
2003-12-31,MNG,DTP3_coverage_pct,98.0
2003-12-31,MNG,HepB3_coverage_pct,98.0
2003-12-31,MNG,MCV1_measles_coverage_pct,98.0
2003-12-31,MOZ,BCG_coverage_pct,90.0
2003-12-31,MOZ,DTP3_coverage_pct,85.0
2003-12-31,MOZ,HepB3_coverage_pct,76.0
2003-12-31,MOZ,MCV1_measles_coverage_pct,80.0
2003-12-31,MRT,BCG_coverage_pct,96.0
2003-12-31,MRT,DTP3_coverage_pct,76.0
2003-12-31,MRT,HepB3_coverage_pct,0.0
2003-12-31,MRT,MCV1_measles_coverage_pct,84.0
2003-12-31,MUS,BCG_coverage_pct,99.0
2003-12-31,MUS,DTP3_coverage_pct,99.0
2003-12-31,MUS,HepB3_coverage_pct,97.0
2003-12-31,MUS,MCV1_measles_coverage_pct,91.0
2003-12-31,MWI,BCG_coverage_pct,91.0
2003-12-31,MWI,DTP3_coverage_pct,84.0
2003-12-31,MWI,HepB3_coverage_pct,84.0
2003-12-31,MWI,MCV1_measles_coverage_pct,77.0
2003-12-31,MYS,BCG_coverage_pct,99.0
2003-12-31,MYS,DTP3_coverage_pct,96.0
2003-12-31,MYS,HepB3_coverage_pct,95.0
2003-12-31,MYS,MCV1_measles_coverage_pct,93.0
2003-12-31,NAM,BCG_coverage_pct,92.0
2003-12-31,NAM,DTP3_coverage_pct,79.0
2003-12-31,NAM,HepB3_coverage_pct,0.0
2003-12-31,NAM,MCV1_measles_coverage_pct,70.0
2003-12-31,NER,BCG_coverage_pct,58.0
2003-12-31,NER,DTP3_coverage_pct,41.0
2003-12-31,NER,HepB3_coverage_pct,0.0
2003-12-31,NER,MCV1_measles_coverage_pct,43.0
2003-12-31,NGA,BCG_coverage_pct,42.0
2003-12-31,NGA,DTP3_coverage_pct,29.0
2003-12-31,NGA,HepB3_coverage_pct,0.0
2003-12-31,NGA,MCV1_measles_coverage_pct,34.0
2003-12-31,NIC,BCG_coverage_pct,94.0
2003-12-31,NIC,DTP3_coverage_pct,86.0
2003-12-31,NIC,HepB3_coverage_pct,86.0
2003-12-31,NIC,MCV1_measles_coverage_pct,93.0
2003-12-31,NIU,BCG_coverage_pct,99.0
2003-12-31,NIU,DTP3_coverage_pct,95.0
2003-12-31,NIU,HepB3_coverage_pct,95.0
2003-12-31,NIU,MCV1_measles_coverage_pct,86.0
2003-12-31,NLD,DTP3_coverage_pct,98.0
2003-12-31,NLD,HepB3_coverage_pct,0.0
2003-12-31,NLD,MCV1_measles_coverage_pct,96.0
2003-12-31,NOR,DTP3_coverage_pct,92.0
2003-12-31,NOR,HepB3_coverage_pct,0.0
2003-12-31,NOR,MCV1_measles_coverage_pct,86.0
2003-12-31,NPL,BCG_coverage_pct,91.0
2003-12-31,NPL,DTP3_coverage_pct,78.0
2003-12-31,NPL,HepB3_coverage_pct,2.0
2003-12-31,NPL,MCV1_measles_coverage_pct,75.0
2003-12-31,NRU,BCG_coverage_pct,97.0
2003-12-31,NRU,DTP3_coverage_pct,80.0
2003-12-31,NRU,HepB3_coverage_pct,77.0
2003-12-31,NRU,MCV1_measles_coverage_pct,53.0
2003-12-31,NZL,DTP3_coverage_pct,90.0
2003-12-31,NZL,HepB3_coverage_pct,89.0
2003-12-31,NZL,MCV1_measles_coverage_pct,84.0
2003-12-31,OMN,BCG_coverage_pct,98.0
2003-12-31,OMN,DTP3_coverage_pct,99.0
2003-12-31,OMN,HepB3_coverage_pct,99.0
2003-12-31,OMN,MCV1_measles_coverage_pct,98.0
2003-12-31,PAK,BCG_coverage_pct,76.0
2003-12-31,PAK,DTP3_coverage_pct,66.0
2003-12-31,PAK,HepB3_coverage_pct,62.0
2003-12-31,PAK,MCV1_measles_coverage_pct,62.0
2003-12-31,PAN,BCG_coverage_pct,99.0
2003-12-31,PAN,DTP3_coverage_pct,98.0
2003-12-31,PAN,HepB3_coverage_pct,98.0
2003-12-31,PAN,MCV1_measles_coverage_pct,95.0
2003-12-31,PER,BCG_coverage_pct,94.0
2003-12-31,PER,DTP3_coverage_pct,94.0
2003-12-31,PER,HepB3_coverage_pct,65.0
2003-12-31,PER,MCV1_measles_coverage_pct,95.0
2003-12-31,PHL,BCG_coverage_pct,86.0
2003-12-31,PHL,DTP3_coverage_pct,84.0
2003-12-31,PHL,HepB3_coverage_pct,52.0
2003-12-31,PHL,MCV1_measles_coverage_pct,87.0
2003-12-31,PLW,DTP3_coverage_pct,99.0
2003-12-31,PLW,HepB3_coverage_pct,99.0
2003-12-31,PLW,MCV1_measles_coverage_pct,99.0
2003-12-31,PNG,BCG_coverage_pct,89.0
2003-12-31,PNG,DTP3_coverage_pct,68.0
2003-12-31,PNG,HepB3_coverage_pct,67.0
2003-12-31,PNG,MCV1_measles_coverage_pct,77.0
2003-12-31,POL,BCG_coverage_pct,93.0
2003-12-31,POL,DTP3_coverage_pct,99.0
2003-12-31,POL,HepB3_coverage_pct,97.0
2003-12-31,POL,MCV1_measles_coverage_pct,97.0
2003-12-31,PRK,BCG_coverage_pct,88.0
2003-12-31,PRK,DTP3_coverage_pct,68.0
2003-12-31,PRK,HepB3_coverage_pct,27.0
2003-12-31,PRK,MCV1_measles_coverage_pct,95.0
2003-12-31,PRT,BCG_coverage_pct,81.0
2003-12-31,PRT,DTP3_coverage_pct,99.0
2003-12-31,PRT,HepB3_coverage_pct,94.0
2003-12-31,PRT,MCV1_measles_coverage_pct,96.0
2003-12-31,PRY,BCG_coverage_pct,88.0
2003-12-31,PRY,DTP3_coverage_pct,86.0
2003-12-31,PRY,HepB3_coverage_pct,86.0
2003-12-31,PRY,MCV1_measles_coverage_pct,91.0
2003-12-31,PSE,BCG_coverage_pct,99.0
2003-12-31,PSE,DTP3_coverage_pct,98.0
2003-12-31,PSE,HepB3_coverage_pct,97.0
2003-12-31,PSE,MCV1_measles_coverage_pct,99.0
2003-12-31,QAT,BCG_coverage_pct,99.0
2003-12-31,QAT,DTP3_coverage_pct,92.0
2003-12-31,QAT,HepB3_coverage_pct,93.0
2003-12-31,QAT,MCV1_measles_coverage_pct,93.0
2003-12-31,ROU,BCG_coverage_pct,99.0
2003-12-31,ROU,DTP3_coverage_pct,97.0
2003-12-31,ROU,HepB3_coverage_pct,98.0
2003-12-31,ROU,MCV1_measles_coverage_pct,97.0
2003-12-31,RUS,BCG_coverage_pct,97.0
2003-12-31,RUS,DTP3_coverage_pct,96.0
2003-12-31,RUS,HepB3_coverage_pct,94.0
2003-12-31,RUS,MCV1_measles_coverage_pct,98.0
2003-12-31,RWA,BCG_coverage_pct,96.0
2003-12-31,RWA,DTP3_coverage_pct,96.0
2003-12-31,RWA,HepB3_coverage_pct,96.0
2003-12-31,RWA,MCV1_measles_coverage_pct,90.0
2003-12-31,SAU,BCG_coverage_pct,94.0
2003-12-31,SAU,DTP3_coverage_pct,95.0
2003-12-31,SAU,HepB3_coverage_pct,95.0
2003-12-31,SAU,MCV1_measles_coverage_pct,96.0
2003-12-31,SDN,BCG_coverage_pct,69.0
2003-12-31,SDN,DTP3_coverage_pct,69.0
2003-12-31,SDN,HepB3_coverage_pct,0.0
2003-12-31,SDN,MCV1_measles_coverage_pct,65.0
2003-12-31,SEN,BCG_coverage_pct,77.0
2003-12-31,SEN,DTP3_coverage_pct,73.0
2003-12-31,SEN,HepB3_coverage_pct,0.0
2003-12-31,SEN,MCV1_measles_coverage_pct,60.0
2003-12-31,SGP,BCG_coverage_pct,99.0
2003-12-31,SGP,DTP3_coverage_pct,96.0
2003-12-31,SGP,HepB3_coverage_pct,95.0
2003-12-31,SGP,MCV1_measles_coverage_pct,93.0
2003-12-31,SLB,BCG_coverage_pct,93.0
2003-12-31,SLB,DTP3_coverage_pct,84.0
2003-12-31,SLB,HepB3_coverage_pct,79.0
2003-12-31,SLB,MCV1_measles_coverage_pct,82.0
2003-12-31,SLE,BCG_coverage_pct,89.0
2003-12-31,SLE,DTP3_coverage_pct,73.0
2003-12-31,SLE,HepB3_coverage_pct,0.0
2003-12-31,SLE,MCV1_measles_coverage_pct,73.0
2003-12-31,SLV,BCG_coverage_pct,91.0
2003-12-31,SLV,DTP3_coverage_pct,94.0
2003-12-31,SLV,HepB3_coverage_pct,94.0
2003-12-31,SLV,MCV1_measles_coverage_pct,90.0
2003-12-31,SMR,DTP3_coverage_pct,96.0
2003-12-31,SMR,HepB3_coverage_pct,96.0
2003-12-31,SMR,MCV1_measles_coverage_pct,94.0
2003-12-31,SOM,BCG_coverage_pct,65.0
2003-12-31,SOM,DTP3_coverage_pct,40.0
2003-12-31,SOM,HepB3_coverage_pct,0.0
2003-12-31,SOM,MCV1_measles_coverage_pct,40.0
2003-12-31,SRB,BCG_coverage_pct,94.0
2003-12-31,SRB,DTP3_coverage_pct,89.0
2003-12-31,SRB,HepB3_coverage_pct,0.0
2003-12-31,SRB,MCV1_measles_coverage_pct,87.0
2003-12-31,STP,BCG_coverage_pct,99.0
2003-12-31,STP,DTP3_coverage_pct,94.0
2003-12-31,STP,HepB3_coverage_pct,43.0
2003-12-31,STP,MCV1_measles_coverage_pct,87.0
2003-12-31,SUR,DTP3_coverage_pct,75.0
2003-12-31,SUR,HepB3_coverage_pct,0.0
2003-12-31,SUR,MCV1_measles_coverage_pct,69.0
2003-12-31,SVK,BCG_coverage_pct,98.0
2003-12-31,SVK,DTP3_coverage_pct,99.0
2003-12-31,SVK,HepB3_coverage_pct,99.0
2003-12-31,SVK,MCV1_measles_coverage_pct,99.0
2003-12-31,SVN,BCG_coverage_pct,97.0
2003-12-31,SVN,DTP3_coverage_pct,95.0
2003-12-31,SVN,HepB3_coverage_pct,0.0
2003-12-31,SVN,MCV1_measles_coverage_pct,94.0
2003-12-31,SWE,BCG_coverage_pct,17.0
2003-12-31,SWE,DTP3_coverage_pct,99.0
2003-12-31,SWE,HepB3_coverage_pct,0.0
2003-12-31,SWE,MCV1_measles_coverage_pct,95.0
2003-12-31,SWZ,BCG_coverage_pct,91.0
2003-12-31,SWZ,DTP3_coverage_pct,85.0
2003-12-31,SWZ,HepB3_coverage_pct,90.0
2003-12-31,SWZ,MCV1_measles_coverage_pct,93.0
2003-12-31,SYC,BCG_coverage_pct,99.0
2003-12-31,SYC,DTP3_coverage_pct,99.0
2003-12-31,SYC,HepB3_coverage_pct,99.0
2003-12-31,SYC,MCV1_measles_coverage_pct,99.0
2003-12-31,SYR,BCG_coverage_pct,90.0
2003-12-31,SYR,DTP3_coverage_pct,85.0
2003-12-31,SYR,HepB3_coverage_pct,81.0
2003-12-31,SYR,MCV1_measles_coverage_pct,83.0
2003-12-31,TCD,BCG_coverage_pct,40.0
2003-12-31,TCD,DTP3_coverage_pct,23.0
2003-12-31,TCD,HepB3_coverage_pct,0.0
2003-12-31,TCD,MCV1_measles_coverage_pct,23.0
2003-12-31,TGO,BCG_coverage_pct,79.0
2003-12-31,TGO,DTP3_coverage_pct,72.0
2003-12-31,TGO,HepB3_coverage_pct,0.0
2003-12-31,TGO,MCV1_measles_coverage_pct,68.0
2003-12-31,THA,BCG_coverage_pct,99.0
2003-12-31,THA,DTP3_coverage_pct,98.0
2003-12-31,THA,HepB3_coverage_pct,96.0
2003-12-31,THA,MCV1_measles_coverage_pct,96.0
2003-12-31,TJK,BCG_coverage_pct,98.0
2003-12-31,TJK,DTP3_coverage_pct,85.0
2003-12-31,TJK,HepB3_coverage_pct,58.0
2003-12-31,TJK,MCV1_measles_coverage_pct,91.0
2003-12-31,TKM,BCG_coverage_pct,99.0
2003-12-31,TKM,DTP3_coverage_pct,83.0
2003-12-31,TKM,HepB3_coverage_pct,97.0
2003-12-31,TKM,MCV1_measles_coverage_pct,97.0
2003-12-31,TLS,BCG_coverage_pct,72.0
2003-12-31,TLS,DTP3_coverage_pct,55.0
2003-12-31,TLS,HepB3_coverage_pct,0.0
2003-12-31,TLS,MCV1_measles_coverage_pct,55.0
2003-12-31,TON,BCG_coverage_pct,99.0
2003-12-31,TON,DTP3_coverage_pct,98.0
2003-12-31,TON,HepB3_coverage_pct,93.0
2003-12-31,TON,MCV1_measles_coverage_pct,99.0
2003-12-31,TTO,DTP3_coverage_pct,91.0
2003-12-31,TTO,HepB3_coverage_pct,76.0
2003-12-31,TTO,MCV1_measles_coverage_pct,88.0
2003-12-31,TUN,BCG_coverage_pct,93.0
2003-12-31,TUN,DTP3_coverage_pct,95.0
2003-12-31,TUN,HepB3_coverage_pct,92.0
2003-12-31,TUN,MCV1_measles_coverage_pct,90.0
2003-12-31,TUR,BCG_coverage_pct,88.0
2003-12-31,TUR,DTP3_coverage_pct,68.0
2003-12-31,TUR,HepB3_coverage_pct,68.0
2003-12-31,TUR,MCV1_measles_coverage_pct,75.0
2003-12-31,TUV,BCG_coverage_pct,99.0
2003-12-31,TUV,DTP3_coverage_pct,93.0
2003-12-31,TUV,HepB3_coverage_pct,95.0
2003-12-31,TUV,MCV1_measles_coverage_pct,95.0
2003-12-31,TZA,BCG_coverage_pct,91.0
2003-12-31,TZA,DTP3_coverage_pct,95.0
2003-12-31,TZA,HepB3_coverage_pct,95.0
2003-12-31,TZA,MCV1_measles_coverage_pct,97.0
2003-12-31,UGA,BCG_coverage_pct,87.0
2003-12-31,UGA,DTP3_coverage_pct,59.0
2003-12-31,UGA,HepB3_coverage_pct,44.0
2003-12-31,UGA,MCV1_measles_coverage_pct,64.0
2003-12-31,UKR,BCG_coverage_pct,98.0
2003-12-31,UKR,DTP3_coverage_pct,97.0
2003-12-31,UKR,HepB3_coverage_pct,77.0
2003-12-31,UKR,MCV1_measles_coverage_pct,99.0
2003-12-31,URY,BCG_coverage_pct,99.0
2003-12-31,URY,DTP3_coverage_pct,91.0
2003-12-31,URY,HepB3_coverage_pct,91.0
2003-12-31,URY,MCV1_measles_coverage_pct,95.0
2003-12-31,USA,DTP3_coverage_pct,96.0
2003-12-31,USA,HepB3_coverage_pct,92.0
2003-12-31,USA,MCV1_measles_coverage_pct,93.0
2003-12-31,UZB,BCG_coverage_pct,99.0
2003-12-31,UZB,DTP3_coverage_pct,98.0
2003-12-31,UZB,HepB3_coverage_pct,99.0
2003-12-31,UZB,MCV1_measles_coverage_pct,99.0
2003-12-31,VCT,BCG_coverage_pct,87.0
2003-12-31,VCT,DTP3_coverage_pct,99.0
2003-12-31,VCT,HepB3_coverage_pct,31.0
2003-12-31,VCT,MCV1_measles_coverage_pct,94.0
2003-12-31,VEN,BCG_coverage_pct,91.0
2003-12-31,VEN,DTP3_coverage_pct,68.0
2003-12-31,VEN,HepB3_coverage_pct,72.0
2003-12-31,VEN,MCV1_measles_coverage_pct,83.0
2003-12-31,VNM,BCG_coverage_pct,97.0
2003-12-31,VNM,DTP3_coverage_pct,99.0
2003-12-31,VNM,HepB3_coverage_pct,78.0
2003-12-31,VNM,MCV1_measles_coverage_pct,93.0
2003-12-31,VUT,BCG_coverage_pct,80.0
2003-12-31,VUT,DTP3_coverage_pct,69.0
2003-12-31,VUT,HepB3_coverage_pct,64.0
2003-12-31,VUT,MCV1_measles_coverage_pct,57.0
2003-12-31,WSM,BCG_coverage_pct,73.0
2003-12-31,WSM,DTP3_coverage_pct,90.0
2003-12-31,WSM,HepB3_coverage_pct,90.0
2003-12-31,WSM,MCV1_measles_coverage_pct,62.0
2003-12-31,YEM,BCG_coverage_pct,66.0
2003-12-31,YEM,DTP3_coverage_pct,61.0
2003-12-31,YEM,HepB3_coverage_pct,38.0
2003-12-31,YEM,MCV1_measles_coverage_pct,64.0
2003-12-31,ZAF,BCG_coverage_pct,81.0
2003-12-31,ZAF,DTP3_coverage_pct,69.0
2003-12-31,ZAF,HepB3_coverage_pct,71.0
2003-12-31,ZAF,MCV1_measles_coverage_pct,62.0
2003-12-31,ZMB,BCG_coverage_pct,93.0
2003-12-31,ZMB,DTP3_coverage_pct,83.0
2003-12-31,ZMB,HepB3_coverage_pct,0.0
2003-12-31,ZMB,MCV1_measles_coverage_pct,84.0
2003-12-31,ZWE,BCG_coverage_pct,78.0
2003-12-31,ZWE,DTP3_coverage_pct,68.0
2003-12-31,ZWE,HepB3_coverage_pct,70.0
2003-12-31,ZWE,MCV1_measles_coverage_pct,68.0
2004-12-31,AFG,BCG_coverage_pct,51.0
2004-12-31,AFG,DTP3_coverage_pct,50.0
2004-12-31,AFG,HepB3_coverage_pct,0.0
2004-12-31,AFG,MCV1_measles_coverage_pct,48.0
2004-12-31,AGO,BCG_coverage_pct,63.0
2004-12-31,AGO,DTP3_coverage_pct,47.0
2004-12-31,AGO,HepB3_coverage_pct,0.0
2004-12-31,AGO,MCV1_measles_coverage_pct,64.0
2004-12-31,ALB,BCG_coverage_pct,97.0
2004-12-31,ALB,DTP3_coverage_pct,97.0
2004-12-31,ALB,HepB3_coverage_pct,99.0
2004-12-31,ALB,MCV1_measles_coverage_pct,96.0
2004-12-31,AND,DTP3_coverage_pct,99.0
2004-12-31,AND,HepB3_coverage_pct,77.0
2004-12-31,AND,MCV1_measles_coverage_pct,98.0
2004-12-31,ARE,BCG_coverage_pct,98.0
2004-12-31,ARE,DTP3_coverage_pct,94.0
2004-12-31,ARE,HepB3_coverage_pct,92.0
2004-12-31,ARE,MCV1_measles_coverage_pct,94.0
2004-12-31,ARG,BCG_coverage_pct,99.0
2004-12-31,ARG,DTP3_coverage_pct,98.0
2004-12-31,ARG,HepB3_coverage_pct,94.0
2004-12-31,ARG,MCV1_measles_coverage_pct,99.0
2004-12-31,ARM,BCG_coverage_pct,96.0
2004-12-31,ARM,DTP3_coverage_pct,91.0
2004-12-31,ARM,HepB3_coverage_pct,91.0
2004-12-31,ARM,MCV1_measles_coverage_pct,92.0
2004-12-31,ATG,DTP3_coverage_pct,97.0
2004-12-31,ATG,HepB3_coverage_pct,97.0
2004-12-31,ATG,MCV1_measles_coverage_pct,97.0
2004-12-31,AUS,DTP3_coverage_pct,92.0
2004-12-31,AUS,HepB3_coverage_pct,95.0
2004-12-31,AUS,MCV1_measles_coverage_pct,94.0
2004-12-31,AUT,DTP3_coverage_pct,83.0
2004-12-31,AUT,HepB3_coverage_pct,83.0
2004-12-31,AUT,MCV1_measles_coverage_pct,74.0
2004-12-31,AZE,BCG_coverage_pct,82.0
2004-12-31,AZE,DTP3_coverage_pct,77.0
2004-12-31,AZE,HepB3_coverage_pct,50.0
2004-12-31,AZE,MCV1_measles_coverage_pct,67.0
2004-12-31,BDI,BCG_coverage_pct,91.0
2004-12-31,BDI,DTP3_coverage_pct,83.0
2004-12-31,BDI,HepB3_coverage_pct,83.0
2004-12-31,BDI,MCV1_measles_coverage_pct,78.0
2004-12-31,BEL,DTP3_coverage_pct,95.0
2004-12-31,BEL,HepB3_coverage_pct,64.0
2004-12-31,BEL,MCV1_measles_coverage_pct,82.0
2004-12-31,BEN,BCG_coverage_pct,89.0
2004-12-31,BEN,DTP3_coverage_pct,72.0
2004-12-31,BEN,HepB3_coverage_pct,75.0
2004-12-31,BEN,MCV1_measles_coverage_pct,63.0
2004-12-31,BFA,BCG_coverage_pct,99.0
2004-12-31,BFA,DTP3_coverage_pct,79.0
2004-12-31,BFA,HepB3_coverage_pct,0.0
2004-12-31,BFA,MCV1_measles_coverage_pct,78.0
2004-12-31,BGD,BCG_coverage_pct,96.0
2004-12-31,BGD,DTP3_coverage_pct,99.0
2004-12-31,BGD,HepB3_coverage_pct,11.0
2004-12-31,BGD,MCV1_measles_coverage_pct,81.0
2004-12-31,BGR,BCG_coverage_pct,98.0
2004-12-31,BGR,DTP3_coverage_pct,95.0
2004-12-31,BGR,HepB3_coverage_pct,94.0
2004-12-31,BGR,MCV1_measles_coverage_pct,95.0
2004-12-31,BHR,DTP3_coverage_pct,98.0
2004-12-31,BHR,HepB3_coverage_pct,98.0
2004-12-31,BHR,MCV1_measles_coverage_pct,99.0
2004-12-31,BHS,DTP3_coverage_pct,93.0
2004-12-31,BHS,HepB3_coverage_pct,93.0
2004-12-31,BHS,MCV1_measles_coverage_pct,89.0
2004-12-31,BIH,BCG_coverage_pct,95.0
2004-12-31,BIH,DTP3_coverage_pct,84.0
2004-12-31,BIH,HepB3_coverage_pct,36.0
2004-12-31,BIH,MCV1_measles_coverage_pct,88.0
2004-12-31,BLR,BCG_coverage_pct,99.0
2004-12-31,BLR,DTP3_coverage_pct,99.0
2004-12-31,BLR,HepB3_coverage_pct,99.0
2004-12-31,BLR,MCV1_measles_coverage_pct,99.0
2004-12-31,BLZ,BCG_coverage_pct,99.0
2004-12-31,BLZ,DTP3_coverage_pct,97.0
2004-12-31,BLZ,HepB3_coverage_pct,97.0
2004-12-31,BLZ,MCV1_measles_coverage_pct,97.0
2004-12-31,BOL,BCG_coverage_pct,86.0
2004-12-31,BOL,DTP3_coverage_pct,84.0
2004-12-31,BOL,HepB3_coverage_pct,84.0
2004-12-31,BOL,MCV1_measles_coverage_pct,90.0
2004-12-31,BRA,BCG_coverage_pct,99.0
2004-12-31,BRA,DTP3_coverage_pct,99.0
2004-12-31,BRA,HepB3_coverage_pct,96.0
2004-12-31,BRA,MCV1_measles_coverage_pct,97.0
2004-12-31,BRB,DTP3_coverage_pct,93.0
2004-12-31,BRB,HepB3_coverage_pct,93.0
2004-12-31,BRB,MCV1_measles_coverage_pct,98.0
2004-12-31,BRN,BCG_coverage_pct,99.0
2004-12-31,BRN,DTP3_coverage_pct,92.0
2004-12-31,BRN,HepB3_coverage_pct,99.0
2004-12-31,BRN,MCV1_measles_coverage_pct,99.0
2004-12-31,BTN,BCG_coverage_pct,92.0
2004-12-31,BTN,DTP3_coverage_pct,89.0
2004-12-31,BTN,HepB3_coverage_pct,89.0
2004-12-31,BTN,MCV1_measles_coverage_pct,87.0
2004-12-31,BWA,BCG_coverage_pct,99.0
2004-12-31,BWA,DTP3_coverage_pct,96.0
2004-12-31,BWA,HepB3_coverage_pct,91.0
2004-12-31,BWA,MCV1_measles_coverage_pct,93.0
2004-12-31,CAF,BCG_coverage_pct,73.0
2004-12-31,CAF,DTP3_coverage_pct,51.0
2004-12-31,CAF,HepB3_coverage_pct,0.0
2004-12-31,CAF,MCV1_measles_coverage_pct,55.0
2004-12-31,CAN,DTP3_coverage_pct,91.0
2004-12-31,CAN,HepB3_coverage_pct,14.0
2004-12-31,CAN,MCV1_measles_coverage_pct,94.0
2004-12-31,CHE,DTP3_coverage_pct,93.0
2004-12-31,CHE,HepB3_coverage_pct,0.0
2004-12-31,CHE,MCV1_measles_coverage_pct,82.0
2004-12-31,CHL,BCG_coverage_pct,95.0
2004-12-31,CHL,DTP3_coverage_pct,93.0
2004-12-31,CHL,HepB3_coverage_pct,0.0
2004-12-31,CHL,MCV1_measles_coverage_pct,94.0
2004-12-31,CHN,BCG_coverage_pct,86.0
2004-12-31,CHN,DTP3_coverage_pct,87.0
2004-12-31,CHN,HepB3_coverage_pct,79.0
2004-12-31,CHN,MCV1_measles_coverage_pct,86.0
2004-12-31,CIV,BCG_coverage_pct,71.0
2004-12-31,CIV,DTP3_coverage_pct,68.0
2004-12-31,CIV,HepB3_coverage_pct,67.0
2004-12-31,CIV,MCV1_measles_coverage_pct,78.0
2004-12-31,CMR,BCG_coverage_pct,83.0
2004-12-31,CMR,DTP3_coverage_pct,73.0
2004-12-31,CMR,HepB3_coverage_pct,0.0
2004-12-31,CMR,MCV1_measles_coverage_pct,64.0
2004-12-31,COD,BCG_coverage_pct,67.0
2004-12-31,COD,DTP3_coverage_pct,54.0
2004-12-31,COD,HepB3_coverage_pct,0.0
2004-12-31,COD,MCV1_measles_coverage_pct,57.0
2004-12-31,COG,BCG_coverage_pct,85.0
2004-12-31,COG,DTP3_coverage_pct,67.0
2004-12-31,COG,HepB3_coverage_pct,0.0
2004-12-31,COG,MCV1_measles_coverage_pct,65.0
2004-12-31,COK,BCG_coverage_pct,99.0
2004-12-31,COK,DTP3_coverage_pct,99.0
2004-12-31,COK,HepB3_coverage_pct,99.0
2004-12-31,COK,MCV1_measles_coverage_pct,99.0
2004-12-31,COL,BCG_coverage_pct,92.0
2004-12-31,COL,DTP3_coverage_pct,89.0
2004-12-31,COL,HepB3_coverage_pct,89.0
2004-12-31,COL,MCV1_measles_coverage_pct,92.0
2004-12-31,COM,BCG_coverage_pct,79.0
2004-12-31,COM,DTP3_coverage_pct,76.0
2004-12-31,COM,HepB3_coverage_pct,77.0
2004-12-31,COM,MCV1_measles_coverage_pct,76.0
2004-12-31,CPV,BCG_coverage_pct,99.0
2004-12-31,CPV,DTP3_coverage_pct,93.0
2004-12-31,CPV,HepB3_coverage_pct,91.0
2004-12-31,CPV,MCV1_measles_coverage_pct,91.0
2004-12-31,CRI,BCG_coverage_pct,97.0
2004-12-31,CRI,DTP3_coverage_pct,90.0
2004-12-31,CRI,HepB3_coverage_pct,89.0
2004-12-31,CRI,MCV1_measles_coverage_pct,88.0
2004-12-31,CUB,BCG_coverage_pct,99.0
2004-12-31,CUB,DTP3_coverage_pct,88.0
2004-12-31,CUB,HepB3_coverage_pct,99.0
2004-12-31,CUB,MCV1_measles_coverage_pct,99.0
2004-12-31,CYP,DTP3_coverage_pct,98.0
2004-12-31,CYP,HepB3_coverage_pct,88.0
2004-12-31,CYP,MCV1_measles_coverage_pct,86.0
2004-12-31,CZE,BCG_coverage_pct,99.0
2004-12-31,CZE,DTP3_coverage_pct,98.0
2004-12-31,CZE,HepB3_coverage_pct,98.0
2004-12-31,CZE,MCV1_measles_coverage_pct,97.0
2004-12-31,DEU,DTP3_coverage_pct,96.0
2004-12-31,DEU,HepB3_coverage_pct,88.0
2004-12-31,DEU,MCV1_measles_coverage_pct,96.0
2004-12-31,DJI,BCG_coverage_pct,71.0
2004-12-31,DJI,DTP3_coverage_pct,64.0
2004-12-31,DJI,HepB3_coverage_pct,0.0
2004-12-31,DJI,MCV1_measles_coverage_pct,60.0
2004-12-31,DMA,BCG_coverage_pct,99.0
2004-12-31,DMA,DTP3_coverage_pct,99.0
2004-12-31,DMA,HepB3_coverage_pct,0.0
2004-12-31,DMA,MCV1_measles_coverage_pct,99.0
2004-12-31,DNK,DTP3_coverage_pct,95.0
2004-12-31,DNK,HepB3_coverage_pct,0.0
2004-12-31,DNK,MCV1_measles_coverage_pct,96.0
2004-12-31,DOM,BCG_coverage_pct,97.0
2004-12-31,DOM,DTP3_coverage_pct,79.0
2004-12-31,DOM,HepB3_coverage_pct,82.0
2004-12-31,DOM,MCV1_measles_coverage_pct,81.0
2004-12-31,DZA,BCG_coverage_pct,98.0
2004-12-31,DZA,DTP3_coverage_pct,86.0
2004-12-31,DZA,HepB3_coverage_pct,81.0
2004-12-31,DZA,MCV1_measles_coverage_pct,81.0
2004-12-31,ECU,BCG_coverage_pct,99.0
2004-12-31,ECU,DTP3_coverage_pct,88.0
2004-12-31,ECU,HepB3_coverage_pct,88.0
2004-12-31,ECU,MCV1_measles_coverage_pct,99.0
2004-12-31,EGY,BCG_coverage_pct,98.0
2004-12-31,EGY,DTP3_coverage_pct,97.0
2004-12-31,EGY,HepB3_coverage_pct,97.0
2004-12-31,EGY,MCV1_measles_coverage_pct,97.0
2004-12-31,ERI,BCG_coverage_pct,99.0
2004-12-31,ERI,DTP3_coverage_pct,98.0
2004-12-31,ERI,HepB3_coverage_pct,84.0
2004-12-31,ERI,MCV1_measles_coverage_pct,96.0
2004-12-31,ESP,DTP3_coverage_pct,97.0
2004-12-31,ESP,HepB3_coverage_pct,97.0
2004-12-31,ESP,MCV1_measles_coverage_pct,97.0
2004-12-31,EST,BCG_coverage_pct,99.0
2004-12-31,EST,DTP3_coverage_pct,94.0
2004-12-31,EST,HepB3_coverage_pct,90.0
2004-12-31,EST,MCV1_measles_coverage_pct,96.0
2004-12-31,ETH,BCG_coverage_pct,63.0
2004-12-31,ETH,DTP3_coverage_pct,39.0
2004-12-31,ETH,HepB3_coverage_pct,0.0
2004-12-31,ETH,MCV1_measles_coverage_pct,35.0
2004-12-31,FIN,BCG_coverage_pct,98.0
2004-12-31,FIN,DTP3_coverage_pct,98.0
2004-12-31,FIN,HepB3_coverage_pct,0.0
2004-12-31,FIN,MCV1_measles_coverage_pct,97.0
2004-12-31,FJI,BCG_coverage_pct,98.0
2004-12-31,FJI,DTP3_coverage_pct,95.0
2004-12-31,FJI,HepB3_coverage_pct,99.0
2004-12-31,FJI,MCV1_measles_coverage_pct,88.0
2004-12-31,FRA,BCG_coverage_pct,85.0
2004-12-31,FRA,DTP3_coverage_pct,98.0
2004-12-31,FRA,HepB3_coverage_pct,35.0
2004-12-31,FRA,MCV1_measles_coverage_pct,88.0
2004-12-31,FSM,BCG_coverage_pct,62.0
2004-12-31,FSM,DTP3_coverage_pct,78.0
2004-12-31,FSM,HepB3_coverage_pct,80.0
2004-12-31,FSM,MCV1_measles_coverage_pct,85.0
2004-12-31,GAB,BCG_coverage_pct,91.0
2004-12-31,GAB,DTP3_coverage_pct,45.0
2004-12-31,GAB,HepB3_coverage_pct,0.0
2004-12-31,GAB,MCV1_measles_coverage_pct,55.0
2004-12-31,GBR,DTP3_coverage_pct,92.0
2004-12-31,GBR,HepB3_coverage_pct,0.0
2004-12-31,GBR,MCV1_measles_coverage_pct,81.0
2004-12-31,GEO,BCG_coverage_pct,91.0
2004-12-31,GEO,DTP3_coverage_pct,78.0
2004-12-31,GEO,HepB3_coverage_pct,64.0
2004-12-31,GEO,MCV1_measles_coverage_pct,86.0
2004-12-31,GHA,BCG_coverage_pct,92.0
2004-12-31,GHA,DTP3_coverage_pct,80.0
2004-12-31,GHA,HepB3_coverage_pct,80.0
2004-12-31,GHA,MCV1_measles_coverage_pct,83.0
2004-12-31,GIN,BCG_coverage_pct,79.0
2004-12-31,GIN,DTP3_coverage_pct,60.0
2004-12-31,GIN,HepB3_coverage_pct,0.0
2004-12-31,GIN,MCV1_measles_coverage_pct,50.0
2004-12-31,GMB,BCG_coverage_pct,99.0
2004-12-31,GMB,DTP3_coverage_pct,87.0
2004-12-31,GMB,HepB3_coverage_pct,95.0
2004-12-31,GMB,MCV1_measles_coverage_pct,92.0
2004-12-31,GNB,BCG_coverage_pct,87.0
2004-12-31,GNB,DTP3_coverage_pct,64.0
2004-12-31,GNB,HepB3_coverage_pct,0.0
2004-12-31,GNB,MCV1_measles_coverage_pct,75.0
2004-12-31,GNQ,BCG_coverage_pct,72.0
2004-12-31,GNQ,DTP3_coverage_pct,43.0
2004-12-31,GNQ,HepB3_coverage_pct,0.0
2004-12-31,GNQ,MCV1_measles_coverage_pct,48.0
2004-12-31,GRC,DTP3_coverage_pct,95.0
2004-12-31,GRC,HepB3_coverage_pct,92.0
2004-12-31,GRC,MCV1_measles_coverage_pct,95.0
2004-12-31,GRD,DTP3_coverage_pct,83.0
2004-12-31,GRD,HepB3_coverage_pct,83.0
2004-12-31,GRD,MCV1_measles_coverage_pct,74.0
2004-12-31,GTM,BCG_coverage_pct,98.0
2004-12-31,GTM,DTP3_coverage_pct,87.0
2004-12-31,GTM,HepB3_coverage_pct,0.0
2004-12-31,GTM,MCV1_measles_coverage_pct,95.0
2004-12-31,GUY,BCG_coverage_pct,94.0
2004-12-31,GUY,DTP3_coverage_pct,91.0
2004-12-31,GUY,HepB3_coverage_pct,91.0
2004-12-31,GUY,MCV1_measles_coverage_pct,88.0
2004-12-31,HND,BCG_coverage_pct,98.0
2004-12-31,HND,DTP3_coverage_pct,94.0
2004-12-31,HND,HepB3_coverage_pct,93.0
2004-12-31,HND,MCV1_measles_coverage_pct,92.0
2004-12-31,HRV,BCG_coverage_pct,98.0
2004-12-31,HRV,DTP3_coverage_pct,96.0
2004-12-31,HRV,HepB3_coverage_pct,0.0
2004-12-31,HRV,MCV1_measles_coverage_pct,96.0
2004-12-31,HTI,BCG_coverage_pct,75.0
2004-12-31,HTI,DTP3_coverage_pct,57.0
2004-12-31,HTI,HepB3_coverage_pct,0.0
2004-12-31,HTI,MCV1_measles_coverage_pct,53.0
2004-12-31,HUN,BCG_coverage_pct,99.0
2004-12-31,HUN,DTP3_coverage_pct,99.0
2004-12-31,HUN,HepB3_coverage_pct,0.0
2004-12-31,HUN,MCV1_measles_coverage_pct,99.0
2004-12-31,IDN,BCG_coverage_pct,85.0
2004-12-31,IDN,DTP3_coverage_pct,71.0
2004-12-31,IDN,HepB3_coverage_pct,64.0
2004-12-31,IDN,MCV1_measles_coverage_pct,76.0
2004-12-31,IND,BCG_coverage_pct,80.0
2004-12-31,IND,DTP3_coverage_pct,63.0
2004-12-31,IND,HepB3_coverage_pct,6.0
2004-12-31,IND,MCV1_measles_coverage_pct,64.0
2004-12-31,IRL,BCG_coverage_pct,30.0
2004-12-31,IRL,DTP3_coverage_pct,89.0
2004-12-31,IRL,HepB3_coverage_pct,0.0
2004-12-31,IRL,MCV1_measles_coverage_pct,81.0
2004-12-31,IRN,BCG_coverage_pct,99.0
2004-12-31,IRN,DTP3_coverage_pct,99.0
2004-12-31,IRN,HepB3_coverage_pct,95.0
2004-12-31,IRN,MCV1_measles_coverage_pct,96.0
2004-12-31,IRQ,BCG_coverage_pct,94.0
2004-12-31,IRQ,DTP3_coverage_pct,74.0
2004-12-31,IRQ,HepB3_coverage_pct,62.0
2004-12-31,IRQ,MCV1_measles_coverage_pct,69.0
2004-12-31,ISL,DTP3_coverage_pct,99.0
2004-12-31,ISL,HepB3_coverage_pct,0.0
2004-12-31,ISL,MCV1_measles_coverage_pct,93.0
2004-12-31,ISR,DTP3_coverage_pct,95.0
2004-12-31,ISR,HepB3_coverage_pct,99.0
2004-12-31,ISR,MCV1_measles_coverage_pct,97.0
2004-12-31,ITA,DTP3_coverage_pct,94.0
2004-12-31,ITA,HepB3_coverage_pct,96.0
2004-12-31,ITA,MCV1_measles_coverage_pct,86.0
2004-12-31,JAM,BCG_coverage_pct,90.0
2004-12-31,JAM,DTP3_coverage_pct,96.0
2004-12-31,JAM,HepB3_coverage_pct,98.0
2004-12-31,JAM,MCV1_measles_coverage_pct,86.0
2004-12-31,JOR,BCG_coverage_pct,58.0
2004-12-31,JOR,DTP3_coverage_pct,95.0
2004-12-31,JOR,HepB3_coverage_pct,95.0
2004-12-31,JOR,MCV1_measles_coverage_pct,99.0
2004-12-31,JPN,DTP3_coverage_pct,99.0
2004-12-31,JPN,HepB3_coverage_pct,0.0
2004-12-31,JPN,MCV1_measles_coverage_pct,98.0
2004-12-31,KAZ,BCG_coverage_pct,65.0
2004-12-31,KAZ,DTP3_coverage_pct,82.0
2004-12-31,KAZ,HepB3_coverage_pct,99.0
2004-12-31,KAZ,MCV1_measles_coverage_pct,99.0
2004-12-31,KEN,BCG_coverage_pct,87.0
2004-12-31,KEN,DTP3_coverage_pct,73.0
2004-12-31,KEN,HepB3_coverage_pct,73.0
2004-12-31,KEN,MCV1_measles_coverage_pct,73.0
2004-12-31,KGZ,BCG_coverage_pct,98.0
2004-12-31,KGZ,DTP3_coverage_pct,99.0
2004-12-31,KGZ,HepB3_coverage_pct,99.0
2004-12-31,KGZ,MCV1_measles_coverage_pct,99.0
2004-12-31,KHM,BCG_coverage_pct,95.0
2004-12-31,KHM,DTP3_coverage_pct,85.0
2004-12-31,KHM,HepB3_coverage_pct,0.0
2004-12-31,KHM,MCV1_measles_coverage_pct,80.0
2004-12-31,KIR,BCG_coverage_pct,94.0
2004-12-31,KIR,DTP3_coverage_pct,62.0
2004-12-31,KIR,HepB3_coverage_pct,67.0
2004-12-31,KIR,MCV1_measles_coverage_pct,56.0
2004-12-31,KNA,BCG_coverage_pct,89.0
2004-12-31,KNA,DTP3_coverage_pct,96.0
2004-12-31,KNA,HepB3_coverage_pct,96.0
2004-12-31,KNA,MCV1_measles_coverage_pct,98.0
2004-12-31,KOR,BCG_coverage_pct,93.0
2004-12-31,KOR,DTP3_coverage_pct,88.0
2004-12-31,KOR,HepB3_coverage_pct,92.0
2004-12-31,KOR,MCV1_measles_coverage_pct,99.0
2004-12-31,KWT,DTP3_coverage_pct,98.0
2004-12-31,KWT,HepB3_coverage_pct,94.0
2004-12-31,KWT,MCV1_measles_coverage_pct,97.0
2004-12-31,LAO,BCG_coverage_pct,60.0
2004-12-31,LAO,DTP3_coverage_pct,45.0
2004-12-31,LAO,HepB3_coverage_pct,45.0
2004-12-31,LAO,MCV1_measles_coverage_pct,36.0
2004-12-31,LBN,DTP3_coverage_pct,75.0
2004-12-31,LBN,HepB3_coverage_pct,75.0
2004-12-31,LBN,MCV1_measles_coverage_pct,60.0
2004-12-31,LBR,BCG_coverage_pct,60.0
2004-12-31,LBR,DTP3_coverage_pct,31.0
2004-12-31,LBR,HepB3_coverage_pct,0.0
2004-12-31,LBR,MCV1_measles_coverage_pct,41.0
2004-12-31,LBY,BCG_coverage_pct,99.0
2004-12-31,LBY,DTP3_coverage_pct,97.0
2004-12-31,LBY,HepB3_coverage_pct,99.0
2004-12-31,LBY,MCV1_measles_coverage_pct,99.0
2004-12-31,LCA,BCG_coverage_pct,99.0
2004-12-31,LCA,DTP3_coverage_pct,91.0
2004-12-31,LCA,HepB3_coverage_pct,91.0
2004-12-31,LCA,MCV1_measles_coverage_pct,95.0
2004-12-31,LKA,BCG_coverage_pct,99.0
2004-12-31,LKA,DTP3_coverage_pct,97.0
2004-12-31,LKA,HepB3_coverage_pct,62.0
2004-12-31,LKA,MCV1_measles_coverage_pct,96.0
2004-12-31,LSO,BCG_coverage_pct,96.0
2004-12-31,LSO,DTP3_coverage_pct,90.0
2004-12-31,LSO,HepB3_coverage_pct,60.0
2004-12-31,LSO,MCV1_measles_coverage_pct,84.0
2004-12-31,LTU,BCG_coverage_pct,99.0
2004-12-31,LTU,DTP3_coverage_pct,94.0
2004-12-31,LTU,HepB3_coverage_pct,94.0
2004-12-31,LTU,MCV1_measles_coverage_pct,98.0
2004-12-31,LUX,DTP3_coverage_pct,99.0
2004-12-31,LUX,HepB3_coverage_pct,94.0
2004-12-31,LUX,MCV1_measles_coverage_pct,95.0
2004-12-31,LVA,BCG_coverage_pct,98.0
2004-12-31,LVA,DTP3_coverage_pct,99.0
2004-12-31,LVA,HepB3_coverage_pct,98.0
2004-12-31,LVA,MCV1_measles_coverage_pct,98.0
2004-12-31,MAR,BCG_coverage_pct,95.0
2004-12-31,MAR,DTP3_coverage_pct,97.0
2004-12-31,MAR,HepB3_coverage_pct,95.0
2004-12-31,MAR,MCV1_measles_coverage_pct,95.0
2004-12-31,MCO,BCG_coverage_pct,89.0
2004-12-31,MCO,DTP3_coverage_pct,99.0
2004-12-31,MCO,HepB3_coverage_pct,99.0
2004-12-31,MCO,MCV1_measles_coverage_pct,96.0
2004-12-31,MDA,BCG_coverage_pct,99.0
2004-12-31,MDA,DTP3_coverage_pct,98.0
2004-12-31,MDA,HepB3_coverage_pct,99.0
2004-12-31,MDA,MCV1_measles_coverage_pct,96.0
2004-12-31,MDG,BCG_coverage_pct,85.0
2004-12-31,MDG,DTP3_coverage_pct,78.0
2004-12-31,MDG,HepB3_coverage_pct,71.0
2004-12-31,MDG,MCV1_measles_coverage_pct,79.0
2004-12-31,MDV,BCG_coverage_pct,98.0
2004-12-31,MDV,DTP3_coverage_pct,96.0
2004-12-31,MDV,HepB3_coverage_pct,97.0
2004-12-31,MDV,MCV1_measles_coverage_pct,97.0
2004-12-31,MEX,BCG_coverage_pct,99.0
2004-12-31,MEX,DTP3_coverage_pct,98.0
2004-12-31,MEX,HepB3_coverage_pct,98.0
2004-12-31,MEX,MCV1_measles_coverage_pct,96.0
2004-12-31,MHL,BCG_coverage_pct,91.0
2004-12-31,MHL,DTP3_coverage_pct,64.0
2004-12-31,MHL,HepB3_coverage_pct,72.0
2004-12-31,MHL,MCV1_measles_coverage_pct,70.0
2004-12-31,MKD,BCG_coverage_pct,94.0
2004-12-31,MKD,DTP3_coverage_pct,94.0
2004-12-31,MKD,HepB3_coverage_pct,0.0
2004-12-31,MKD,MCV1_measles_coverage_pct,96.0
2004-12-31,MLI,BCG_coverage_pct,76.0
2004-12-31,MLI,DTP3_coverage_pct,69.0
2004-12-31,MLI,HepB3_coverage_pct,73.0
2004-12-31,MLI,MCV1_measles_coverage_pct,63.0
2004-12-31,MLT,DTP3_coverage_pct,89.0
2004-12-31,MLT,HepB3_coverage_pct,85.0
2004-12-31,MLT,MCV1_measles_coverage_pct,94.0
2004-12-31,MMR,BCG_coverage_pct,85.0
2004-12-31,MMR,DTP3_coverage_pct,82.0
2004-12-31,MMR,HepB3_coverage_pct,39.0
2004-12-31,MMR,MCV1_measles_coverage_pct,86.0
2004-12-31,MNG,BCG_coverage_pct,98.0
2004-12-31,MNG,DTP3_coverage_pct,99.0
2004-12-31,MNG,HepB3_coverage_pct,98.0
2004-12-31,MNG,MCV1_measles_coverage_pct,99.0
2004-12-31,MOZ,BCG_coverage_pct,90.0
2004-12-31,MOZ,DTP3_coverage_pct,83.0
2004-12-31,MOZ,HepB3_coverage_pct,76.0
2004-12-31,MOZ,MCV1_measles_coverage_pct,79.0
2004-12-31,MRT,BCG_coverage_pct,94.0
2004-12-31,MRT,DTP3_coverage_pct,70.0
2004-12-31,MRT,HepB3_coverage_pct,0.0
2004-12-31,MRT,MCV1_measles_coverage_pct,73.0
2004-12-31,MUS,BCG_coverage_pct,99.0
2004-12-31,MUS,DTP3_coverage_pct,98.0
2004-12-31,MUS,HepB3_coverage_pct,98.0
2004-12-31,MUS,MCV1_measles_coverage_pct,98.0
2004-12-31,MWI,BCG_coverage_pct,97.0
2004-12-31,MWI,DTP3_coverage_pct,89.0
2004-12-31,MWI,HepB3_coverage_pct,89.0
2004-12-31,MWI,MCV1_measles_coverage_pct,80.0
2004-12-31,MYS,BCG_coverage_pct,99.0
2004-12-31,MYS,DTP3_coverage_pct,95.0
2004-12-31,MYS,HepB3_coverage_pct,94.0
2004-12-31,MYS,MCV1_measles_coverage_pct,95.0
2004-12-31,NAM,BCG_coverage_pct,94.0
2004-12-31,NAM,DTP3_coverage_pct,81.0
2004-12-31,NAM,HepB3_coverage_pct,0.0
2004-12-31,NAM,MCV1_measles_coverage_pct,70.0
2004-12-31,NER,BCG_coverage_pct,61.0
2004-12-31,NER,DTP3_coverage_pct,43.0
2004-12-31,NER,HepB3_coverage_pct,0.0
2004-12-31,NER,MCV1_measles_coverage_pct,45.0
2004-12-31,NGA,BCG_coverage_pct,45.0
2004-12-31,NGA,DTP3_coverage_pct,33.0
2004-12-31,NGA,HepB3_coverage_pct,8.0
2004-12-31,NGA,MCV1_measles_coverage_pct,37.0
2004-12-31,NIC,BCG_coverage_pct,88.0
2004-12-31,NIC,DTP3_coverage_pct,79.0
2004-12-31,NIC,HepB3_coverage_pct,79.0
2004-12-31,NIC,MCV1_measles_coverage_pct,84.0
2004-12-31,NIU,BCG_coverage_pct,96.0
2004-12-31,NIU,DTP3_coverage_pct,99.0
2004-12-31,NIU,HepB3_coverage_pct,99.0
2004-12-31,NIU,MCV1_measles_coverage_pct,99.0
2004-12-31,NLD,DTP3_coverage_pct,98.0
2004-12-31,NLD,HepB3_coverage_pct,0.0
2004-12-31,NLD,MCV1_measles_coverage_pct,96.0
2004-12-31,NOR,DTP3_coverage_pct,92.0
2004-12-31,NOR,HepB3_coverage_pct,0.0
2004-12-31,NOR,MCV1_measles_coverage_pct,89.0
2004-12-31,NPL,BCG_coverage_pct,85.0
2004-12-31,NPL,DTP3_coverage_pct,80.0
2004-12-31,NPL,HepB3_coverage_pct,27.0
2004-12-31,NPL,MCV1_measles_coverage_pct,73.0
2004-12-31,NRU,BCG_coverage_pct,93.0
2004-12-31,NRU,DTP3_coverage_pct,80.0
2004-12-31,NRU,HepB3_coverage_pct,78.0
2004-12-31,NRU,MCV1_measles_coverage_pct,67.0
2004-12-31,NZL,DTP3_coverage_pct,89.0
2004-12-31,NZL,HepB3_coverage_pct,88.0
2004-12-31,NZL,MCV1_measles_coverage_pct,83.0
2004-12-31,OMN,BCG_coverage_pct,99.0
2004-12-31,OMN,DTP3_coverage_pct,99.0
2004-12-31,OMN,HepB3_coverage_pct,99.0
2004-12-31,OMN,MCV1_measles_coverage_pct,98.0
2004-12-31,PAK,BCG_coverage_pct,78.0
2004-12-31,PAK,DTP3_coverage_pct,68.0
2004-12-31,PAK,HepB3_coverage_pct,62.0
2004-12-31,PAK,MCV1_measles_coverage_pct,63.0
2004-12-31,PAN,BCG_coverage_pct,99.0
2004-12-31,PAN,DTP3_coverage_pct,95.0
2004-12-31,PAN,HepB3_coverage_pct,95.0
2004-12-31,PAN,MCV1_measles_coverage_pct,97.0
2004-12-31,PER,BCG_coverage_pct,95.0
2004-12-31,PER,DTP3_coverage_pct,86.0
2004-12-31,PER,HepB3_coverage_pct,92.0
2004-12-31,PER,MCV1_measles_coverage_pct,85.0
2004-12-31,PHL,BCG_coverage_pct,91.0
2004-12-31,PHL,DTP3_coverage_pct,88.0
2004-12-31,PHL,HepB3_coverage_pct,48.0
2004-12-31,PHL,MCV1_measles_coverage_pct,92.0
2004-12-31,PLW,DTP3_coverage_pct,98.0
2004-12-31,PLW,HepB3_coverage_pct,98.0
2004-12-31,PLW,MCV1_measles_coverage_pct,99.0
2004-12-31,PNG,BCG_coverage_pct,89.0
2004-12-31,PNG,DTP3_coverage_pct,62.0
2004-12-31,PNG,HepB3_coverage_pct,60.0
2004-12-31,PNG,MCV1_measles_coverage_pct,77.0
2004-12-31,POL,BCG_coverage_pct,94.0
2004-12-31,POL,DTP3_coverage_pct,99.0
2004-12-31,POL,HepB3_coverage_pct,98.0
2004-12-31,POL,MCV1_measles_coverage_pct,97.0
2004-12-31,PRK,BCG_coverage_pct,95.0
2004-12-31,PRK,DTP3_coverage_pct,72.0
2004-12-31,PRK,HepB3_coverage_pct,98.0
2004-12-31,PRK,MCV1_measles_coverage_pct,95.0
2004-12-31,PRT,BCG_coverage_pct,83.0
2004-12-31,PRT,DTP3_coverage_pct,95.0
2004-12-31,PRT,HepB3_coverage_pct,94.0
2004-12-31,PRT,MCV1_measles_coverage_pct,95.0
2004-12-31,PRY,BCG_coverage_pct,97.0
2004-12-31,PRY,DTP3_coverage_pct,92.0
2004-12-31,PRY,HepB3_coverage_pct,90.0
2004-12-31,PRY,MCV1_measles_coverage_pct,91.0
2004-12-31,PSE,BCG_coverage_pct,98.0
2004-12-31,PSE,DTP3_coverage_pct,96.0
2004-12-31,PSE,HepB3_coverage_pct,96.0
2004-12-31,PSE,MCV1_measles_coverage_pct,96.0
2004-12-31,QAT,BCG_coverage_pct,99.0
2004-12-31,QAT,DTP3_coverage_pct,96.0
2004-12-31,QAT,HepB3_coverage_pct,97.0
2004-12-31,QAT,MCV1_measles_coverage_pct,99.0
2004-12-31,ROU,BCG_coverage_pct,99.0
2004-12-31,ROU,DTP3_coverage_pct,97.0
2004-12-31,ROU,HepB3_coverage_pct,99.0
2004-12-31,ROU,MCV1_measles_coverage_pct,97.0
2004-12-31,RUS,BCG_coverage_pct,96.0
2004-12-31,RUS,DTP3_coverage_pct,97.0
2004-12-31,RUS,HepB3_coverage_pct,96.0
2004-12-31,RUS,MCV1_measles_coverage_pct,98.0
2004-12-31,RWA,BCG_coverage_pct,97.0
2004-12-31,RWA,DTP3_coverage_pct,89.0
2004-12-31,RWA,HepB3_coverage_pct,89.0
2004-12-31,RWA,MCV1_measles_coverage_pct,84.0
2004-12-31,SAU,BCG_coverage_pct,95.0
2004-12-31,SAU,DTP3_coverage_pct,96.0
2004-12-31,SAU,HepB3_coverage_pct,96.0
2004-12-31,SAU,MCV1_measles_coverage_pct,97.0
2004-12-31,SDN,BCG_coverage_pct,66.0
2004-12-31,SDN,DTP3_coverage_pct,74.0
2004-12-31,SDN,HepB3_coverage_pct,0.0
2004-12-31,SDN,MCV1_measles_coverage_pct,67.0
2004-12-31,SEN,BCG_coverage_pct,95.0
2004-12-31,SEN,DTP3_coverage_pct,87.0
2004-12-31,SEN,HepB3_coverage_pct,54.0
2004-12-31,SEN,MCV1_measles_coverage_pct,57.0
2004-12-31,SGP,BCG_coverage_pct,99.0
2004-12-31,SGP,DTP3_coverage_pct,95.0
2004-12-31,SGP,HepB3_coverage_pct,94.0
2004-12-31,SGP,MCV1_measles_coverage_pct,95.0
2004-12-31,SLB,BCG_coverage_pct,99.0
2004-12-31,SLB,DTP3_coverage_pct,90.0
2004-12-31,SLB,HepB3_coverage_pct,81.0
2004-12-31,SLB,MCV1_measles_coverage_pct,87.0
2004-12-31,SLE,BCG_coverage_pct,86.0
2004-12-31,SLE,DTP3_coverage_pct,65.0
2004-12-31,SLE,HepB3_coverage_pct,0.0
2004-12-31,SLE,MCV1_measles_coverage_pct,76.0
2004-12-31,SLV,BCG_coverage_pct,94.0
2004-12-31,SLV,DTP3_coverage_pct,90.0
2004-12-31,SLV,HepB3_coverage_pct,90.0
2004-12-31,SLV,MCV1_measles_coverage_pct,93.0
2004-12-31,SMR,DTP3_coverage_pct,95.0
2004-12-31,SMR,HepB3_coverage_pct,95.0
2004-12-31,SMR,MCV1_measles_coverage_pct,94.0
2004-12-31,SOM,BCG_coverage_pct,50.0
2004-12-31,SOM,DTP3_coverage_pct,30.0
2004-12-31,SOM,HepB3_coverage_pct,0.0
2004-12-31,SOM,MCV1_measles_coverage_pct,40.0
2004-12-31,SRB,BCG_coverage_pct,97.0
2004-12-31,SRB,DTP3_coverage_pct,88.0
2004-12-31,SRB,HepB3_coverage_pct,89.0
2004-12-31,SRB,MCV1_measles_coverage_pct,89.0
2004-12-31,STP,BCG_coverage_pct,99.0
2004-12-31,STP,DTP3_coverage_pct,96.0
2004-12-31,STP,HepB3_coverage_pct,70.0
2004-12-31,STP,MCV1_measles_coverage_pct,91.0
2004-12-31,SUR,DTP3_coverage_pct,85.0
2004-12-31,SUR,HepB3_coverage_pct,0.0
2004-12-31,SUR,MCV1_measles_coverage_pct,86.0
2004-12-31,SVK,BCG_coverage_pct,98.0
2004-12-31,SVK,DTP3_coverage_pct,99.0
2004-12-31,SVK,HepB3_coverage_pct,99.0
2004-12-31,SVK,MCV1_measles_coverage_pct,99.0
2004-12-31,SVN,BCG_coverage_pct,96.0
2004-12-31,SVN,DTP3_coverage_pct,94.0
2004-12-31,SVN,HepB3_coverage_pct,0.0
2004-12-31,SVN,MCV1_measles_coverage_pct,94.0
2004-12-31,SWE,BCG_coverage_pct,18.0
2004-12-31,SWE,DTP3_coverage_pct,99.0
2004-12-31,SWE,HepB3_coverage_pct,0.0
2004-12-31,SWE,MCV1_measles_coverage_pct,96.0
2004-12-31,SWZ,BCG_coverage_pct,92.0
2004-12-31,SWZ,DTP3_coverage_pct,86.0
2004-12-31,SWZ,HepB3_coverage_pct,93.0
2004-12-31,SWZ,MCV1_measles_coverage_pct,93.0
2004-12-31,SYC,BCG_coverage_pct,99.0
2004-12-31,SYC,DTP3_coverage_pct,99.0
2004-12-31,SYC,HepB3_coverage_pct,99.0
2004-12-31,SYC,MCV1_measles_coverage_pct,99.0
2004-12-31,SYR,BCG_coverage_pct,90.0
2004-12-31,SYR,DTP3_coverage_pct,84.0
2004-12-31,SYR,HepB3_coverage_pct,82.0
2004-12-31,SYR,MCV1_measles_coverage_pct,82.0
2004-12-31,TCD,BCG_coverage_pct,41.0
2004-12-31,TCD,DTP3_coverage_pct,22.0
2004-12-31,TCD,HepB3_coverage_pct,0.0
2004-12-31,TCD,MCV1_measles_coverage_pct,16.0
2004-12-31,TGO,BCG_coverage_pct,91.0
2004-12-31,TGO,DTP3_coverage_pct,71.0
2004-12-31,TGO,HepB3_coverage_pct,0.0
2004-12-31,TGO,MCV1_measles_coverage_pct,70.0
2004-12-31,THA,BCG_coverage_pct,99.0
2004-12-31,THA,DTP3_coverage_pct,98.0
2004-12-31,THA,HepB3_coverage_pct,96.0
2004-12-31,THA,MCV1_measles_coverage_pct,96.0
2004-12-31,TJK,BCG_coverage_pct,95.0
2004-12-31,TJK,DTP3_coverage_pct,86.0
2004-12-31,TJK,HepB3_coverage_pct,81.0
2004-12-31,TJK,MCV1_measles_coverage_pct,92.0
2004-12-31,TKM,BCG_coverage_pct,99.0
2004-12-31,TKM,DTP3_coverage_pct,97.0
2004-12-31,TKM,HepB3_coverage_pct,96.0
2004-12-31,TKM,MCV1_measles_coverage_pct,97.0
2004-12-31,TLS,BCG_coverage_pct,72.0
2004-12-31,TLS,DTP3_coverage_pct,57.0
2004-12-31,TLS,HepB3_coverage_pct,0.0
2004-12-31,TLS,MCV1_measles_coverage_pct,55.0
2004-12-31,TON,BCG_coverage_pct,99.0
2004-12-31,TON,DTP3_coverage_pct,99.0
2004-12-31,TON,HepB3_coverage_pct,99.0
2004-12-31,TON,MCV1_measles_coverage_pct,99.0
2004-12-31,TTO,DTP3_coverage_pct,94.0
2004-12-31,TTO,HepB3_coverage_pct,94.0
2004-12-31,TTO,MCV1_measles_coverage_pct,95.0
2004-12-31,TUN,BCG_coverage_pct,97.0
2004-12-31,TUN,DTP3_coverage_pct,97.0
2004-12-31,TUN,HepB3_coverage_pct,96.0
2004-12-31,TUN,MCV1_measles_coverage_pct,95.0
2004-12-31,TUR,BCG_coverage_pct,85.0
2004-12-31,TUR,DTP3_coverage_pct,85.0
2004-12-31,TUR,HepB3_coverage_pct,77.0
2004-12-31,TUR,MCV1_measles_coverage_pct,81.0
2004-12-31,TUV,BCG_coverage_pct,99.0
2004-12-31,TUV,DTP3_coverage_pct,98.0
2004-12-31,TUV,HepB3_coverage_pct,98.0
2004-12-31,TUV,MCV1_measles_coverage_pct,97.0
2004-12-31,TZA,BCG_coverage_pct,91.0
2004-12-31,TZA,DTP3_coverage_pct,95.0
2004-12-31,TZA,HepB3_coverage_pct,95.0
2004-12-31,TZA,MCV1_measles_coverage_pct,94.0
2004-12-31,UGA,BCG_coverage_pct,88.0
2004-12-31,UGA,DTP3_coverage_pct,62.0
2004-12-31,UGA,HepB3_coverage_pct,62.0
2004-12-31,UGA,MCV1_measles_coverage_pct,66.0
2004-12-31,UKR,BCG_coverage_pct,98.0
2004-12-31,UKR,DTP3_coverage_pct,99.0
2004-12-31,UKR,HepB3_coverage_pct,98.0
2004-12-31,UKR,MCV1_measles_coverage_pct,99.0
2004-12-31,URY,BCG_coverage_pct,99.0
2004-12-31,URY,DTP3_coverage_pct,94.0
2004-12-31,URY,HepB3_coverage_pct,94.0
2004-12-31,URY,MCV1_measles_coverage_pct,95.0
2004-12-31,USA,DTP3_coverage_pct,96.0
2004-12-31,USA,HepB3_coverage_pct,92.0
2004-12-31,USA,MCV1_measles_coverage_pct,93.0
2004-12-31,UZB,BCG_coverage_pct,99.0
2004-12-31,UZB,DTP3_coverage_pct,99.0
2004-12-31,UZB,HepB3_coverage_pct,99.0
2004-12-31,UZB,MCV1_measles_coverage_pct,98.0
2004-12-31,VCT,BCG_coverage_pct,99.0
2004-12-31,VCT,DTP3_coverage_pct,99.0
2004-12-31,VCT,HepB3_coverage_pct,99.0
2004-12-31,VCT,MCV1_measles_coverage_pct,99.0
2004-12-31,VEN,BCG_coverage_pct,96.0
2004-12-31,VEN,DTP3_coverage_pct,86.0
2004-12-31,VEN,HepB3_coverage_pct,82.0
2004-12-31,VEN,MCV1_measles_coverage_pct,80.0
2004-12-31,VNM,BCG_coverage_pct,96.0
2004-12-31,VNM,DTP3_coverage_pct,96.0
2004-12-31,VNM,HepB3_coverage_pct,94.0
2004-12-31,VNM,MCV1_measles_coverage_pct,97.0
2004-12-31,VUT,BCG_coverage_pct,80.0
2004-12-31,VUT,DTP3_coverage_pct,69.0
2004-12-31,VUT,HepB3_coverage_pct,63.0
2004-12-31,VUT,MCV1_measles_coverage_pct,56.0
2004-12-31,WSM,BCG_coverage_pct,93.0
2004-12-31,WSM,DTP3_coverage_pct,63.0
2004-12-31,WSM,HepB3_coverage_pct,62.0
2004-12-31,WSM,MCV1_measles_coverage_pct,25.0
2004-12-31,YEM,BCG_coverage_pct,64.0
2004-12-31,YEM,DTP3_coverage_pct,72.0
2004-12-31,YEM,HepB3_coverage_pct,43.0
2004-12-31,YEM,MCV1_measles_coverage_pct,74.0
2004-12-31,ZAF,BCG_coverage_pct,78.0
2004-12-31,ZAF,DTP3_coverage_pct,74.0
2004-12-31,ZAF,HepB3_coverage_pct,76.0
2004-12-31,ZAF,MCV1_measles_coverage_pct,63.0
2004-12-31,ZMB,BCG_coverage_pct,93.0
2004-12-31,ZMB,DTP3_coverage_pct,83.0
2004-12-31,ZMB,HepB3_coverage_pct,0.0
2004-12-31,ZMB,MCV1_measles_coverage_pct,85.0
2004-12-31,ZWE,BCG_coverage_pct,76.0
2004-12-31,ZWE,DTP3_coverage_pct,65.0
2004-12-31,ZWE,HepB3_coverage_pct,68.0
2004-12-31,ZWE,MCV1_measles_coverage_pct,66.0
2005-12-31,AFG,BCG_coverage_pct,57.0
2005-12-31,AFG,DTP3_coverage_pct,58.0
2005-12-31,AFG,HepB3_coverage_pct,0.0
2005-12-31,AFG,MCV1_measles_coverage_pct,50.0
2005-12-31,AGO,BCG_coverage_pct,51.0
2005-12-31,AGO,DTP3_coverage_pct,47.0
2005-12-31,AGO,HepB3_coverage_pct,0.0
2005-12-31,AGO,MCV1_measles_coverage_pct,45.0
2005-12-31,ALB,BCG_coverage_pct,98.0
2005-12-31,ALB,DTP3_coverage_pct,98.0
2005-12-31,ALB,HepB3_coverage_pct,98.0
2005-12-31,ALB,MCV1_measles_coverage_pct,97.0
2005-12-31,AND,DTP3_coverage_pct,98.0
2005-12-31,AND,HepB3_coverage_pct,79.0
2005-12-31,AND,MCV1_measles_coverage_pct,94.0
2005-12-31,ARE,BCG_coverage_pct,98.0
2005-12-31,ARE,DTP3_coverage_pct,94.0
2005-12-31,ARE,HepB3_coverage_pct,92.0
2005-12-31,ARE,MCV1_measles_coverage_pct,92.0
2005-12-31,ARG,BCG_coverage_pct,99.0
2005-12-31,ARG,DTP3_coverage_pct,98.0
2005-12-31,ARG,HepB3_coverage_pct,88.0
2005-12-31,ARG,MCV1_measles_coverage_pct,98.0
2005-12-31,ARM,BCG_coverage_pct,94.0
2005-12-31,ARM,DTP3_coverage_pct,90.0
2005-12-31,ARM,HepB3_coverage_pct,91.0
2005-12-31,ARM,MCV1_measles_coverage_pct,94.0
2005-12-31,ATG,DTP3_coverage_pct,99.0
2005-12-31,ATG,HepB3_coverage_pct,99.0
2005-12-31,ATG,MCV1_measles_coverage_pct,99.0
2005-12-31,AUS,DTP3_coverage_pct,92.0
2005-12-31,AUS,HepB3_coverage_pct,95.0
2005-12-31,AUS,MCV1_measles_coverage_pct,94.0
2005-12-31,AUT,DTP3_coverage_pct,86.0
2005-12-31,AUT,HepB3_coverage_pct,86.0
2005-12-31,AUT,MCV1_measles_coverage_pct,75.0
2005-12-31,AZE,BCG_coverage_pct,82.0
2005-12-31,AZE,DTP3_coverage_pct,75.0
2005-12-31,AZE,HepB3_coverage_pct,49.0
2005-12-31,AZE,MCV1_measles_coverage_pct,67.0
2005-12-31,BDI,BCG_coverage_pct,89.0
2005-12-31,BDI,DTP3_coverage_pct,87.0
2005-12-31,BDI,HepB3_coverage_pct,87.0
2005-12-31,BDI,MCV1_measles_coverage_pct,87.0
2005-12-31,BEL,DTP3_coverage_pct,97.0
2005-12-31,BEL,HepB3_coverage_pct,77.0
2005-12-31,BEL,MCV1_measles_coverage_pct,88.0
2005-12-31,BEN,BCG_coverage_pct,88.0
2005-12-31,BEN,DTP3_coverage_pct,70.0
2005-12-31,BEN,HepB3_coverage_pct,70.0
2005-12-31,BEN,MCV1_measles_coverage_pct,61.0
2005-12-31,BFA,BCG_coverage_pct,99.0
2005-12-31,BFA,DTP3_coverage_pct,82.0
2005-12-31,BFA,HepB3_coverage_pct,0.0
2005-12-31,BFA,MCV1_measles_coverage_pct,84.0
2005-12-31,BGD,BCG_coverage_pct,97.0
2005-12-31,BGD,DTP3_coverage_pct,93.0
2005-12-31,BGD,HepB3_coverage_pct,45.0
2005-12-31,BGD,MCV1_measles_coverage_pct,88.0
2005-12-31,BGR,BCG_coverage_pct,98.0
2005-12-31,BGR,DTP3_coverage_pct,96.0
2005-12-31,BGR,HepB3_coverage_pct,96.0
2005-12-31,BGR,MCV1_measles_coverage_pct,96.0
2005-12-31,BHR,DTP3_coverage_pct,98.0
2005-12-31,BHR,HepB3_coverage_pct,98.0
2005-12-31,BHR,MCV1_measles_coverage_pct,99.0
2005-12-31,BHS,DTP3_coverage_pct,93.0
2005-12-31,BHS,HepB3_coverage_pct,93.0
2005-12-31,BHS,MCV1_measles_coverage_pct,85.0
2005-12-31,BIH,BCG_coverage_pct,95.0
2005-12-31,BIH,DTP3_coverage_pct,93.0
2005-12-31,BIH,HepB3_coverage_pct,93.0
2005-12-31,BIH,MCV1_measles_coverage_pct,90.0
2005-12-31,BLR,BCG_coverage_pct,99.0
2005-12-31,BLR,DTP3_coverage_pct,99.0
2005-12-31,BLR,HepB3_coverage_pct,99.0
2005-12-31,BLR,MCV1_measles_coverage_pct,99.0
2005-12-31,BLZ,BCG_coverage_pct,96.0
2005-12-31,BLZ,DTP3_coverage_pct,96.0
2005-12-31,BLZ,HepB3_coverage_pct,96.0
2005-12-31,BLZ,MCV1_measles_coverage_pct,95.0
2005-12-31,BOL,BCG_coverage_pct,88.0
2005-12-31,BOL,DTP3_coverage_pct,85.0
2005-12-31,BOL,HepB3_coverage_pct,85.0
2005-12-31,BOL,MCV1_measles_coverage_pct,89.0
2005-12-31,BRA,BCG_coverage_pct,99.0
2005-12-31,BRA,DTP3_coverage_pct,99.0
2005-12-31,BRA,HepB3_coverage_pct,98.0
2005-12-31,BRA,MCV1_measles_coverage_pct,98.0
2005-12-31,BRB,DTP3_coverage_pct,92.0
2005-12-31,BRB,HepB3_coverage_pct,92.0
2005-12-31,BRB,MCV1_measles_coverage_pct,93.0
2005-12-31,BRN,BCG_coverage_pct,94.0
2005-12-31,BRN,DTP3_coverage_pct,94.0
2005-12-31,BRN,HepB3_coverage_pct,99.0
2005-12-31,BRN,MCV1_measles_coverage_pct,98.0
2005-12-31,BTN,BCG_coverage_pct,92.0
2005-12-31,BTN,DTP3_coverage_pct,95.0
2005-12-31,BTN,HepB3_coverage_pct,95.0
2005-12-31,BTN,MCV1_measles_coverage_pct,93.0
2005-12-31,BWA,BCG_coverage_pct,99.0
2005-12-31,BWA,DTP3_coverage_pct,96.0
2005-12-31,BWA,HepB3_coverage_pct,92.0
2005-12-31,BWA,MCV1_measles_coverage_pct,93.0
2005-12-31,CAF,BCG_coverage_pct,74.0
2005-12-31,CAF,DTP3_coverage_pct,54.0
2005-12-31,CAF,HepB3_coverage_pct,0.0
2005-12-31,CAF,MCV1_measles_coverage_pct,62.0
2005-12-31,CAN,DTP3_coverage_pct,93.0
2005-12-31,CAN,HepB3_coverage_pct,14.0
2005-12-31,CAN,MCV1_measles_coverage_pct,94.0
2005-12-31,CHE,DTP3_coverage_pct,94.0
2005-12-31,CHE,HepB3_coverage_pct,0.0
2005-12-31,CHE,MCV1_measles_coverage_pct,87.0
2005-12-31,CHL,BCG_coverage_pct,95.0
2005-12-31,CHL,DTP3_coverage_pct,91.0
2005-12-31,CHL,HepB3_coverage_pct,0.0
2005-12-31,CHL,MCV1_measles_coverage_pct,90.0
2005-12-31,CHN,BCG_coverage_pct,86.0
2005-12-31,CHN,DTP3_coverage_pct,87.0
2005-12-31,CHN,HepB3_coverage_pct,84.0
2005-12-31,CHN,MCV1_measles_coverage_pct,86.0
2005-12-31,CIV,BCG_coverage_pct,85.0
2005-12-31,CIV,DTP3_coverage_pct,77.0
2005-12-31,CIV,HepB3_coverage_pct,77.0
2005-12-31,CIV,MCV1_measles_coverage_pct,84.0
2005-12-31,CMR,BCG_coverage_pct,90.0
2005-12-31,CMR,DTP3_coverage_pct,80.0
2005-12-31,CMR,HepB3_coverage_pct,79.0
2005-12-31,CMR,MCV1_measles_coverage_pct,68.0
2005-12-31,COD,BCG_coverage_pct,71.0
2005-12-31,COD,DTP3_coverage_pct,61.0
2005-12-31,COD,HepB3_coverage_pct,0.0
2005-12-31,COD,MCV1_measles_coverage_pct,61.0
2005-12-31,COG,BCG_coverage_pct,73.0
2005-12-31,COG,DTP3_coverage_pct,63.0
2005-12-31,COG,HepB3_coverage_pct,0.0
2005-12-31,COG,MCV1_measles_coverage_pct,54.0
2005-12-31,COK,BCG_coverage_pct,99.0
2005-12-31,COK,DTP3_coverage_pct,99.0
2005-12-31,COK,HepB3_coverage_pct,99.0
2005-12-31,COK,MCV1_measles_coverage_pct,99.0
2005-12-31,COL,BCG_coverage_pct,94.0
2005-12-31,COL,DTP3_coverage_pct,93.0
2005-12-31,COL,HepB3_coverage_pct,93.0
2005-12-31,COL,MCV1_measles_coverage_pct,94.0
2005-12-31,COM,BCG_coverage_pct,80.0
2005-12-31,COM,DTP3_coverage_pct,68.0
2005-12-31,COM,HepB3_coverage_pct,68.0
2005-12-31,COM,MCV1_measles_coverage_pct,67.0
2005-12-31,CPV,BCG_coverage_pct,99.0
2005-12-31,CPV,DTP3_coverage_pct,95.0
2005-12-31,CPV,HepB3_coverage_pct,93.0
2005-12-31,CPV,MCV1_measles_coverage_pct,93.0
2005-12-31,CRI,BCG_coverage_pct,96.0
2005-12-31,CRI,DTP3_coverage_pct,91.0
2005-12-31,CRI,HepB3_coverage_pct,90.0
2005-12-31,CRI,MCV1_measles_coverage_pct,89.0
2005-12-31,CUB,BCG_coverage_pct,99.0
2005-12-31,CUB,DTP3_coverage_pct,89.0
2005-12-31,CUB,HepB3_coverage_pct,95.0
2005-12-31,CUB,MCV1_measles_coverage_pct,98.0
2005-12-31,CYP,DTP3_coverage_pct,98.0
2005-12-31,CYP,HepB3_coverage_pct,88.0
2005-12-31,CYP,MCV1_measles_coverage_pct,86.0
2005-12-31,CZE,BCG_coverage_pct,99.0
2005-12-31,CZE,DTP3_coverage_pct,97.0
2005-12-31,CZE,HepB3_coverage_pct,99.0
2005-12-31,CZE,MCV1_measles_coverage_pct,97.0
2005-12-31,DEU,DTP3_coverage_pct,96.0
2005-12-31,DEU,HepB3_coverage_pct,90.0
2005-12-31,DEU,MCV1_measles_coverage_pct,96.0
2005-12-31,DJI,BCG_coverage_pct,80.0
2005-12-31,DJI,DTP3_coverage_pct,71.0
2005-12-31,DJI,HepB3_coverage_pct,0.0
2005-12-31,DJI,MCV1_measles_coverage_pct,65.0
2005-12-31,DMA,BCG_coverage_pct,98.0
2005-12-31,DMA,DTP3_coverage_pct,98.0
2005-12-31,DMA,HepB3_coverage_pct,0.0
2005-12-31,DMA,MCV1_measles_coverage_pct,98.0
2005-12-31,DNK,DTP3_coverage_pct,93.0
2005-12-31,DNK,HepB3_coverage_pct,0.0
2005-12-31,DNK,MCV1_measles_coverage_pct,95.0
2005-12-31,DOM,BCG_coverage_pct,96.0
2005-12-31,DOM,DTP3_coverage_pct,87.0
2005-12-31,DOM,HepB3_coverage_pct,87.0
2005-12-31,DOM,MCV1_measles_coverage_pct,79.0
2005-12-31,DZA,BCG_coverage_pct,98.0
2005-12-31,DZA,DTP3_coverage_pct,88.0
2005-12-31,DZA,HepB3_coverage_pct,83.0
2005-12-31,DZA,MCV1_measles_coverage_pct,83.0
2005-12-31,ECU,BCG_coverage_pct,99.0
2005-12-31,ECU,DTP3_coverage_pct,92.0
2005-12-31,ECU,HepB3_coverage_pct,92.0
2005-12-31,ECU,MCV1_measles_coverage_pct,93.0
2005-12-31,EGY,BCG_coverage_pct,98.0
2005-12-31,EGY,DTP3_coverage_pct,98.0
2005-12-31,EGY,HepB3_coverage_pct,98.0
2005-12-31,EGY,MCV1_measles_coverage_pct,98.0
2005-12-31,ERI,BCG_coverage_pct,99.0
2005-12-31,ERI,DTP3_coverage_pct,96.0
2005-12-31,ERI,HepB3_coverage_pct,96.0
2005-12-31,ERI,MCV1_measles_coverage_pct,95.0
2005-12-31,ESP,DTP3_coverage_pct,96.0
2005-12-31,ESP,HepB3_coverage_pct,96.0
2005-12-31,ESP,MCV1_measles_coverage_pct,97.0
2005-12-31,EST,BCG_coverage_pct,99.0
2005-12-31,EST,DTP3_coverage_pct,96.0
2005-12-31,EST,HepB3_coverage_pct,95.0
2005-12-31,EST,MCV1_measles_coverage_pct,96.0
2005-12-31,ETH,BCG_coverage_pct,65.0
2005-12-31,ETH,DTP3_coverage_pct,43.0
2005-12-31,ETH,HepB3_coverage_pct,0.0
2005-12-31,ETH,MCV1_measles_coverage_pct,40.0
2005-12-31,FIN,BCG_coverage_pct,98.0
2005-12-31,FIN,DTP3_coverage_pct,97.0
2005-12-31,FIN,HepB3_coverage_pct,0.0
2005-12-31,FIN,MCV1_measles_coverage_pct,97.0
2005-12-31,FJI,BCG_coverage_pct,98.0
2005-12-31,FJI,DTP3_coverage_pct,96.0
2005-12-31,FJI,HepB3_coverage_pct,99.0
2005-12-31,FJI,MCV1_measles_coverage_pct,90.0
2005-12-31,FRA,BCG_coverage_pct,81.0
2005-12-31,FRA,DTP3_coverage_pct,98.0
2005-12-31,FRA,HepB3_coverage_pct,35.0
2005-12-31,FRA,MCV1_measles_coverage_pct,87.0
2005-12-31,FSM,BCG_coverage_pct,70.0
2005-12-31,FSM,DTP3_coverage_pct,94.0
2005-12-31,FSM,HepB3_coverage_pct,91.0
2005-12-31,FSM,MCV1_measles_coverage_pct,96.0
2005-12-31,GAB,BCG_coverage_pct,92.0
2005-12-31,GAB,DTP3_coverage_pct,45.0
2005-12-31,GAB,HepB3_coverage_pct,28.0
2005-12-31,GAB,MCV1_measles_coverage_pct,55.0
2005-12-31,GBR,DTP3_coverage_pct,91.0
2005-12-31,GBR,HepB3_coverage_pct,0.0
2005-12-31,GBR,MCV1_measles_coverage_pct,82.0
2005-12-31,GEO,BCG_coverage_pct,95.0
2005-12-31,GEO,DTP3_coverage_pct,82.0
2005-12-31,GEO,HepB3_coverage_pct,79.0
2005-12-31,GEO,MCV1_measles_coverage_pct,90.0
2005-12-31,GHA,BCG_coverage_pct,99.0
2005-12-31,GHA,DTP3_coverage_pct,84.0
2005-12-31,GHA,HepB3_coverage_pct,84.0
2005-12-31,GHA,MCV1_measles_coverage_pct,83.0
2005-12-31,GIN,BCG_coverage_pct,80.0
2005-12-31,GIN,DTP3_coverage_pct,59.0
2005-12-31,GIN,HepB3_coverage_pct,0.0
2005-12-31,GIN,MCV1_measles_coverage_pct,51.0
2005-12-31,GMB,BCG_coverage_pct,99.0
2005-12-31,GMB,DTP3_coverage_pct,95.0
2005-12-31,GMB,HepB3_coverage_pct,95.0
2005-12-31,GMB,MCV1_measles_coverage_pct,91.0
2005-12-31,GNB,BCG_coverage_pct,89.0
2005-12-31,GNB,DTP3_coverage_pct,68.0
2005-12-31,GNB,HepB3_coverage_pct,0.0
2005-12-31,GNB,MCV1_measles_coverage_pct,76.0
2005-12-31,GNQ,BCG_coverage_pct,72.0
2005-12-31,GNQ,DTP3_coverage_pct,44.0
2005-12-31,GNQ,HepB3_coverage_pct,0.0
2005-12-31,GNQ,MCV1_measles_coverage_pct,47.0
2005-12-31,GRC,DTP3_coverage_pct,96.0
2005-12-31,GRC,HepB3_coverage_pct,93.0
2005-12-31,GRC,MCV1_measles_coverage_pct,96.0
2005-12-31,GRD,DTP3_coverage_pct,99.0
2005-12-31,GRD,HepB3_coverage_pct,99.0
2005-12-31,GRD,MCV1_measles_coverage_pct,99.0
2005-12-31,GTM,BCG_coverage_pct,96.0
2005-12-31,GTM,DTP3_coverage_pct,87.0
2005-12-31,GTM,HepB3_coverage_pct,87.0
2005-12-31,GTM,MCV1_measles_coverage_pct,93.0
2005-12-31,GUY,BCG_coverage_pct,96.0
2005-12-31,GUY,DTP3_coverage_pct,93.0
2005-12-31,GUY,HepB3_coverage_pct,93.0
2005-12-31,GUY,MCV1_measles_coverage_pct,92.0
2005-12-31,HND,BCG_coverage_pct,98.0
2005-12-31,HND,DTP3_coverage_pct,98.0
2005-12-31,HND,HepB3_coverage_pct,97.0
2005-12-31,HND,MCV1_measles_coverage_pct,96.0
2005-12-31,HRV,BCG_coverage_pct,98.0
2005-12-31,HRV,DTP3_coverage_pct,96.0
2005-12-31,HRV,HepB3_coverage_pct,0.0
2005-12-31,HRV,MCV1_measles_coverage_pct,96.0
2005-12-31,HTI,BCG_coverage_pct,75.0
2005-12-31,HTI,DTP3_coverage_pct,60.0
2005-12-31,HTI,HepB3_coverage_pct,0.0
2005-12-31,HTI,MCV1_measles_coverage_pct,53.0
2005-12-31,HUN,BCG_coverage_pct,99.0
2005-12-31,HUN,DTP3_coverage_pct,99.0
2005-12-31,HUN,HepB3_coverage_pct,0.0
2005-12-31,HUN,MCV1_measles_coverage_pct,99.0
2005-12-31,IDN,BCG_coverage_pct,86.0
2005-12-31,IDN,DTP3_coverage_pct,72.0
2005-12-31,IDN,HepB3_coverage_pct,65.0
2005-12-31,IDN,MCV1_measles_coverage_pct,77.0
2005-12-31,IND,BCG_coverage_pct,86.0
2005-12-31,IND,DTP3_coverage_pct,65.0
2005-12-31,IND,HepB3_coverage_pct,8.0
2005-12-31,IND,MCV1_measles_coverage_pct,68.0
2005-12-31,IRL,BCG_coverage_pct,31.0
2005-12-31,IRL,DTP3_coverage_pct,90.0
2005-12-31,IRL,HepB3_coverage_pct,0.0
2005-12-31,IRL,MCV1_measles_coverage_pct,84.0
2005-12-31,IRN,BCG_coverage_pct,99.0
2005-12-31,IRN,DTP3_coverage_pct,95.0
2005-12-31,IRN,HepB3_coverage_pct,94.0
2005-12-31,IRN,MCV1_measles_coverage_pct,94.0
2005-12-31,IRQ,BCG_coverage_pct,92.0
2005-12-31,IRQ,DTP3_coverage_pct,65.0
2005-12-31,IRQ,HepB3_coverage_pct,65.0
2005-12-31,IRQ,MCV1_measles_coverage_pct,69.0
2005-12-31,ISL,DTP3_coverage_pct,95.0
2005-12-31,ISL,HepB3_coverage_pct,0.0
2005-12-31,ISL,MCV1_measles_coverage_pct,90.0
2005-12-31,ISR,DTP3_coverage_pct,93.0
2005-12-31,ISR,HepB3_coverage_pct,96.0
2005-12-31,ISR,MCV1_measles_coverage_pct,94.0
2005-12-31,ITA,DTP3_coverage_pct,95.0
2005-12-31,ITA,HepB3_coverage_pct,96.0
2005-12-31,ITA,MCV1_measles_coverage_pct,87.0
2005-12-31,JAM,BCG_coverage_pct,95.0
2005-12-31,JAM,DTP3_coverage_pct,99.0
2005-12-31,JAM,HepB3_coverage_pct,99.0
2005-12-31,JAM,MCV1_measles_coverage_pct,84.0
2005-12-31,JOR,BCG_coverage_pct,89.0
2005-12-31,JOR,DTP3_coverage_pct,95.0
2005-12-31,JOR,HepB3_coverage_pct,95.0
2005-12-31,JOR,MCV1_measles_coverage_pct,95.0
2005-12-31,JPN,DTP3_coverage_pct,98.0
2005-12-31,JPN,HepB3_coverage_pct,0.0
2005-12-31,JPN,MCV1_measles_coverage_pct,98.0
2005-12-31,KAZ,BCG_coverage_pct,69.0
2005-12-31,KAZ,DTP3_coverage_pct,98.0
2005-12-31,KAZ,HepB3_coverage_pct,94.0
2005-12-31,KAZ,MCV1_measles_coverage_pct,99.0
2005-12-31,KEN,BCG_coverage_pct,85.0
2005-12-31,KEN,DTP3_coverage_pct,76.0
2005-12-31,KEN,HepB3_coverage_pct,76.0
2005-12-31,KEN,MCV1_measles_coverage_pct,69.0
2005-12-31,KGZ,BCG_coverage_pct,96.0
2005-12-31,KGZ,DTP3_coverage_pct,98.0
2005-12-31,KGZ,HepB3_coverage_pct,97.0
2005-12-31,KGZ,MCV1_measles_coverage_pct,99.0
2005-12-31,KHM,BCG_coverage_pct,87.0
2005-12-31,KHM,DTP3_coverage_pct,82.0
2005-12-31,KHM,HepB3_coverage_pct,0.0
2005-12-31,KHM,MCV1_measles_coverage_pct,79.0
2005-12-31,KIR,BCG_coverage_pct,93.0
2005-12-31,KIR,DTP3_coverage_pct,79.0
2005-12-31,KIR,HepB3_coverage_pct,50.0
2005-12-31,KIR,MCV1_measles_coverage_pct,85.0
2005-12-31,KNA,BCG_coverage_pct,99.0
2005-12-31,KNA,DTP3_coverage_pct,99.0
2005-12-31,KNA,HepB3_coverage_pct,99.0
2005-12-31,KNA,MCV1_measles_coverage_pct,99.0
2005-12-31,KOR,BCG_coverage_pct,97.0
2005-12-31,KOR,DTP3_coverage_pct,96.0
2005-12-31,KOR,HepB3_coverage_pct,99.0
2005-12-31,KOR,MCV1_measles_coverage_pct,99.0
2005-12-31,KWT,DTP3_coverage_pct,99.0
2005-12-31,KWT,HepB3_coverage_pct,99.0
2005-12-31,KWT,MCV1_measles_coverage_pct,99.0
2005-12-31,LAO,BCG_coverage_pct,65.0
2005-12-31,LAO,DTP3_coverage_pct,49.0
2005-12-31,LAO,HepB3_coverage_pct,49.0
2005-12-31,LAO,MCV1_measles_coverage_pct,41.0
2005-12-31,LBN,DTP3_coverage_pct,77.0
2005-12-31,LBN,HepB3_coverage_pct,77.0
2005-12-31,LBN,MCV1_measles_coverage_pct,67.0
2005-12-31,LBR,BCG_coverage_pct,76.0
2005-12-31,LBR,DTP3_coverage_pct,60.0
2005-12-31,LBR,HepB3_coverage_pct,0.0
2005-12-31,LBR,MCV1_measles_coverage_pct,62.0
2005-12-31,LBY,BCG_coverage_pct,99.0
2005-12-31,LBY,DTP3_coverage_pct,98.0
2005-12-31,LBY,HepB3_coverage_pct,97.0
2005-12-31,LBY,MCV1_measles_coverage_pct,97.0
2005-12-31,LCA,BCG_coverage_pct,97.0
2005-12-31,LCA,DTP3_coverage_pct,95.0
2005-12-31,LCA,HepB3_coverage_pct,95.0
2005-12-31,LCA,MCV1_measles_coverage_pct,94.0
2005-12-31,LKA,BCG_coverage_pct,99.0
2005-12-31,LKA,DTP3_coverage_pct,99.0
2005-12-31,LKA,HepB3_coverage_pct,99.0
2005-12-31,LKA,MCV1_measles_coverage_pct,99.0
2005-12-31,LSO,BCG_coverage_pct,96.0
2005-12-31,LSO,DTP3_coverage_pct,89.0
2005-12-31,LSO,HepB3_coverage_pct,87.0
2005-12-31,LSO,MCV1_measles_coverage_pct,83.0
2005-12-31,LTU,BCG_coverage_pct,99.0
2005-12-31,LTU,DTP3_coverage_pct,94.0
2005-12-31,LTU,HepB3_coverage_pct,95.0
2005-12-31,LTU,MCV1_measles_coverage_pct,97.0
2005-12-31,LUX,DTP3_coverage_pct,99.0
2005-12-31,LUX,HepB3_coverage_pct,95.0
2005-12-31,LUX,MCV1_measles_coverage_pct,95.0
2005-12-31,LVA,BCG_coverage_pct,97.0
2005-12-31,LVA,DTP3_coverage_pct,99.0
2005-12-31,LVA,HepB3_coverage_pct,99.0
2005-12-31,LVA,MCV1_measles_coverage_pct,98.0
2005-12-31,MAR,BCG_coverage_pct,95.0
2005-12-31,MAR,DTP3_coverage_pct,98.0
2005-12-31,MAR,HepB3_coverage_pct,96.0
2005-12-31,MAR,MCV1_measles_coverage_pct,97.0
2005-12-31,MCO,BCG_coverage_pct,89.0
2005-12-31,MCO,DTP3_coverage_pct,99.0
2005-12-31,MCO,HepB3_coverage_pct,99.0
2005-12-31,MCO,MCV1_measles_coverage_pct,96.0
2005-12-31,MDA,BCG_coverage_pct,97.0
2005-12-31,MDA,DTP3_coverage_pct,98.0
2005-12-31,MDA,HepB3_coverage_pct,99.0
2005-12-31,MDA,MCV1_measles_coverage_pct,97.0
2005-12-31,MDG,BCG_coverage_pct,92.0
2005-12-31,MDG,DTP3_coverage_pct,85.0
2005-12-31,MDG,HepB3_coverage_pct,81.0
2005-12-31,MDG,MCV1_measles_coverage_pct,74.0
2005-12-31,MDV,BCG_coverage_pct,97.0
2005-12-31,MDV,DTP3_coverage_pct,98.0
2005-12-31,MDV,HepB3_coverage_pct,98.0
2005-12-31,MDV,MCV1_measles_coverage_pct,97.0
2005-12-31,MEX,BCG_coverage_pct,99.0
2005-12-31,MEX,DTP3_coverage_pct,98.0
2005-12-31,MEX,HepB3_coverage_pct,98.0
2005-12-31,MEX,MCV1_measles_coverage_pct,96.0
2005-12-31,MHL,BCG_coverage_pct,93.0
2005-12-31,MHL,DTP3_coverage_pct,77.0
2005-12-31,MHL,HepB3_coverage_pct,89.0
2005-12-31,MHL,MCV1_measles_coverage_pct,86.0
2005-12-31,MKD,BCG_coverage_pct,99.0
2005-12-31,MKD,DTP3_coverage_pct,97.0
2005-12-31,MKD,HepB3_coverage_pct,53.0
2005-12-31,MKD,MCV1_measles_coverage_pct,96.0
2005-12-31,MLI,BCG_coverage_pct,83.0
2005-12-31,MLI,DTP3_coverage_pct,77.0
2005-12-31,MLI,HepB3_coverage_pct,83.0
2005-12-31,MLI,MCV1_measles_coverage_pct,73.0
2005-12-31,MLT,DTP3_coverage_pct,92.0
2005-12-31,MLT,HepB3_coverage_pct,85.0
2005-12-31,MLT,MCV1_measles_coverage_pct,86.0
2005-12-31,MMR,BCG_coverage_pct,76.0
2005-12-31,MMR,DTP3_coverage_pct,73.0
2005-12-31,MMR,HepB3_coverage_pct,62.0
2005-12-31,MMR,MCV1_measles_coverage_pct,84.0
2005-12-31,MNG,BCG_coverage_pct,99.0
2005-12-31,MNG,DTP3_coverage_pct,99.0
2005-12-31,MNG,HepB3_coverage_pct,98.0
2005-12-31,MNG,MCV1_measles_coverage_pct,97.0
2005-12-31,MOZ,BCG_coverage_pct,90.0
2005-12-31,MOZ,DTP3_coverage_pct,80.0
2005-12-31,MOZ,HepB3_coverage_pct,75.0
2005-12-31,MOZ,MCV1_measles_coverage_pct,78.0
2005-12-31,MRT,BCG_coverage_pct,91.0
2005-12-31,MRT,DTP3_coverage_pct,71.0
2005-12-31,MRT,HepB3_coverage_pct,42.0
2005-12-31,MRT,MCV1_measles_coverage_pct,65.0
2005-12-31,MUS,BCG_coverage_pct,99.0
2005-12-31,MUS,DTP3_coverage_pct,97.0
2005-12-31,MUS,HepB3_coverage_pct,97.0
2005-12-31,MUS,MCV1_measles_coverage_pct,98.0
2005-12-31,MWI,BCG_coverage_pct,99.0
2005-12-31,MWI,DTP3_coverage_pct,93.0
2005-12-31,MWI,HepB3_coverage_pct,93.0
2005-12-31,MWI,MCV1_measles_coverage_pct,82.0
2005-12-31,MYS,BCG_coverage_pct,98.0
2005-12-31,MYS,DTP3_coverage_pct,96.0
2005-12-31,MYS,HepB3_coverage_pct,96.0
2005-12-31,MYS,MCV1_measles_coverage_pct,96.0
2005-12-31,NAM,BCG_coverage_pct,95.0
2005-12-31,NAM,DTP3_coverage_pct,86.0
2005-12-31,NAM,HepB3_coverage_pct,0.0
2005-12-31,NAM,MCV1_measles_coverage_pct,73.0
2005-12-31,NER,BCG_coverage_pct,64.0
2005-12-31,NER,DTP3_coverage_pct,45.0
2005-12-31,NER,HepB3_coverage_pct,0.0
2005-12-31,NER,MCV1_measles_coverage_pct,47.0
2005-12-31,NGA,BCG_coverage_pct,49.0
2005-12-31,NGA,DTP3_coverage_pct,36.0
2005-12-31,NGA,HepB3_coverage_pct,18.0
2005-12-31,NGA,MCV1_measles_coverage_pct,41.0
2005-12-31,NIC,BCG_coverage_pct,95.0
2005-12-31,NIC,DTP3_coverage_pct,86.0
2005-12-31,NIC,HepB3_coverage_pct,86.0
2005-12-31,NIC,MCV1_measles_coverage_pct,96.0
2005-12-31,NIU,BCG_coverage_pct,97.0
2005-12-31,NIU,DTP3_coverage_pct,85.0
2005-12-31,NIU,HepB3_coverage_pct,86.0
2005-12-31,NIU,MCV1_measles_coverage_pct,99.0
2005-12-31,NLD,DTP3_coverage_pct,96.0
2005-12-31,NLD,HepB3_coverage_pct,0.0
2005-12-31,NLD,MCV1_measles_coverage_pct,95.0
2005-12-31,NOR,DTP3_coverage_pct,91.0
2005-12-31,NOR,HepB3_coverage_pct,0.0
2005-12-31,NOR,MCV1_measles_coverage_pct,90.0
2005-12-31,NPL,BCG_coverage_pct,87.0
2005-12-31,NPL,DTP3_coverage_pct,75.0
2005-12-31,NPL,HepB3_coverage_pct,41.0
2005-12-31,NPL,MCV1_measles_coverage_pct,74.0
2005-12-31,NRU,BCG_coverage_pct,90.0
2005-12-31,NRU,DTP3_coverage_pct,80.0
2005-12-31,NRU,HepB3_coverage_pct,80.0
2005-12-31,NRU,MCV1_measles_coverage_pct,80.0
2005-12-31,NZL,DTP3_coverage_pct,89.0
2005-12-31,NZL,HepB3_coverage_pct,87.0
2005-12-31,NZL,MCV1_measles_coverage_pct,82.0
2005-12-31,OMN,BCG_coverage_pct,98.0
2005-12-31,OMN,DTP3_coverage_pct,99.0
2005-12-31,OMN,HepB3_coverage_pct,99.0
2005-12-31,OMN,MCV1_measles_coverage_pct,98.0
2005-12-31,PAK,BCG_coverage_pct,78.0
2005-12-31,PAK,DTP3_coverage_pct,63.0
2005-12-31,PAK,HepB3_coverage_pct,65.0
2005-12-31,PAK,MCV1_measles_coverage_pct,61.0
2005-12-31,PAN,BCG_coverage_pct,99.0
2005-12-31,PAN,DTP3_coverage_pct,92.0
2005-12-31,PAN,HepB3_coverage_pct,92.0
2005-12-31,PAN,MCV1_measles_coverage_pct,99.0
2005-12-31,PER,BCG_coverage_pct,95.0
2005-12-31,PER,DTP3_coverage_pct,77.0
2005-12-31,PER,HepB3_coverage_pct,94.0
2005-12-31,PER,MCV1_measles_coverage_pct,77.0
2005-12-31,PHL,BCG_coverage_pct,91.0
2005-12-31,PHL,DTP3_coverage_pct,89.0
2005-12-31,PHL,HepB3_coverage_pct,49.0
2005-12-31,PHL,MCV1_measles_coverage_pct,92.0
2005-12-31,PLW,DTP3_coverage_pct,98.0
2005-12-31,PLW,HepB3_coverage_pct,98.0
2005-12-31,PLW,MCV1_measles_coverage_pct,98.0
2005-12-31,PNG,BCG_coverage_pct,90.0
2005-12-31,PNG,DTP3_coverage_pct,72.0
2005-12-31,PNG,HepB3_coverage_pct,63.0
2005-12-31,PNG,MCV1_measles_coverage_pct,82.0
2005-12-31,POL,BCG_coverage_pct,94.0
2005-12-31,POL,DTP3_coverage_pct,99.0
2005-12-31,POL,HepB3_coverage_pct,98.0
2005-12-31,POL,MCV1_measles_coverage_pct,98.0
2005-12-31,PRK,BCG_coverage_pct,94.0
2005-12-31,PRK,DTP3_coverage_pct,79.0
2005-12-31,PRK,HepB3_coverage_pct,92.0
2005-12-31,PRK,MCV1_measles_coverage_pct,96.0
2005-12-31,PRT,BCG_coverage_pct,89.0
2005-12-31,PRT,DTP3_coverage_pct,93.0
2005-12-31,PRT,HepB3_coverage_pct,94.0
2005-12-31,PRT,MCV1_measles_coverage_pct,93.0
2005-12-31,PRY,BCG_coverage_pct,98.0
2005-12-31,PRY,DTP3_coverage_pct,96.0
2005-12-31,PRY,HepB3_coverage_pct,92.0
2005-12-31,PRY,MCV1_measles_coverage_pct,91.0
2005-12-31,PSE,BCG_coverage_pct,99.0
2005-12-31,PSE,DTP3_coverage_pct,96.0
2005-12-31,PSE,HepB3_coverage_pct,99.0
2005-12-31,PSE,MCV1_measles_coverage_pct,98.0
2005-12-31,QAT,BCG_coverage_pct,99.0
2005-12-31,QAT,DTP3_coverage_pct,97.0
2005-12-31,QAT,HepB3_coverage_pct,97.0
2005-12-31,QAT,MCV1_measles_coverage_pct,99.0
2005-12-31,ROU,BCG_coverage_pct,98.0
2005-12-31,ROU,DTP3_coverage_pct,97.0
2005-12-31,ROU,HepB3_coverage_pct,98.0
2005-12-31,ROU,MCV1_measles_coverage_pct,97.0
2005-12-31,RUS,BCG_coverage_pct,97.0
2005-12-31,RUS,DTP3_coverage_pct,98.0
2005-12-31,RUS,HepB3_coverage_pct,97.0
2005-12-31,RUS,MCV1_measles_coverage_pct,99.0
2005-12-31,RWA,BCG_coverage_pct,97.0
2005-12-31,RWA,DTP3_coverage_pct,95.0
2005-12-31,RWA,HepB3_coverage_pct,95.0
2005-12-31,RWA,MCV1_measles_coverage_pct,89.0
2005-12-31,SAU,BCG_coverage_pct,96.0
2005-12-31,SAU,DTP3_coverage_pct,96.0
2005-12-31,SAU,HepB3_coverage_pct,97.0
2005-12-31,SAU,MCV1_measles_coverage_pct,97.0
2005-12-31,SDN,BCG_coverage_pct,72.0
2005-12-31,SDN,DTP3_coverage_pct,78.0
2005-12-31,SDN,HepB3_coverage_pct,22.0
2005-12-31,SDN,MCV1_measles_coverage_pct,69.0
2005-12-31,SEN,BCG_coverage_pct,92.0
2005-12-31,SEN,DTP3_coverage_pct,84.0
2005-12-31,SEN,HepB3_coverage_pct,84.0
2005-12-31,SEN,MCV1_measles_coverage_pct,74.0
2005-12-31,SGP,BCG_coverage_pct,98.0
2005-12-31,SGP,DTP3_coverage_pct,96.0
2005-12-31,SGP,HepB3_coverage_pct,96.0
2005-12-31,SGP,MCV1_measles_coverage_pct,96.0
2005-12-31,SLB,BCG_coverage_pct,96.0
2005-12-31,SLB,DTP3_coverage_pct,89.0
2005-12-31,SLB,HepB3_coverage_pct,83.0
2005-12-31,SLB,MCV1_measles_coverage_pct,87.0
2005-12-31,SLE,BCG_coverage_pct,85.0
2005-12-31,SLE,DTP3_coverage_pct,65.0
2005-12-31,SLE,HepB3_coverage_pct,0.0
2005-12-31,SLE,MCV1_measles_coverage_pct,71.0
2005-12-31,SLV,BCG_coverage_pct,84.0
2005-12-31,SLV,DTP3_coverage_pct,89.0
2005-12-31,SLV,HepB3_coverage_pct,89.0
2005-12-31,SLV,MCV1_measles_coverage_pct,99.0
2005-12-31,SMR,DTP3_coverage_pct,96.0
2005-12-31,SMR,HepB3_coverage_pct,95.0
2005-12-31,SMR,MCV1_measles_coverage_pct,94.0
2005-12-31,SOM,BCG_coverage_pct,50.0
2005-12-31,SOM,DTP3_coverage_pct,35.0
2005-12-31,SOM,HepB3_coverage_pct,0.0
2005-12-31,SOM,MCV1_measles_coverage_pct,35.0
2005-12-31,SRB,BCG_coverage_pct,98.0
2005-12-31,SRB,DTP3_coverage_pct,98.0
2005-12-31,SRB,HepB3_coverage_pct,65.0
2005-12-31,SRB,MCV1_measles_coverage_pct,96.0
2005-12-31,STP,BCG_coverage_pct,98.0
2005-12-31,STP,DTP3_coverage_pct,97.0
2005-12-31,STP,HepB3_coverage_pct,96.0
2005-12-31,STP,MCV1_measles_coverage_pct,88.0
2005-12-31,SUR,DTP3_coverage_pct,83.0
2005-12-31,SUR,HepB3_coverage_pct,83.0
2005-12-31,SUR,MCV1_measles_coverage_pct,91.0
2005-12-31,SVK,BCG_coverage_pct,98.0
2005-12-31,SVK,DTP3_coverage_pct,99.0
2005-12-31,SVK,HepB3_coverage_pct,99.0
2005-12-31,SVK,MCV1_measles_coverage_pct,98.0
2005-12-31,SVN,DTP3_coverage_pct,95.0
2005-12-31,SVN,HepB3_coverage_pct,0.0
2005-12-31,SVN,MCV1_measles_coverage_pct,94.0
2005-12-31,SWE,BCG_coverage_pct,20.0
2005-12-31,SWE,DTP3_coverage_pct,98.0
2005-12-31,SWE,HepB3_coverage_pct,0.0
2005-12-31,SWE,MCV1_measles_coverage_pct,96.0
2005-12-31,SWZ,BCG_coverage_pct,93.0
2005-12-31,SWZ,DTP3_coverage_pct,86.0
2005-12-31,SWZ,HepB3_coverage_pct,95.0
2005-12-31,SWZ,MCV1_measles_coverage_pct,93.0
2005-12-31,SYC,BCG_coverage_pct,99.0
2005-12-31,SYC,DTP3_coverage_pct,99.0
2005-12-31,SYC,HepB3_coverage_pct,99.0
2005-12-31,SYC,MCV1_measles_coverage_pct,99.0
2005-12-31,SYR,BCG_coverage_pct,90.0
2005-12-31,SYR,DTP3_coverage_pct,83.0
2005-12-31,SYR,HepB3_coverage_pct,83.0
2005-12-31,SYR,MCV1_measles_coverage_pct,81.0
2005-12-31,TCD,BCG_coverage_pct,41.0
2005-12-31,TCD,DTP3_coverage_pct,26.0
2005-12-31,TCD,HepB3_coverage_pct,0.0
2005-12-31,TCD,MCV1_measles_coverage_pct,27.0
2005-12-31,TGO,BCG_coverage_pct,96.0
2005-12-31,TGO,DTP3_coverage_pct,82.0
2005-12-31,TGO,HepB3_coverage_pct,0.0
2005-12-31,TGO,MCV1_measles_coverage_pct,70.0
2005-12-31,THA,BCG_coverage_pct,99.0
2005-12-31,THA,DTP3_coverage_pct,98.0
2005-12-31,THA,HepB3_coverage_pct,96.0
2005-12-31,THA,MCV1_measles_coverage_pct,96.0
2005-12-31,TJK,BCG_coverage_pct,97.0
2005-12-31,TJK,DTP3_coverage_pct,84.0
2005-12-31,TJK,HepB3_coverage_pct,81.0
2005-12-31,TJK,MCV1_measles_coverage_pct,85.0
2005-12-31,TKM,BCG_coverage_pct,99.0
2005-12-31,TKM,DTP3_coverage_pct,99.0
2005-12-31,TKM,HepB3_coverage_pct,99.0
2005-12-31,TKM,MCV1_measles_coverage_pct,99.0
2005-12-31,TLS,BCG_coverage_pct,70.0
2005-12-31,TLS,DTP3_coverage_pct,55.0
2005-12-31,TLS,HepB3_coverage_pct,0.0
2005-12-31,TLS,MCV1_measles_coverage_pct,48.0
2005-12-31,TON,BCG_coverage_pct,99.0
2005-12-31,TON,DTP3_coverage_pct,99.0
2005-12-31,TON,HepB3_coverage_pct,99.0
2005-12-31,TON,MCV1_measles_coverage_pct,99.0
2005-12-31,TTO,DTP3_coverage_pct,95.0
2005-12-31,TTO,HepB3_coverage_pct,95.0
2005-12-31,TTO,MCV1_measles_coverage_pct,93.0
2005-12-31,TUN,BCG_coverage_pct,98.0
2005-12-31,TUN,DTP3_coverage_pct,98.0
2005-12-31,TUN,HepB3_coverage_pct,97.0
2005-12-31,TUN,MCV1_measles_coverage_pct,96.0
2005-12-31,TUR,BCG_coverage_pct,88.0
2005-12-31,TUR,DTP3_coverage_pct,90.0
2005-12-31,TUR,HepB3_coverage_pct,85.0
2005-12-31,TUR,MCV1_measles_coverage_pct,91.0
2005-12-31,TUV,BCG_coverage_pct,99.0
2005-12-31,TUV,DTP3_coverage_pct,93.0
2005-12-31,TUV,HepB3_coverage_pct,79.0
2005-12-31,TUV,MCV1_measles_coverage_pct,62.0
2005-12-31,TZA,BCG_coverage_pct,91.0
2005-12-31,TZA,DTP3_coverage_pct,90.0
2005-12-31,TZA,HepB3_coverage_pct,90.0
2005-12-31,TZA,MCV1_measles_coverage_pct,91.0
2005-12-31,UGA,BCG_coverage_pct,90.0
2005-12-31,UGA,DTP3_coverage_pct,64.0
2005-12-31,UGA,HepB3_coverage_pct,64.0
2005-12-31,UGA,MCV1_measles_coverage_pct,68.0
2005-12-31,UKR,BCG_coverage_pct,96.0
2005-12-31,UKR,DTP3_coverage_pct,96.0
2005-12-31,UKR,HepB3_coverage_pct,97.0
2005-12-31,UKR,MCV1_measles_coverage_pct,96.0
2005-12-31,URY,BCG_coverage_pct,99.0
2005-12-31,URY,DTP3_coverage_pct,96.0
2005-12-31,URY,HepB3_coverage_pct,96.0
2005-12-31,URY,MCV1_measles_coverage_pct,95.0
2005-12-31,USA,DTP3_coverage_pct,96.0
2005-12-31,USA,HepB3_coverage_pct,93.0
2005-12-31,USA,MCV1_measles_coverage_pct,92.0
2005-12-31,UZB,BCG_coverage_pct,93.0
2005-12-31,UZB,DTP3_coverage_pct,99.0
2005-12-31,UZB,HepB3_coverage_pct,99.0
2005-12-31,UZB,MCV1_measles_coverage_pct,99.0
2005-12-31,VCT,BCG_coverage_pct,95.0
2005-12-31,VCT,DTP3_coverage_pct,99.0
2005-12-31,VCT,HepB3_coverage_pct,99.0
2005-12-31,VCT,MCV1_measles_coverage_pct,97.0
2005-12-31,VEN,BCG_coverage_pct,95.0
2005-12-31,VEN,DTP3_coverage_pct,87.0
2005-12-31,VEN,HepB3_coverage_pct,88.0
2005-12-31,VEN,MCV1_measles_coverage_pct,76.0
2005-12-31,VNM,BCG_coverage_pct,95.0
2005-12-31,VNM,DTP3_coverage_pct,95.0
2005-12-31,VNM,HepB3_coverage_pct,94.0
2005-12-31,VNM,MCV1_measles_coverage_pct,95.0
2005-12-31,VUT,BCG_coverage_pct,81.0
2005-12-31,VUT,DTP3_coverage_pct,68.0
2005-12-31,VUT,HepB3_coverage_pct,61.0
2005-12-31,VUT,MCV1_measles_coverage_pct,54.0
2005-12-31,WSM,BCG_coverage_pct,86.0
2005-12-31,WSM,DTP3_coverage_pct,59.0
2005-12-31,WSM,HepB3_coverage_pct,51.0
2005-12-31,WSM,MCV1_measles_coverage_pct,57.0
2005-12-31,YEM,BCG_coverage_pct,66.0
2005-12-31,YEM,DTP3_coverage_pct,79.0
2005-12-31,YEM,HepB3_coverage_pct,80.0
2005-12-31,YEM,MCV1_measles_coverage_pct,73.0
2005-12-31,ZAF,BCG_coverage_pct,76.0
2005-12-31,ZAF,DTP3_coverage_pct,81.0
2005-12-31,ZAF,HepB3_coverage_pct,79.0
2005-12-31,ZAF,MCV1_measles_coverage_pct,64.0
2005-12-31,ZMB,BCG_coverage_pct,92.0
2005-12-31,ZMB,DTP3_coverage_pct,82.0
2005-12-31,ZMB,HepB3_coverage_pct,82.0
2005-12-31,ZMB,MCV1_measles_coverage_pct,85.0
2005-12-31,ZWE,BCG_coverage_pct,80.0
2005-12-31,ZWE,DTP3_coverage_pct,68.0
2005-12-31,ZWE,HepB3_coverage_pct,65.0
2005-12-31,ZWE,MCV1_measles_coverage_pct,67.0
2006-12-31,AFG,BCG_coverage_pct,60.0
2006-12-31,AFG,DTP3_coverage_pct,58.0
2006-12-31,AFG,HepB3_coverage_pct,0.0
2006-12-31,AFG,MCV1_measles_coverage_pct,53.0
2006-12-31,AGO,BCG_coverage_pct,53.0
2006-12-31,AGO,DTP3_coverage_pct,44.0
2006-12-31,AGO,HepB3_coverage_pct,0.0
2006-12-31,AGO,MCV1_measles_coverage_pct,48.0
2006-12-31,ALB,BCG_coverage_pct,97.0
2006-12-31,ALB,DTP3_coverage_pct,97.0
2006-12-31,ALB,HepB3_coverage_pct,98.0
2006-12-31,ALB,MCV1_measles_coverage_pct,95.0
2006-12-31,AND,DTP3_coverage_pct,93.0
2006-12-31,AND,HepB3_coverage_pct,84.0
2006-12-31,AND,MCV1_measles_coverage_pct,91.0
2006-12-31,ARE,BCG_coverage_pct,98.0
2006-12-31,ARE,DTP3_coverage_pct,92.0
2006-12-31,ARE,HepB3_coverage_pct,92.0
2006-12-31,ARE,MCV1_measles_coverage_pct,92.0
2006-12-31,ARG,BCG_coverage_pct,99.0
2006-12-31,ARG,DTP3_coverage_pct,91.0
2006-12-31,ARG,HepB3_coverage_pct,84.0
2006-12-31,ARG,MCV1_measles_coverage_pct,97.0
2006-12-31,ARM,BCG_coverage_pct,91.0
2006-12-31,ARM,DTP3_coverage_pct,87.0
2006-12-31,ARM,HepB3_coverage_pct,78.0
2006-12-31,ARM,MCV1_measles_coverage_pct,92.0
2006-12-31,ATG,DTP3_coverage_pct,99.0
2006-12-31,ATG,HepB3_coverage_pct,99.0
2006-12-31,ATG,MCV1_measles_coverage_pct,99.0
2006-12-31,AUS,DTP3_coverage_pct,92.0
2006-12-31,AUS,HepB3_coverage_pct,95.0
2006-12-31,AUS,MCV1_measles_coverage_pct,94.0
2006-12-31,AUT,DTP3_coverage_pct,83.0
2006-12-31,AUT,HepB3_coverage_pct,83.0
2006-12-31,AUT,MCV1_measles_coverage_pct,80.0
2006-12-31,AZE,BCG_coverage_pct,86.0
2006-12-31,AZE,DTP3_coverage_pct,78.0
2006-12-31,AZE,HepB3_coverage_pct,52.0
2006-12-31,AZE,MCV1_measles_coverage_pct,69.0
2006-12-31,BDI,BCG_coverage_pct,98.0
2006-12-31,BDI,DTP3_coverage_pct,92.0
2006-12-31,BDI,HepB3_coverage_pct,92.0
2006-12-31,BDI,MCV1_measles_coverage_pct,92.0
2006-12-31,BEL,DTP3_coverage_pct,98.0
2006-12-31,BEL,HepB3_coverage_pct,94.0
2006-12-31,BEL,MCV1_measles_coverage_pct,92.0
2006-12-31,BEN,BCG_coverage_pct,93.0
2006-12-31,BEN,DTP3_coverage_pct,74.0
2006-12-31,BEN,HepB3_coverage_pct,74.0
2006-12-31,BEN,MCV1_measles_coverage_pct,66.0
2006-12-31,BFA,BCG_coverage_pct,99.0
2006-12-31,BFA,DTP3_coverage_pct,86.0
2006-12-31,BFA,HepB3_coverage_pct,76.0
2006-12-31,BFA,MCV1_measles_coverage_pct,88.0
2006-12-31,BGD,BCG_coverage_pct,97.0
2006-12-31,BGD,DTP3_coverage_pct,94.0
2006-12-31,BGD,HepB3_coverage_pct,86.0
2006-12-31,BGD,MCV1_measles_coverage_pct,83.0
2006-12-31,BGR,BCG_coverage_pct,98.0
2006-12-31,BGR,DTP3_coverage_pct,95.0
2006-12-31,BGR,HepB3_coverage_pct,96.0
2006-12-31,BGR,MCV1_measles_coverage_pct,96.0
2006-12-31,BHR,DTP3_coverage_pct,98.0
2006-12-31,BHR,HepB3_coverage_pct,98.0
2006-12-31,BHR,MCV1_measles_coverage_pct,99.0
2006-12-31,BHS,DTP3_coverage_pct,95.0
2006-12-31,BHS,HepB3_coverage_pct,96.0
2006-12-31,BHS,MCV1_measles_coverage_pct,88.0
2006-12-31,BIH,BCG_coverage_pct,97.0
2006-12-31,BIH,DTP3_coverage_pct,87.0
2006-12-31,BIH,HepB3_coverage_pct,90.0
2006-12-31,BIH,MCV1_measles_coverage_pct,85.0
2006-12-31,BLR,BCG_coverage_pct,99.0
2006-12-31,BLR,DTP3_coverage_pct,99.0
2006-12-31,BLR,HepB3_coverage_pct,98.0
2006-12-31,BLR,MCV1_measles_coverage_pct,97.0
2006-12-31,BLZ,BCG_coverage_pct,97.0
2006-12-31,BLZ,DTP3_coverage_pct,98.0
2006-12-31,BLZ,HepB3_coverage_pct,98.0
2006-12-31,BLZ,MCV1_measles_coverage_pct,99.0
2006-12-31,BOL,BCG_coverage_pct,87.0
2006-12-31,BOL,DTP3_coverage_pct,83.0
2006-12-31,BOL,HepB3_coverage_pct,83.0
2006-12-31,BOL,MCV1_measles_coverage_pct,88.0
2006-12-31,BRA,BCG_coverage_pct,99.0
2006-12-31,BRA,DTP3_coverage_pct,99.0
2006-12-31,BRA,HepB3_coverage_pct,99.0
2006-12-31,BRA,MCV1_measles_coverage_pct,99.0
2006-12-31,BRB,DTP3_coverage_pct,84.0
2006-12-31,BRB,HepB3_coverage_pct,84.0
2006-12-31,BRB,MCV1_measles_coverage_pct,92.0
2006-12-31,BRN,BCG_coverage_pct,99.0
2006-12-31,BRN,DTP3_coverage_pct,97.0
2006-12-31,BRN,HepB3_coverage_pct,99.0
2006-12-31,BRN,MCV1_measles_coverage_pct,97.0
2006-12-31,BTN,BCG_coverage_pct,92.0
2006-12-31,BTN,DTP3_coverage_pct,95.0
2006-12-31,BTN,HepB3_coverage_pct,95.0
2006-12-31,BTN,MCV1_measles_coverage_pct,90.0
2006-12-31,BWA,BCG_coverage_pct,99.0
2006-12-31,BWA,DTP3_coverage_pct,96.0
2006-12-31,BWA,HepB3_coverage_pct,93.0
2006-12-31,BWA,MCV1_measles_coverage_pct,94.0
2006-12-31,CAF,BCG_coverage_pct,74.0
2006-12-31,CAF,DTP3_coverage_pct,51.0
2006-12-31,CAF,HepB3_coverage_pct,0.0
2006-12-31,CAF,MCV1_measles_coverage_pct,61.0
2006-12-31,CAN,DTP3_coverage_pct,95.0
2006-12-31,CAN,HepB3_coverage_pct,14.0
2006-12-31,CAN,MCV1_measles_coverage_pct,93.0
2006-12-31,CHE,DTP3_coverage_pct,94.0
2006-12-31,CHE,HepB3_coverage_pct,0.0
2006-12-31,CHE,MCV1_measles_coverage_pct,87.0
2006-12-31,CHL,BCG_coverage_pct,98.0
2006-12-31,CHL,DTP3_coverage_pct,94.0
2006-12-31,CHL,HepB3_coverage_pct,95.0
2006-12-31,CHL,MCV1_measles_coverage_pct,91.0
2006-12-31,CHN,BCG_coverage_pct,92.0
2006-12-31,CHN,DTP3_coverage_pct,93.0
2006-12-31,CHN,HepB3_coverage_pct,91.0
2006-12-31,CHN,MCV1_measles_coverage_pct,93.0
2006-12-31,CIV,BCG_coverage_pct,77.0
2006-12-31,CIV,DTP3_coverage_pct,77.0
2006-12-31,CIV,HepB3_coverage_pct,77.0
2006-12-31,CIV,MCV1_measles_coverage_pct,73.0
2006-12-31,CMR,BCG_coverage_pct,96.0
2006-12-31,CMR,DTP3_coverage_pct,81.0
2006-12-31,CMR,HepB3_coverage_pct,81.0
2006-12-31,CMR,MCV1_measles_coverage_pct,73.0
2006-12-31,COD,BCG_coverage_pct,72.0
2006-12-31,COD,DTP3_coverage_pct,62.0
2006-12-31,COD,HepB3_coverage_pct,0.0
2006-12-31,COD,MCV1_measles_coverage_pct,63.0
2006-12-31,COG,BCG_coverage_pct,84.0
2006-12-31,COG,DTP3_coverage_pct,74.0
2006-12-31,COG,HepB3_coverage_pct,0.0
2006-12-31,COG,MCV1_measles_coverage_pct,61.0
2006-12-31,COK,BCG_coverage_pct,99.0
2006-12-31,COK,DTP3_coverage_pct,99.0
2006-12-31,COK,HepB3_coverage_pct,99.0
2006-12-31,COK,MCV1_measles_coverage_pct,99.0
2006-12-31,COL,BCG_coverage_pct,96.0
2006-12-31,COL,DTP3_coverage_pct,93.0
2006-12-31,COL,HepB3_coverage_pct,93.0
2006-12-31,COL,MCV1_measles_coverage_pct,95.0
2006-12-31,COM,BCG_coverage_pct,84.0
2006-12-31,COM,DTP3_coverage_pct,69.0
2006-12-31,COM,HepB3_coverage_pct,69.0
2006-12-31,COM,MCV1_measles_coverage_pct,66.0
2006-12-31,CPV,BCG_coverage_pct,99.0
2006-12-31,CPV,DTP3_coverage_pct,96.0
2006-12-31,CPV,HepB3_coverage_pct,95.0
2006-12-31,CPV,MCV1_measles_coverage_pct,94.0
2006-12-31,CRI,BCG_coverage_pct,95.0
2006-12-31,CRI,DTP3_coverage_pct,89.0
2006-12-31,CRI,HepB3_coverage_pct,88.0
2006-12-31,CRI,MCV1_measles_coverage_pct,90.0
2006-12-31,CUB,BCG_coverage_pct,99.0
2006-12-31,CUB,DTP3_coverage_pct,89.0
2006-12-31,CUB,HepB3_coverage_pct,89.0
2006-12-31,CUB,MCV1_measles_coverage_pct,96.0
2006-12-31,CYP,DTP3_coverage_pct,97.0
2006-12-31,CYP,HepB3_coverage_pct,93.0
2006-12-31,CYP,MCV1_measles_coverage_pct,87.0
2006-12-31,CZE,BCG_coverage_pct,99.0
2006-12-31,CZE,DTP3_coverage_pct,98.0
2006-12-31,CZE,HepB3_coverage_pct,98.0
2006-12-31,CZE,MCV1_measles_coverage_pct,97.0
2006-12-31,DEU,DTP3_coverage_pct,96.0
2006-12-31,DEU,HepB3_coverage_pct,87.0
2006-12-31,DEU,MCV1_measles_coverage_pct,96.0
2006-12-31,DJI,BCG_coverage_pct,88.0
2006-12-31,DJI,DTP3_coverage_pct,72.0
2006-12-31,DJI,HepB3_coverage_pct,0.0
2006-12-31,DJI,MCV1_measles_coverage_pct,67.0
2006-12-31,DMA,BCG_coverage_pct,99.0
2006-12-31,DMA,DTP3_coverage_pct,95.0
2006-12-31,DMA,HepB3_coverage_pct,7.0
2006-12-31,DMA,MCV1_measles_coverage_pct,97.0
2006-12-31,DNK,DTP3_coverage_pct,93.0
2006-12-31,DNK,HepB3_coverage_pct,0.0
2006-12-31,DNK,MCV1_measles_coverage_pct,90.0
2006-12-31,DOM,BCG_coverage_pct,95.0
2006-12-31,DOM,DTP3_coverage_pct,89.0
2006-12-31,DOM,HepB3_coverage_pct,84.0
2006-12-31,DOM,MCV1_measles_coverage_pct,81.0
2006-12-31,DZA,BCG_coverage_pct,99.0
2006-12-31,DZA,DTP3_coverage_pct,95.0
2006-12-31,DZA,HepB3_coverage_pct,80.0
2006-12-31,DZA,MCV1_measles_coverage_pct,91.0
2006-12-31,ECU,BCG_coverage_pct,99.0
2006-12-31,ECU,DTP3_coverage_pct,96.0
2006-12-31,ECU,HepB3_coverage_pct,96.0
2006-12-31,ECU,MCV1_measles_coverage_pct,97.0
2006-12-31,EGY,BCG_coverage_pct,99.0
2006-12-31,EGY,DTP3_coverage_pct,98.0
2006-12-31,EGY,HepB3_coverage_pct,98.0
2006-12-31,EGY,MCV1_measles_coverage_pct,98.0
2006-12-31,ERI,BCG_coverage_pct,99.0
2006-12-31,ERI,DTP3_coverage_pct,94.0
2006-12-31,ERI,HepB3_coverage_pct,94.0
2006-12-31,ERI,MCV1_measles_coverage_pct,94.0
2006-12-31,ESP,DTP3_coverage_pct,98.0
2006-12-31,ESP,HepB3_coverage_pct,97.0
2006-12-31,ESP,MCV1_measles_coverage_pct,97.0
2006-12-31,EST,BCG_coverage_pct,99.0
2006-12-31,EST,DTP3_coverage_pct,95.0
2006-12-31,EST,HepB3_coverage_pct,95.0
2006-12-31,EST,MCV1_measles_coverage_pct,96.0
2006-12-31,ETH,BCG_coverage_pct,66.0
2006-12-31,ETH,DTP3_coverage_pct,46.0
2006-12-31,ETH,HepB3_coverage_pct,0.0
2006-12-31,ETH,MCV1_measles_coverage_pct,44.0
2006-12-31,FIN,BCG_coverage_pct,98.0
2006-12-31,FIN,DTP3_coverage_pct,97.0
2006-12-31,FIN,HepB3_coverage_pct,0.0
2006-12-31,FIN,MCV1_measles_coverage_pct,97.0
2006-12-31,FJI,BCG_coverage_pct,99.0
2006-12-31,FJI,DTP3_coverage_pct,98.0
2006-12-31,FJI,HepB3_coverage_pct,99.0
2006-12-31,FJI,MCV1_measles_coverage_pct,92.0
2006-12-31,FRA,BCG_coverage_pct,83.0
2006-12-31,FRA,DTP3_coverage_pct,99.0
2006-12-31,FRA,HepB3_coverage_pct,39.0
2006-12-31,FRA,MCV1_measles_coverage_pct,89.0
2006-12-31,FSM,BCG_coverage_pct,55.0
2006-12-31,FSM,DTP3_coverage_pct,67.0
2006-12-31,FSM,HepB3_coverage_pct,84.0
2006-12-31,FSM,MCV1_measles_coverage_pct,83.0
2006-12-31,GAB,BCG_coverage_pct,92.0
2006-12-31,GAB,DTP3_coverage_pct,45.0
2006-12-31,GAB,HepB3_coverage_pct,52.0
2006-12-31,GAB,MCV1_measles_coverage_pct,55.0
2006-12-31,GBR,DTP3_coverage_pct,92.0
2006-12-31,GBR,HepB3_coverage_pct,0.0
2006-12-31,GBR,MCV1_measles_coverage_pct,85.0
2006-12-31,GEO,BCG_coverage_pct,95.0
2006-12-31,GEO,DTP3_coverage_pct,88.0
2006-12-31,GEO,HepB3_coverage_pct,84.0
2006-12-31,GEO,MCV1_measles_coverage_pct,96.0
2006-12-31,GHA,BCG_coverage_pct,99.0
2006-12-31,GHA,DTP3_coverage_pct,84.0
2006-12-31,GHA,HepB3_coverage_pct,84.0
2006-12-31,GHA,MCV1_measles_coverage_pct,85.0
2006-12-31,GIN,BCG_coverage_pct,81.0
2006-12-31,GIN,DTP3_coverage_pct,57.0
2006-12-31,GIN,HepB3_coverage_pct,0.0
2006-12-31,GIN,MCV1_measles_coverage_pct,51.0
2006-12-31,GMB,BCG_coverage_pct,97.0
2006-12-31,GMB,DTP3_coverage_pct,95.0
2006-12-31,GMB,HepB3_coverage_pct,95.0
2006-12-31,GMB,MCV1_measles_coverage_pct,89.0
2006-12-31,GNB,BCG_coverage_pct,90.0
2006-12-31,GNB,DTP3_coverage_pct,71.0
2006-12-31,GNB,HepB3_coverage_pct,0.0
2006-12-31,GNB,MCV1_measles_coverage_pct,74.0
2006-12-31,GNQ,BCG_coverage_pct,72.0
2006-12-31,GNQ,DTP3_coverage_pct,46.0
2006-12-31,GNQ,HepB3_coverage_pct,0.0
2006-12-31,GNQ,MCV1_measles_coverage_pct,47.0
2006-12-31,GRC,DTP3_coverage_pct,98.0
2006-12-31,GRC,HepB3_coverage_pct,94.0
2006-12-31,GRC,MCV1_measles_coverage_pct,98.0
2006-12-31,GRD,DTP3_coverage_pct,91.0
2006-12-31,GRD,HepB3_coverage_pct,91.0
2006-12-31,GRD,MCV1_measles_coverage_pct,98.0
2006-12-31,GTM,BCG_coverage_pct,96.0
2006-12-31,GTM,DTP3_coverage_pct,89.0
2006-12-31,GTM,HepB3_coverage_pct,89.0
2006-12-31,GTM,MCV1_measles_coverage_pct,95.0
2006-12-31,GUY,BCG_coverage_pct,96.0
2006-12-31,GUY,DTP3_coverage_pct,93.0
2006-12-31,GUY,HepB3_coverage_pct,93.0
2006-12-31,GUY,MCV1_measles_coverage_pct,90.0
2006-12-31,HND,BCG_coverage_pct,97.0
2006-12-31,HND,DTP3_coverage_pct,95.0
2006-12-31,HND,HepB3_coverage_pct,94.0
2006-12-31,HND,MCV1_measles_coverage_pct,95.0
2006-12-31,HRV,BCG_coverage_pct,99.0
2006-12-31,HRV,DTP3_coverage_pct,96.0
2006-12-31,HRV,HepB3_coverage_pct,0.0
2006-12-31,HRV,MCV1_measles_coverage_pct,95.0
2006-12-31,HTI,BCG_coverage_pct,75.0
2006-12-31,HTI,DTP3_coverage_pct,61.0
2006-12-31,HTI,HepB3_coverage_pct,0.0
2006-12-31,HTI,MCV1_measles_coverage_pct,55.0
2006-12-31,HUN,BCG_coverage_pct,99.0
2006-12-31,HUN,DTP3_coverage_pct,99.0
2006-12-31,HUN,HepB3_coverage_pct,0.0
2006-12-31,HUN,MCV1_measles_coverage_pct,99.0
2006-12-31,IDN,BCG_coverage_pct,88.0
2006-12-31,IDN,DTP3_coverage_pct,72.0
2006-12-31,IDN,HepB3_coverage_pct,66.0
2006-12-31,IDN,MCV1_measles_coverage_pct,79.0
2006-12-31,IND,BCG_coverage_pct,86.0
2006-12-31,IND,DTP3_coverage_pct,65.0
2006-12-31,IND,HepB3_coverage_pct,6.0
2006-12-31,IND,MCV1_measles_coverage_pct,69.0
2006-12-31,IRL,BCG_coverage_pct,31.0
2006-12-31,IRL,DTP3_coverage_pct,91.0
2006-12-31,IRL,HepB3_coverage_pct,0.0
2006-12-31,IRL,MCV1_measles_coverage_pct,86.0
2006-12-31,IRN,BCG_coverage_pct,99.0
2006-12-31,IRN,DTP3_coverage_pct,98.0
2006-12-31,IRN,HepB3_coverage_pct,98.0
2006-12-31,IRN,MCV1_measles_coverage_pct,99.0
2006-12-31,IRQ,BCG_coverage_pct,89.0
2006-12-31,IRQ,DTP3_coverage_pct,59.0
2006-12-31,IRQ,HepB3_coverage_pct,59.0
2006-12-31,IRQ,MCV1_measles_coverage_pct,62.0
2006-12-31,ISL,DTP3_coverage_pct,97.0
2006-12-31,ISL,HepB3_coverage_pct,0.0
2006-12-31,ISL,MCV1_measles_coverage_pct,95.0
2006-12-31,ISR,DTP3_coverage_pct,95.0
2006-12-31,ISR,HepB3_coverage_pct,96.0
2006-12-31,ISR,MCV1_measles_coverage_pct,96.0
2006-12-31,ITA,DTP3_coverage_pct,96.0
2006-12-31,ITA,HepB3_coverage_pct,96.0
2006-12-31,ITA,MCV1_measles_coverage_pct,88.0
2006-12-31,JAM,BCG_coverage_pct,90.0
2006-12-31,JAM,DTP3_coverage_pct,94.0
2006-12-31,JAM,HepB3_coverage_pct,97.0
2006-12-31,JAM,MCV1_measles_coverage_pct,87.0
2006-12-31,JOR,BCG_coverage_pct,95.0
2006-12-31,JOR,DTP3_coverage_pct,98.0
2006-12-31,JOR,HepB3_coverage_pct,98.0
2006-12-31,JOR,MCV1_measles_coverage_pct,99.0
2006-12-31,JPN,DTP3_coverage_pct,98.0
2006-12-31,JPN,HepB3_coverage_pct,0.0
2006-12-31,JPN,MCV1_measles_coverage_pct,97.0
2006-12-31,KAZ,BCG_coverage_pct,99.0
2006-12-31,KAZ,DTP3_coverage_pct,99.0
2006-12-31,KAZ,HepB3_coverage_pct,99.0
2006-12-31,KAZ,MCV1_measles_coverage_pct,99.0
2006-12-31,KEN,BCG_coverage_pct,92.0
2006-12-31,KEN,DTP3_coverage_pct,80.0
2006-12-31,KEN,HepB3_coverage_pct,80.0
2006-12-31,KEN,MCV1_measles_coverage_pct,77.0
2006-12-31,KGZ,BCG_coverage_pct,99.0
2006-12-31,KGZ,DTP3_coverage_pct,92.0
2006-12-31,KGZ,HepB3_coverage_pct,90.0
2006-12-31,KGZ,MCV1_measles_coverage_pct,97.0
2006-12-31,KHM,BCG_coverage_pct,87.0
2006-12-31,KHM,DTP3_coverage_pct,80.0
2006-12-31,KHM,HepB3_coverage_pct,80.0
2006-12-31,KHM,MCV1_measles_coverage_pct,78.0
2006-12-31,KIR,BCG_coverage_pct,91.0
2006-12-31,KIR,DTP3_coverage_pct,86.0
2006-12-31,KIR,HepB3_coverage_pct,88.0
2006-12-31,KIR,MCV1_measles_coverage_pct,61.0
2006-12-31,KNA,BCG_coverage_pct,99.0
2006-12-31,KNA,DTP3_coverage_pct,99.0
2006-12-31,KNA,HepB3_coverage_pct,99.0
2006-12-31,KNA,MCV1_measles_coverage_pct,99.0
2006-12-31,KOR,BCG_coverage_pct,98.0
2006-12-31,KOR,DTP3_coverage_pct,98.0
2006-12-31,KOR,HepB3_coverage_pct,99.0
2006-12-31,KOR,MCV1_measles_coverage_pct,99.0
2006-12-31,KWT,BCG_coverage_pct,84.0
2006-12-31,KWT,DTP3_coverage_pct,99.0
2006-12-31,KWT,HepB3_coverage_pct,99.0
2006-12-31,KWT,MCV1_measles_coverage_pct,99.0
2006-12-31,LAO,BCG_coverage_pct,61.0
2006-12-31,LAO,DTP3_coverage_pct,57.0
2006-12-31,LAO,HepB3_coverage_pct,57.0
2006-12-31,LAO,MCV1_measles_coverage_pct,48.0
2006-12-31,LBN,DTP3_coverage_pct,78.0
2006-12-31,LBN,HepB3_coverage_pct,78.0
2006-12-31,LBN,MCV1_measles_coverage_pct,75.0
2006-12-31,LBR,BCG_coverage_pct,77.0
2006-12-31,LBR,DTP3_coverage_pct,60.0
2006-12-31,LBR,HepB3_coverage_pct,0.0
2006-12-31,LBR,MCV1_measles_coverage_pct,63.0
2006-12-31,LBY,BCG_coverage_pct,99.0
2006-12-31,LBY,DTP3_coverage_pct,98.0
2006-12-31,LBY,HepB3_coverage_pct,98.0
2006-12-31,LBY,MCV1_measles_coverage_pct,98.0
2006-12-31,LCA,BCG_coverage_pct,94.0
2006-12-31,LCA,DTP3_coverage_pct,85.0
2006-12-31,LCA,HepB3_coverage_pct,85.0
2006-12-31,LCA,MCV1_measles_coverage_pct,94.0
2006-12-31,LKA,BCG_coverage_pct,99.0
2006-12-31,LKA,DTP3_coverage_pct,98.0
2006-12-31,LKA,HepB3_coverage_pct,98.0
2006-12-31,LKA,MCV1_measles_coverage_pct,99.0
2006-12-31,LSO,BCG_coverage_pct,95.0
2006-12-31,LSO,DTP3_coverage_pct,89.0
2006-12-31,LSO,HepB3_coverage_pct,91.0
2006-12-31,LSO,MCV1_measles_coverage_pct,82.0
2006-12-31,LTU,BCG_coverage_pct,99.0
2006-12-31,LTU,DTP3_coverage_pct,94.0
2006-12-31,LTU,HepB3_coverage_pct,95.0
2006-12-31,LTU,MCV1_measles_coverage_pct,97.0
2006-12-31,LUX,DTP3_coverage_pct,99.0
2006-12-31,LUX,HepB3_coverage_pct,95.0
2006-12-31,LUX,MCV1_measles_coverage_pct,95.0
2006-12-31,LVA,BCG_coverage_pct,95.0
2006-12-31,LVA,DTP3_coverage_pct,96.0
2006-12-31,LVA,HepB3_coverage_pct,94.0
2006-12-31,LVA,MCV1_measles_coverage_pct,98.0
2006-12-31,MAR,BCG_coverage_pct,95.0
2006-12-31,MAR,DTP3_coverage_pct,97.0
2006-12-31,MAR,HepB3_coverage_pct,95.0
2006-12-31,MAR,MCV1_measles_coverage_pct,95.0
2006-12-31,MCO,BCG_coverage_pct,89.0
2006-12-31,MCO,DTP3_coverage_pct,99.0
2006-12-31,MCO,HepB3_coverage_pct,99.0
2006-12-31,MCO,MCV1_measles_coverage_pct,94.0
2006-12-31,MDA,BCG_coverage_pct,99.0
2006-12-31,MDA,DTP3_coverage_pct,97.0
2006-12-31,MDA,HepB3_coverage_pct,98.0
2006-12-31,MDA,MCV1_measles_coverage_pct,96.0
2006-12-31,MDG,BCG_coverage_pct,95.0
2006-12-31,MDG,DTP3_coverage_pct,85.0
2006-12-31,MDG,HepB3_coverage_pct,82.0
2006-12-31,MDG,MCV1_measles_coverage_pct,71.0
2006-12-31,MDV,BCG_coverage_pct,99.0
2006-12-31,MDV,DTP3_coverage_pct,98.0
2006-12-31,MDV,HepB3_coverage_pct,98.0
2006-12-31,MDV,MCV1_measles_coverage_pct,97.0
2006-12-31,MEX,BCG_coverage_pct,99.0
2006-12-31,MEX,DTP3_coverage_pct,98.0
2006-12-31,MEX,HepB3_coverage_pct,98.0
2006-12-31,MEX,MCV1_measles_coverage_pct,96.0
2006-12-31,MHL,BCG_coverage_pct,92.0
2006-12-31,MHL,DTP3_coverage_pct,74.0
2006-12-31,MHL,HepB3_coverage_pct,97.0
2006-12-31,MHL,MCV1_measles_coverage_pct,96.0
2006-12-31,MKD,BCG_coverage_pct,92.0
2006-12-31,MKD,DTP3_coverage_pct,93.0
2006-12-31,MKD,HepB3_coverage_pct,89.0
2006-12-31,MKD,MCV1_measles_coverage_pct,94.0
2006-12-31,MLI,BCG_coverage_pct,86.0
2006-12-31,MLI,DTP3_coverage_pct,78.0
2006-12-31,MLI,HepB3_coverage_pct,90.0
2006-12-31,MLI,MCV1_measles_coverage_pct,68.0
2006-12-31,MLT,DTP3_coverage_pct,85.0
2006-12-31,MLT,HepB3_coverage_pct,86.0
2006-12-31,MLT,MCV1_measles_coverage_pct,94.0
2006-12-31,MMR,BCG_coverage_pct,85.0
2006-12-31,MMR,DTP3_coverage_pct,82.0
2006-12-31,MMR,HepB3_coverage_pct,75.0
2006-12-31,MMR,MCV1_measles_coverage_pct,78.0
2006-12-31,MNE,BCG_coverage_pct,98.0
2006-12-31,MNE,DTP3_coverage_pct,90.0
2006-12-31,MNE,HepB3_coverage_pct,90.0
2006-12-31,MNE,MCV1_measles_coverage_pct,90.0
2006-12-31,MNG,BCG_coverage_pct,98.0
2006-12-31,MNG,DTP3_coverage_pct,99.0
2006-12-31,MNG,HepB3_coverage_pct,98.0
2006-12-31,MNG,MCV1_measles_coverage_pct,99.0
2006-12-31,MOZ,BCG_coverage_pct,90.0
2006-12-31,MOZ,DTP3_coverage_pct,78.0
2006-12-31,MOZ,HepB3_coverage_pct,75.0
2006-12-31,MOZ,MCV1_measles_coverage_pct,76.0
2006-12-31,MRT,BCG_coverage_pct,86.0
2006-12-31,MRT,DTP3_coverage_pct,68.0
2006-12-31,MRT,HepB3_coverage_pct,68.0
2006-12-31,MRT,MCV1_measles_coverage_pct,62.0
2006-12-31,MUS,BCG_coverage_pct,97.0
2006-12-31,MUS,DTP3_coverage_pct,97.0
2006-12-31,MUS,HepB3_coverage_pct,97.0
2006-12-31,MUS,MCV1_measles_coverage_pct,99.0
2006-12-31,MWI,BCG_coverage_pct,99.0
2006-12-31,MWI,DTP3_coverage_pct,99.0
2006-12-31,MWI,HepB3_coverage_pct,99.0
2006-12-31,MWI,MCV1_measles_coverage_pct,85.0
2006-12-31,MYS,BCG_coverage_pct,98.0
2006-12-31,MYS,DTP3_coverage_pct,95.0
2006-12-31,MYS,HepB3_coverage_pct,95.0
2006-12-31,MYS,MCV1_measles_coverage_pct,95.0
2006-12-31,NAM,BCG_coverage_pct,88.0
2006-12-31,NAM,DTP3_coverage_pct,86.0
2006-12-31,NAM,HepB3_coverage_pct,0.0
2006-12-31,NAM,MCV1_measles_coverage_pct,63.0
2006-12-31,NER,BCG_coverage_pct,69.0
2006-12-31,NER,DTP3_coverage_pct,52.0
2006-12-31,NER,HepB3_coverage_pct,0.0
2006-12-31,NER,MCV1_measles_coverage_pct,53.0
2006-12-31,NGA,BCG_coverage_pct,52.0
2006-12-31,NGA,DTP3_coverage_pct,40.0
2006-12-31,NGA,HepB3_coverage_pct,27.0
2006-12-31,NGA,MCV1_measles_coverage_pct,44.0
2006-12-31,NIC,BCG_coverage_pct,98.0
2006-12-31,NIC,DTP3_coverage_pct,88.0
2006-12-31,NIC,HepB3_coverage_pct,88.0
2006-12-31,NIC,MCV1_measles_coverage_pct,98.0
2006-12-31,NIU,BCG_coverage_pct,99.0
2006-12-31,NIU,DTP3_coverage_pct,99.0
2006-12-31,NIU,HepB3_coverage_pct,99.0
2006-12-31,NIU,MCV1_measles_coverage_pct,99.0
2006-12-31,NLD,DTP3_coverage_pct,96.0
2006-12-31,NLD,HepB3_coverage_pct,0.0
2006-12-31,NLD,MCV1_measles_coverage_pct,96.0
2006-12-31,NOR,DTP3_coverage_pct,94.0
2006-12-31,NOR,HepB3_coverage_pct,0.0
2006-12-31,NOR,MCV1_measles_coverage_pct,92.0
2006-12-31,NPL,BCG_coverage_pct,93.0
2006-12-31,NPL,DTP3_coverage_pct,89.0
2006-12-31,NPL,HepB3_coverage_pct,69.0
2006-12-31,NPL,MCV1_measles_coverage_pct,85.0
2006-12-31,NRU,BCG_coverage_pct,99.0
2006-12-31,NRU,DTP3_coverage_pct,72.0
2006-12-31,NRU,HepB3_coverage_pct,99.0
2006-12-31,NRU,MCV1_measles_coverage_pct,99.0
2006-12-31,NZL,DTP3_coverage_pct,89.0
2006-12-31,NZL,HepB3_coverage_pct,87.0
2006-12-31,NZL,MCV1_measles_coverage_pct,82.0
2006-12-31,OMN,BCG_coverage_pct,99.0
2006-12-31,OMN,DTP3_coverage_pct,98.0
2006-12-31,OMN,HepB3_coverage_pct,99.0
2006-12-31,OMN,MCV1_measles_coverage_pct,96.0
2006-12-31,PAK,BCG_coverage_pct,77.0
2006-12-31,PAK,DTP3_coverage_pct,59.0
2006-12-31,PAK,HepB3_coverage_pct,60.0
2006-12-31,PAK,MCV1_measles_coverage_pct,59.0
2006-12-31,PAN,BCG_coverage_pct,98.0
2006-12-31,PAN,DTP3_coverage_pct,88.0
2006-12-31,PAN,HepB3_coverage_pct,88.0
2006-12-31,PAN,MCV1_measles_coverage_pct,95.0
2006-12-31,PER,BCG_coverage_pct,96.0
2006-12-31,PER,DTP3_coverage_pct,94.0
2006-12-31,PER,HepB3_coverage_pct,94.0
2006-12-31,PER,MCV1_measles_coverage_pct,93.0
2006-12-31,PHL,BCG_coverage_pct,91.0
2006-12-31,PHL,DTP3_coverage_pct,88.0
2006-12-31,PHL,HepB3_coverage_pct,77.0
2006-12-31,PHL,MCV1_measles_coverage_pct,92.0
2006-12-31,PLW,DTP3_coverage_pct,98.0
2006-12-31,PLW,HepB3_coverage_pct,98.0
2006-12-31,PLW,MCV1_measles_coverage_pct,98.0
2006-12-31,PNG,BCG_coverage_pct,90.0
2006-12-31,PNG,DTP3_coverage_pct,70.0
2006-12-31,PNG,HepB3_coverage_pct,69.0
2006-12-31,PNG,MCV1_measles_coverage_pct,82.0
2006-12-31,POL,BCG_coverage_pct,94.0
2006-12-31,POL,DTP3_coverage_pct,99.0
2006-12-31,POL,HepB3_coverage_pct,98.0
2006-12-31,POL,MCV1_measles_coverage_pct,99.0
2006-12-31,PRK,BCG_coverage_pct,96.0
2006-12-31,PRK,DTP3_coverage_pct,89.0
2006-12-31,PRK,HepB3_coverage_pct,96.0
2006-12-31,PRK,MCV1_measles_coverage_pct,96.0
2006-12-31,PRT,BCG_coverage_pct,99.0
2006-12-31,PRT,DTP3_coverage_pct,97.0
2006-12-31,PRT,HepB3_coverage_pct,97.0
2006-12-31,PRT,MCV1_measles_coverage_pct,97.0
2006-12-31,PRY,BCG_coverage_pct,99.0
2006-12-31,PRY,DTP3_coverage_pct,98.0
2006-12-31,PRY,HepB3_coverage_pct,92.0
2006-12-31,PRY,MCV1_measles_coverage_pct,91.0
2006-12-31,PSE,BCG_coverage_pct,99.0
2006-12-31,PSE,DTP3_coverage_pct,96.0
2006-12-31,PSE,HepB3_coverage_pct,97.0
2006-12-31,PSE,MCV1_measles_coverage_pct,99.0
2006-12-31,QAT,BCG_coverage_pct,99.0
2006-12-31,QAT,DTP3_coverage_pct,96.0
2006-12-31,QAT,HepB3_coverage_pct,96.0
2006-12-31,QAT,MCV1_measles_coverage_pct,99.0
2006-12-31,ROU,BCG_coverage_pct,99.0
2006-12-31,ROU,DTP3_coverage_pct,97.0
2006-12-31,ROU,HepB3_coverage_pct,99.0
2006-12-31,ROU,MCV1_measles_coverage_pct,95.0
2006-12-31,RUS,BCG_coverage_pct,97.0
2006-12-31,RUS,DTP3_coverage_pct,98.0
2006-12-31,RUS,HepB3_coverage_pct,98.0
2006-12-31,RUS,MCV1_measles_coverage_pct,99.0
2006-12-31,RWA,BCG_coverage_pct,98.0
2006-12-31,RWA,DTP3_coverage_pct,99.0
2006-12-31,RWA,HepB3_coverage_pct,99.0
2006-12-31,RWA,MCV1_measles_coverage_pct,95.0
2006-12-31,SAU,BCG_coverage_pct,95.0
2006-12-31,SAU,DTP3_coverage_pct,96.0
2006-12-31,SAU,HepB3_coverage_pct,96.0
2006-12-31,SAU,MCV1_measles_coverage_pct,95.0
2006-12-31,SDN,BCG_coverage_pct,77.0
2006-12-31,SDN,DTP3_coverage_pct,78.0
2006-12-31,SDN,HepB3_coverage_pct,60.0
2006-12-31,SDN,MCV1_measles_coverage_pct,73.0
2006-12-31,SEN,BCG_coverage_pct,94.0
2006-12-31,SEN,DTP3_coverage_pct,89.0
2006-12-31,SEN,HepB3_coverage_pct,89.0
2006-12-31,SEN,MCV1_measles_coverage_pct,80.0
2006-12-31,SGP,BCG_coverage_pct,98.0
2006-12-31,SGP,DTP3_coverage_pct,95.0
2006-12-31,SGP,HepB3_coverage_pct,95.0
2006-12-31,SGP,MCV1_measles_coverage_pct,95.0
2006-12-31,SLB,BCG_coverage_pct,99.0
2006-12-31,SLB,DTP3_coverage_pct,99.0
2006-12-31,SLB,HepB3_coverage_pct,99.0
2006-12-31,SLB,MCV1_measles_coverage_pct,99.0
2006-12-31,SLE,BCG_coverage_pct,83.0
2006-12-31,SLE,DTP3_coverage_pct,64.0
2006-12-31,SLE,HepB3_coverage_pct,0.0
2006-12-31,SLE,MCV1_measles_coverage_pct,65.0
2006-12-31,SLV,BCG_coverage_pct,93.0
2006-12-31,SLV,DTP3_coverage_pct,96.0
2006-12-31,SLV,HepB3_coverage_pct,96.0
2006-12-31,SLV,MCV1_measles_coverage_pct,98.0
2006-12-31,SMR,DTP3_coverage_pct,92.0
2006-12-31,SMR,HepB3_coverage_pct,92.0
2006-12-31,SMR,MCV1_measles_coverage_pct,90.0
2006-12-31,SOM,BCG_coverage_pct,40.0
2006-12-31,SOM,DTP3_coverage_pct,26.0
2006-12-31,SOM,HepB3_coverage_pct,0.0
2006-12-31,SOM,MCV1_measles_coverage_pct,35.0
2006-12-31,SRB,BCG_coverage_pct,99.0
2006-12-31,SRB,DTP3_coverage_pct,92.0
2006-12-31,SRB,HepB3_coverage_pct,93.0
2006-12-31,SRB,MCV1_measles_coverage_pct,88.0
2006-12-31,STP,BCG_coverage_pct,98.0
2006-12-31,STP,DTP3_coverage_pct,97.0
2006-12-31,STP,HepB3_coverage_pct,75.0
2006-12-31,STP,MCV1_measles_coverage_pct,85.0
2006-12-31,SUR,DTP3_coverage_pct,84.0
2006-12-31,SUR,HepB3_coverage_pct,84.0
2006-12-31,SUR,MCV1_measles_coverage_pct,83.0
2006-12-31,SVK,BCG_coverage_pct,98.0
2006-12-31,SVK,DTP3_coverage_pct,99.0
2006-12-31,SVK,HepB3_coverage_pct,99.0
2006-12-31,SVK,MCV1_measles_coverage_pct,98.0
2006-12-31,SVN,DTP3_coverage_pct,97.0
2006-12-31,SVN,HepB3_coverage_pct,0.0
2006-12-31,SVN,MCV1_measles_coverage_pct,96.0
2006-12-31,SWE,BCG_coverage_pct,21.0
2006-12-31,SWE,DTP3_coverage_pct,98.0
2006-12-31,SWE,HepB3_coverage_pct,0.0
2006-12-31,SWE,MCV1_measles_coverage_pct,97.0
2006-12-31,SWZ,BCG_coverage_pct,94.0
2006-12-31,SWZ,DTP3_coverage_pct,87.0
2006-12-31,SWZ,HepB3_coverage_pct,93.0
2006-12-31,SWZ,MCV1_measles_coverage_pct,93.0
2006-12-31,SYC,BCG_coverage_pct,99.0
2006-12-31,SYC,DTP3_coverage_pct,99.0
2006-12-31,SYC,HepB3_coverage_pct,99.0
2006-12-31,SYC,MCV1_measles_coverage_pct,99.0
2006-12-31,SYR,BCG_coverage_pct,91.0
2006-12-31,SYR,DTP3_coverage_pct,82.0
2006-12-31,SYR,HepB3_coverage_pct,83.0
2006-12-31,SYR,MCV1_measles_coverage_pct,81.0
2006-12-31,TCD,BCG_coverage_pct,57.0
2006-12-31,TCD,DTP3_coverage_pct,41.0
2006-12-31,TCD,HepB3_coverage_pct,0.0
2006-12-31,TCD,MCV1_measles_coverage_pct,39.0
2006-12-31,TGO,BCG_coverage_pct,96.0
2006-12-31,TGO,DTP3_coverage_pct,84.0
2006-12-31,TGO,HepB3_coverage_pct,0.0
2006-12-31,TGO,MCV1_measles_coverage_pct,78.0
2006-12-31,THA,BCG_coverage_pct,99.0
2006-12-31,THA,DTP3_coverage_pct,98.0
2006-12-31,THA,HepB3_coverage_pct,96.0
2006-12-31,THA,MCV1_measles_coverage_pct,96.0
2006-12-31,TJK,BCG_coverage_pct,93.0
2006-12-31,TJK,DTP3_coverage_pct,83.0
2006-12-31,TJK,HepB3_coverage_pct,88.0
2006-12-31,TJK,MCV1_measles_coverage_pct,82.0
2006-12-31,TKM,BCG_coverage_pct,99.0
2006-12-31,TKM,DTP3_coverage_pct,98.0
2006-12-31,TKM,HepB3_coverage_pct,98.0
2006-12-31,TKM,MCV1_measles_coverage_pct,99.0
2006-12-31,TLS,BCG_coverage_pct,74.0
2006-12-31,TLS,DTP3_coverage_pct,63.0
2006-12-31,TLS,HepB3_coverage_pct,0.0
2006-12-31,TLS,MCV1_measles_coverage_pct,61.0
2006-12-31,TON,BCG_coverage_pct,99.0
2006-12-31,TON,DTP3_coverage_pct,99.0
2006-12-31,TON,HepB3_coverage_pct,99.0
2006-12-31,TON,MCV1_measles_coverage_pct,99.0
2006-12-31,TTO,DTP3_coverage_pct,92.0
2006-12-31,TTO,HepB3_coverage_pct,89.0
2006-12-31,TTO,MCV1_measles_coverage_pct,89.0
2006-12-31,TUN,BCG_coverage_pct,99.0
2006-12-31,TUN,DTP3_coverage_pct,99.0
2006-12-31,TUN,HepB3_coverage_pct,99.0
2006-12-31,TUN,MCV1_measles_coverage_pct,98.0
2006-12-31,TUR,BCG_coverage_pct,88.0
2006-12-31,TUR,DTP3_coverage_pct,90.0
2006-12-31,TUR,HepB3_coverage_pct,82.0
2006-12-31,TUR,MCV1_measles_coverage_pct,98.0
2006-12-31,TUV,BCG_coverage_pct,99.0
2006-12-31,TUV,DTP3_coverage_pct,97.0
2006-12-31,TUV,HepB3_coverage_pct,97.0
2006-12-31,TUV,MCV1_measles_coverage_pct,84.0
2006-12-31,TZA,BCG_coverage_pct,90.0
2006-12-31,TZA,DTP3_coverage_pct,90.0
2006-12-31,TZA,HepB3_coverage_pct,90.0
2006-12-31,TZA,MCV1_measles_coverage_pct,93.0
2006-12-31,UGA,BCG_coverage_pct,83.0
2006-12-31,UGA,DTP3_coverage_pct,64.0
2006-12-31,UGA,HepB3_coverage_pct,64.0
2006-12-31,UGA,MCV1_measles_coverage_pct,75.0
2006-12-31,UKR,BCG_coverage_pct,97.0
2006-12-31,UKR,DTP3_coverage_pct,98.0
2006-12-31,UKR,HepB3_coverage_pct,96.0
2006-12-31,UKR,MCV1_measles_coverage_pct,98.0
2006-12-31,URY,BCG_coverage_pct,99.0
2006-12-31,URY,DTP3_coverage_pct,95.0
2006-12-31,URY,HepB3_coverage_pct,95.0
2006-12-31,URY,MCV1_measles_coverage_pct,94.0
2006-12-31,USA,DTP3_coverage_pct,96.0
2006-12-31,USA,HepB3_coverage_pct,93.0
2006-12-31,USA,MCV1_measles_coverage_pct,92.0
2006-12-31,UZB,BCG_coverage_pct,99.0
2006-12-31,UZB,DTP3_coverage_pct,96.0
2006-12-31,UZB,HepB3_coverage_pct,98.0
2006-12-31,UZB,MCV1_measles_coverage_pct,98.0
2006-12-31,VCT,BCG_coverage_pct,99.0
2006-12-31,VCT,DTP3_coverage_pct,99.0
2006-12-31,VCT,HepB3_coverage_pct,99.0
2006-12-31,VCT,MCV1_measles_coverage_pct,99.0
2006-12-31,VEN,BCG_coverage_pct,83.0
2006-12-31,VEN,DTP3_coverage_pct,71.0
2006-12-31,VEN,HepB3_coverage_pct,71.0
2006-12-31,VEN,MCV1_measles_coverage_pct,82.0
2006-12-31,VNM,BCG_coverage_pct,95.0
2006-12-31,VNM,DTP3_coverage_pct,94.0
2006-12-31,VNM,HepB3_coverage_pct,93.0
2006-12-31,VNM,MCV1_measles_coverage_pct,93.0
2006-12-31,VUT,BCG_coverage_pct,81.0
2006-12-31,VUT,DTP3_coverage_pct,68.0
2006-12-31,VUT,HepB3_coverage_pct,59.0
2006-12-31,VUT,MCV1_measles_coverage_pct,53.0
2006-12-31,WSM,BCG_coverage_pct,84.0
2006-12-31,WSM,DTP3_coverage_pct,50.0
2006-12-31,WSM,HepB3_coverage_pct,46.0
2006-12-31,WSM,MCV1_measles_coverage_pct,54.0
2006-12-31,YEM,BCG_coverage_pct,67.0
2006-12-31,YEM,DTP3_coverage_pct,78.0
2006-12-31,YEM,HepB3_coverage_pct,78.0
2006-12-31,YEM,MCV1_measles_coverage_pct,65.0
2006-12-31,ZAF,BCG_coverage_pct,79.0
2006-12-31,ZAF,DTP3_coverage_pct,84.0
2006-12-31,ZAF,HepB3_coverage_pct,83.0
2006-12-31,ZAF,MCV1_measles_coverage_pct,69.0
2006-12-31,ZMB,BCG_coverage_pct,92.0
2006-12-31,ZMB,DTP3_coverage_pct,81.0
2006-12-31,ZMB,HepB3_coverage_pct,81.0
2006-12-31,ZMB,MCV1_measles_coverage_pct,85.0
2006-12-31,ZWE,BCG_coverage_pct,84.0
2006-12-31,ZWE,DTP3_coverage_pct,70.0
2006-12-31,ZWE,HepB3_coverage_pct,68.0
2006-12-31,ZWE,MCV1_measles_coverage_pct,68.0
2007-12-31,AFG,BCG_coverage_pct,60.0
2007-12-31,AFG,DTP3_coverage_pct,63.0
2007-12-31,AFG,HepB3_coverage_pct,63.0
2007-12-31,AFG,MCV1_measles_coverage_pct,55.0
2007-12-31,AGO,BCG_coverage_pct,75.0
2007-12-31,AGO,DTP3_coverage_pct,43.0
2007-12-31,AGO,HepB3_coverage_pct,43.0
2007-12-31,AGO,MCV1_measles_coverage_pct,58.0
2007-12-31,ALB,BCG_coverage_pct,98.0
2007-12-31,ALB,DTP3_coverage_pct,98.0
2007-12-31,ALB,HepB3_coverage_pct,98.0
2007-12-31,ALB,MCV1_measles_coverage_pct,97.0
2007-12-31,AND,DTP3_coverage_pct,96.0
2007-12-31,AND,HepB3_coverage_pct,91.0
2007-12-31,AND,MCV1_measles_coverage_pct,94.0
2007-12-31,ARE,BCG_coverage_pct,98.0
2007-12-31,ARE,DTP3_coverage_pct,92.0
2007-12-31,ARE,HepB3_coverage_pct,92.0
2007-12-31,ARE,MCV1_measles_coverage_pct,92.0
2007-12-31,ARG,BCG_coverage_pct,99.0
2007-12-31,ARG,DTP3_coverage_pct,91.0
2007-12-31,ARG,HepB3_coverage_pct,85.0
2007-12-31,ARG,MCV1_measles_coverage_pct,94.0
2007-12-31,ARM,BCG_coverage_pct,94.0
2007-12-31,ARM,DTP3_coverage_pct,88.0
2007-12-31,ARM,HepB3_coverage_pct,85.0
2007-12-31,ARM,MCV1_measles_coverage_pct,92.0
2007-12-31,ATG,DTP3_coverage_pct,99.0
2007-12-31,ATG,HepB3_coverage_pct,97.0
2007-12-31,ATG,MCV1_measles_coverage_pct,99.0
2007-12-31,AUS,DTP3_coverage_pct,92.0
2007-12-31,AUS,HepB3_coverage_pct,94.0
2007-12-31,AUS,MCV1_measles_coverage_pct,94.0
2007-12-31,AUT,DTP3_coverage_pct,85.0
2007-12-31,AUT,HepB3_coverage_pct,85.0
2007-12-31,AUT,MCV1_measles_coverage_pct,79.0
2007-12-31,AZE,BCG_coverage_pct,88.0
2007-12-31,AZE,DTP3_coverage_pct,79.0
2007-12-31,AZE,HepB3_coverage_pct,62.0
2007-12-31,AZE,MCV1_measles_coverage_pct,75.0
2007-12-31,BDI,BCG_coverage_pct,97.0
2007-12-31,BDI,DTP3_coverage_pct,99.0
2007-12-31,BDI,HepB3_coverage_pct,99.0
2007-12-31,BDI,MCV1_measles_coverage_pct,88.0
2007-12-31,BEL,DTP3_coverage_pct,98.0
2007-12-31,BEL,HepB3_coverage_pct,94.0
2007-12-31,BEL,MCV1_measles_coverage_pct,92.0
2007-12-31,BEN,BCG_coverage_pct,97.0
2007-12-31,BEN,DTP3_coverage_pct,82.0
2007-12-31,BEN,HepB3_coverage_pct,82.0
2007-12-31,BEN,MCV1_measles_coverage_pct,70.0
2007-12-31,BFA,BCG_coverage_pct,99.0
2007-12-31,BFA,DTP3_coverage_pct,89.0
2007-12-31,BFA,HepB3_coverage_pct,89.0
2007-12-31,BFA,MCV1_measles_coverage_pct,94.0
2007-12-31,BGD,BCG_coverage_pct,98.0
2007-12-31,BGD,DTP3_coverage_pct,94.0
2007-12-31,BGD,HepB3_coverage_pct,95.0
2007-12-31,BGD,MCV1_measles_coverage_pct,89.0
2007-12-31,BGR,BCG_coverage_pct,98.0
2007-12-31,BGR,DTP3_coverage_pct,95.0
2007-12-31,BGR,HepB3_coverage_pct,95.0
2007-12-31,BGR,MCV1_measles_coverage_pct,96.0
2007-12-31,BHR,DTP3_coverage_pct,97.0
2007-12-31,BHR,HepB3_coverage_pct,97.0
2007-12-31,BHR,MCV1_measles_coverage_pct,99.0
2007-12-31,BHS,DTP3_coverage_pct,95.0
2007-12-31,BHS,HepB3_coverage_pct,93.0
2007-12-31,BHS,MCV1_measles_coverage_pct,96.0
2007-12-31,BIH,BCG_coverage_pct,98.0
2007-12-31,BIH,DTP3_coverage_pct,95.0
2007-12-31,BIH,HepB3_coverage_pct,94.0
2007-12-31,BIH,MCV1_measles_coverage_pct,96.0
2007-12-31,BLR,BCG_coverage_pct,98.0
2007-12-31,BLR,DTP3_coverage_pct,95.0
2007-12-31,BLR,HepB3_coverage_pct,91.0
2007-12-31,BLR,MCV1_measles_coverage_pct,99.0
2007-12-31,BLZ,BCG_coverage_pct,99.0
2007-12-31,BLZ,DTP3_coverage_pct,96.0
2007-12-31,BLZ,HepB3_coverage_pct,96.0
2007-12-31,BLZ,MCV1_measles_coverage_pct,96.0
2007-12-31,BOL,BCG_coverage_pct,87.0
2007-12-31,BOL,DTP3_coverage_pct,84.0
2007-12-31,BOL,HepB3_coverage_pct,84.0
2007-12-31,BOL,MCV1_measles_coverage_pct,86.0
2007-12-31,BRA,BCG_coverage_pct,99.0
2007-12-31,BRA,DTP3_coverage_pct,99.0
2007-12-31,BRA,HepB3_coverage_pct,99.0
2007-12-31,BRA,MCV1_measles_coverage_pct,99.0
2007-12-31,BRB,DTP3_coverage_pct,93.0
2007-12-31,BRB,HepB3_coverage_pct,93.0
2007-12-31,BRB,MCV1_measles_coverage_pct,75.0
2007-12-31,BRN,BCG_coverage_pct,96.0
2007-12-31,BRN,DTP3_coverage_pct,99.0
2007-12-31,BRN,HepB3_coverage_pct,97.0
2007-12-31,BRN,MCV1_measles_coverage_pct,97.0
2007-12-31,BTN,BCG_coverage_pct,94.0
2007-12-31,BTN,DTP3_coverage_pct,95.0
2007-12-31,BTN,HepB3_coverage_pct,95.0
2007-12-31,BTN,MCV1_measles_coverage_pct,95.0
2007-12-31,BWA,BCG_coverage_pct,99.0
2007-12-31,BWA,DTP3_coverage_pct,96.0
2007-12-31,BWA,HepB3_coverage_pct,93.0
2007-12-31,BWA,MCV1_measles_coverage_pct,95.0
2007-12-31,CAF,BCG_coverage_pct,74.0
2007-12-31,CAF,DTP3_coverage_pct,48.0
2007-12-31,CAF,HepB3_coverage_pct,0.0
2007-12-31,CAF,MCV1_measles_coverage_pct,59.0
2007-12-31,CAN,DTP3_coverage_pct,94.0
2007-12-31,CAN,HepB3_coverage_pct,14.0
2007-12-31,CAN,MCV1_measles_coverage_pct,94.0
2007-12-31,CHE,DTP3_coverage_pct,94.0
2007-12-31,CHE,HepB3_coverage_pct,0.0
2007-12-31,CHE,MCV1_measles_coverage_pct,87.0
2007-12-31,CHL,BCG_coverage_pct,98.0
2007-12-31,CHL,DTP3_coverage_pct,96.0
2007-12-31,CHL,HepB3_coverage_pct,92.0
2007-12-31,CHL,MCV1_measles_coverage_pct,92.0
2007-12-31,CHN,BCG_coverage_pct,94.0
2007-12-31,CHN,DTP3_coverage_pct,93.0
2007-12-31,CHN,HepB3_coverage_pct,92.0
2007-12-31,CHN,MCV1_measles_coverage_pct,94.0
2007-12-31,CIV,BCG_coverage_pct,94.0
2007-12-31,CIV,DTP3_coverage_pct,76.0
2007-12-31,CIV,HepB3_coverage_pct,76.0
2007-12-31,CIV,MCV1_measles_coverage_pct,67.0
2007-12-31,CMR,BCG_coverage_pct,89.0
2007-12-31,CMR,DTP3_coverage_pct,82.0
2007-12-31,CMR,HepB3_coverage_pct,82.0
2007-12-31,CMR,MCV1_measles_coverage_pct,74.0
2007-12-31,COD,BCG_coverage_pct,76.0
2007-12-31,COD,DTP3_coverage_pct,65.0
2007-12-31,COD,HepB3_coverage_pct,65.0
2007-12-31,COD,MCV1_measles_coverage_pct,64.0
2007-12-31,COG,BCG_coverage_pct,86.0
2007-12-31,COG,DTP3_coverage_pct,73.0
2007-12-31,COG,HepB3_coverage_pct,64.0
2007-12-31,COG,MCV1_measles_coverage_pct,59.0
2007-12-31,COK,BCG_coverage_pct,99.0
2007-12-31,COK,DTP3_coverage_pct,99.0
2007-12-31,COK,HepB3_coverage_pct,99.0
2007-12-31,COK,MCV1_measles_coverage_pct,98.0
2007-12-31,COL,BCG_coverage_pct,93.0
2007-12-31,COL,DTP3_coverage_pct,94.0
2007-12-31,COL,HepB3_coverage_pct,94.0
2007-12-31,COL,MCV1_measles_coverage_pct,95.0
2007-12-31,COM,BCG_coverage_pct,77.0
2007-12-31,COM,DTP3_coverage_pct,75.0
2007-12-31,COM,HepB3_coverage_pct,75.0
2007-12-31,COM,MCV1_measles_coverage_pct,65.0
2007-12-31,CPV,BCG_coverage_pct,99.0
2007-12-31,CPV,DTP3_coverage_pct,98.0
2007-12-31,CPV,HepB3_coverage_pct,96.0
2007-12-31,CPV,MCV1_measles_coverage_pct,96.0
2007-12-31,CRI,BCG_coverage_pct,99.0
2007-12-31,CRI,DTP3_coverage_pct,89.0
2007-12-31,CRI,HepB3_coverage_pct,89.0
2007-12-31,CRI,MCV1_measles_coverage_pct,90.0
2007-12-31,CUB,BCG_coverage_pct,99.0
2007-12-31,CUB,DTP3_coverage_pct,93.0
2007-12-31,CUB,HepB3_coverage_pct,93.0
2007-12-31,CUB,MCV1_measles_coverage_pct,97.0
2007-12-31,CYP,DTP3_coverage_pct,97.0
2007-12-31,CYP,HepB3_coverage_pct,93.0
2007-12-31,CYP,MCV1_measles_coverage_pct,87.0
2007-12-31,CZE,BCG_coverage_pct,99.0
2007-12-31,CZE,DTP3_coverage_pct,99.0
2007-12-31,CZE,HepB3_coverage_pct,99.0
2007-12-31,CZE,MCV1_measles_coverage_pct,98.0
2007-12-31,DEU,DTP3_coverage_pct,96.0
2007-12-31,DEU,HepB3_coverage_pct,86.0
2007-12-31,DEU,MCV1_measles_coverage_pct,97.0
2007-12-31,DJI,BCG_coverage_pct,90.0
2007-12-31,DJI,DTP3_coverage_pct,88.0
2007-12-31,DJI,HepB3_coverage_pct,25.0
2007-12-31,DJI,MCV1_measles_coverage_pct,74.0
2007-12-31,DMA,BCG_coverage_pct,90.0
2007-12-31,DMA,DTP3_coverage_pct,96.0
2007-12-31,DMA,HepB3_coverage_pct,93.0
2007-12-31,DMA,MCV1_measles_coverage_pct,96.0
2007-12-31,DNK,DTP3_coverage_pct,87.0
2007-12-31,DNK,HepB3_coverage_pct,0.0
2007-12-31,DNK,MCV1_measles_coverage_pct,89.0
2007-12-31,DOM,BCG_coverage_pct,92.0
2007-12-31,DOM,DTP3_coverage_pct,85.0
2007-12-31,DOM,HepB3_coverage_pct,81.0
2007-12-31,DOM,MCV1_measles_coverage_pct,82.0
2007-12-31,DZA,BCG_coverage_pct,99.0
2007-12-31,DZA,DTP3_coverage_pct,95.0
2007-12-31,DZA,HepB3_coverage_pct,90.0
2007-12-31,DZA,MCV1_measles_coverage_pct,92.0
2007-12-31,ECU,BCG_coverage_pct,99.0
2007-12-31,ECU,DTP3_coverage_pct,96.0
2007-12-31,ECU,HepB3_coverage_pct,94.0
2007-12-31,ECU,MCV1_measles_coverage_pct,98.0
2007-12-31,EGY,BCG_coverage_pct,98.0
2007-12-31,EGY,DTP3_coverage_pct,98.0
2007-12-31,EGY,HepB3_coverage_pct,98.0
2007-12-31,EGY,MCV1_measles_coverage_pct,97.0
2007-12-31,ERI,BCG_coverage_pct,99.0
2007-12-31,ERI,DTP3_coverage_pct,95.0
2007-12-31,ERI,HepB3_coverage_pct,95.0
2007-12-31,ERI,MCV1_measles_coverage_pct,92.0
2007-12-31,ESP,DTP3_coverage_pct,96.0
2007-12-31,ESP,HepB3_coverage_pct,96.0
2007-12-31,ESP,MCV1_measles_coverage_pct,97.0
2007-12-31,EST,BCG_coverage_pct,98.0
2007-12-31,EST,DTP3_coverage_pct,95.0
2007-12-31,EST,HepB3_coverage_pct,95.0
2007-12-31,EST,MCV1_measles_coverage_pct,96.0
2007-12-31,ETH,BCG_coverage_pct,68.0
2007-12-31,ETH,DTP3_coverage_pct,50.0
2007-12-31,ETH,HepB3_coverage_pct,47.0
2007-12-31,ETH,MCV1_measles_coverage_pct,49.0
2007-12-31,FIN,DTP3_coverage_pct,99.0
2007-12-31,FIN,HepB3_coverage_pct,0.0
2007-12-31,FIN,MCV1_measles_coverage_pct,98.0
2007-12-31,FJI,BCG_coverage_pct,99.0
2007-12-31,FJI,DTP3_coverage_pct,99.0
2007-12-31,FJI,HepB3_coverage_pct,99.0
2007-12-31,FJI,MCV1_measles_coverage_pct,94.0
2007-12-31,FRA,BCG_coverage_pct,78.0
2007-12-31,FRA,DTP3_coverage_pct,99.0
2007-12-31,FRA,HepB3_coverage_pct,42.0
2007-12-31,FRA,MCV1_measles_coverage_pct,90.0
2007-12-31,FSM,BCG_coverage_pct,82.0
2007-12-31,FSM,DTP3_coverage_pct,79.0
2007-12-31,FSM,HepB3_coverage_pct,90.0
2007-12-31,FSM,MCV1_measles_coverage_pct,92.0
2007-12-31,GAB,BCG_coverage_pct,92.0
2007-12-31,GAB,DTP3_coverage_pct,81.0
2007-12-31,GAB,HepB3_coverage_pct,75.0
2007-12-31,GAB,MCV1_measles_coverage_pct,62.0
2007-12-31,GBR,DTP3_coverage_pct,92.0
2007-12-31,GBR,HepB3_coverage_pct,0.0
2007-12-31,GBR,MCV1_measles_coverage_pct,86.0
2007-12-31,GEO,BCG_coverage_pct,96.0
2007-12-31,GEO,DTP3_coverage_pct,98.0
2007-12-31,GEO,HepB3_coverage_pct,94.0
2007-12-31,GEO,MCV1_measles_coverage_pct,97.0
2007-12-31,GHA,BCG_coverage_pct,99.0
2007-12-31,GHA,DTP3_coverage_pct,94.0
2007-12-31,GHA,HepB3_coverage_pct,94.0
2007-12-31,GHA,MCV1_measles_coverage_pct,95.0
2007-12-31,GIN,BCG_coverage_pct,84.0
2007-12-31,GIN,DTP3_coverage_pct,63.0
2007-12-31,GIN,HepB3_coverage_pct,57.0
2007-12-31,GIN,MCV1_measles_coverage_pct,57.0
2007-12-31,GMB,BCG_coverage_pct,97.0
2007-12-31,GMB,DTP3_coverage_pct,95.0
2007-12-31,GMB,HepB3_coverage_pct,97.0
2007-12-31,GMB,MCV1_measles_coverage_pct,88.0
2007-12-31,GNB,BCG_coverage_pct,92.0
2007-12-31,GNB,DTP3_coverage_pct,74.0
2007-12-31,GNB,HepB3_coverage_pct,0.0
2007-12-31,GNB,MCV1_measles_coverage_pct,73.0
2007-12-31,GNQ,BCG_coverage_pct,72.0
2007-12-31,GNQ,DTP3_coverage_pct,48.0
2007-12-31,GNQ,HepB3_coverage_pct,0.0
2007-12-31,GNQ,MCV1_measles_coverage_pct,46.0
2007-12-31,GRC,DTP3_coverage_pct,99.0
2007-12-31,GRC,HepB3_coverage_pct,95.0
2007-12-31,GRC,MCV1_measles_coverage_pct,99.0
2007-12-31,GRD,DTP3_coverage_pct,96.0
2007-12-31,GRD,HepB3_coverage_pct,96.0
2007-12-31,GRD,MCV1_measles_coverage_pct,98.0
2007-12-31,GTM,BCG_coverage_pct,88.0
2007-12-31,GTM,DTP3_coverage_pct,85.0
2007-12-31,GTM,HepB3_coverage_pct,85.0
2007-12-31,GTM,MCV1_measles_coverage_pct,86.0
2007-12-31,GUY,BCG_coverage_pct,97.0
2007-12-31,GUY,DTP3_coverage_pct,94.0
2007-12-31,GUY,HepB3_coverage_pct,94.0
2007-12-31,GUY,MCV1_measles_coverage_pct,96.0
2007-12-31,HND,BCG_coverage_pct,99.0
2007-12-31,HND,DTP3_coverage_pct,94.0
2007-12-31,HND,HepB3_coverage_pct,93.0
2007-12-31,HND,MCV1_measles_coverage_pct,94.0
2007-12-31,HRV,BCG_coverage_pct,99.0
2007-12-31,HRV,DTP3_coverage_pct,96.0
2007-12-31,HRV,HepB3_coverage_pct,94.0
2007-12-31,HRV,MCV1_measles_coverage_pct,96.0
2007-12-31,HTI,BCG_coverage_pct,76.0
2007-12-31,HTI,DTP3_coverage_pct,63.0
2007-12-31,HTI,HepB3_coverage_pct,0.0
2007-12-31,HTI,MCV1_measles_coverage_pct,57.0
2007-12-31,HUN,BCG_coverage_pct,99.0
2007-12-31,HUN,DTP3_coverage_pct,99.0
2007-12-31,HUN,HepB3_coverage_pct,0.0
2007-12-31,HUN,MCV1_measles_coverage_pct,99.0
2007-12-31,IDN,BCG_coverage_pct,83.0
2007-12-31,IDN,DTP3_coverage_pct,73.0
2007-12-31,IDN,HepB3_coverage_pct,76.0
2007-12-31,IDN,MCV1_measles_coverage_pct,76.0
2007-12-31,IND,BCG_coverage_pct,87.0
2007-12-31,IND,DTP3_coverage_pct,64.0
2007-12-31,IND,HepB3_coverage_pct,6.0
2007-12-31,IND,MCV1_measles_coverage_pct,70.0
2007-12-31,IRL,BCG_coverage_pct,33.0
2007-12-31,IRL,DTP3_coverage_pct,92.0
2007-12-31,IRL,HepB3_coverage_pct,0.0
2007-12-31,IRL,MCV1_measles_coverage_pct,87.0
2007-12-31,IRN,BCG_coverage_pct,99.0
2007-12-31,IRN,DTP3_coverage_pct,99.0
2007-12-31,IRN,HepB3_coverage_pct,97.0
2007-12-31,IRN,MCV1_measles_coverage_pct,97.0
2007-12-31,IRQ,BCG_coverage_pct,92.0
2007-12-31,IRQ,DTP3_coverage_pct,57.0
2007-12-31,IRQ,HepB3_coverage_pct,56.0
2007-12-31,IRQ,MCV1_measles_coverage_pct,64.0
2007-12-31,ISL,DTP3_coverage_pct,97.0
2007-12-31,ISL,HepB3_coverage_pct,0.0
2007-12-31,ISL,MCV1_measles_coverage_pct,95.0
2007-12-31,ISR,DTP3_coverage_pct,95.0
2007-12-31,ISR,HepB3_coverage_pct,99.0
2007-12-31,ISR,MCV1_measles_coverage_pct,97.0
2007-12-31,ITA,DTP3_coverage_pct,97.0
2007-12-31,ITA,HepB3_coverage_pct,97.0
2007-12-31,ITA,MCV1_measles_coverage_pct,90.0
2007-12-31,JAM,BCG_coverage_pct,87.0
2007-12-31,JAM,DTP3_coverage_pct,91.0
2007-12-31,JAM,HepB3_coverage_pct,92.0
2007-12-31,JAM,MCV1_measles_coverage_pct,76.0
2007-12-31,JOR,BCG_coverage_pct,90.0
2007-12-31,JOR,DTP3_coverage_pct,98.0
2007-12-31,JOR,HepB3_coverage_pct,98.0
2007-12-31,JOR,MCV1_measles_coverage_pct,95.0
2007-12-31,JPN,BCG_coverage_pct,94.0
2007-12-31,JPN,DTP3_coverage_pct,98.0
2007-12-31,JPN,HepB3_coverage_pct,0.0
2007-12-31,JPN,MCV1_measles_coverage_pct,96.0
2007-12-31,KAZ,BCG_coverage_pct,99.0
2007-12-31,KAZ,DTP3_coverage_pct,93.0
2007-12-31,KAZ,HepB3_coverage_pct,94.0
2007-12-31,KAZ,MCV1_measles_coverage_pct,99.0
2007-12-31,KEN,BCG_coverage_pct,92.0
2007-12-31,KEN,DTP3_coverage_pct,81.0
2007-12-31,KEN,HepB3_coverage_pct,81.0
2007-12-31,KEN,MCV1_measles_coverage_pct,80.0
2007-12-31,KGZ,BCG_coverage_pct,98.0
2007-12-31,KGZ,DTP3_coverage_pct,94.0
2007-12-31,KGZ,HepB3_coverage_pct,94.0
2007-12-31,KGZ,MCV1_measles_coverage_pct,99.0
2007-12-31,KHM,BCG_coverage_pct,90.0
2007-12-31,KHM,DTP3_coverage_pct,82.0
2007-12-31,KHM,HepB3_coverage_pct,82.0
2007-12-31,KHM,MCV1_measles_coverage_pct,79.0
2007-12-31,KIR,BCG_coverage_pct,90.0
2007-12-31,KIR,DTP3_coverage_pct,94.0
2007-12-31,KIR,HepB3_coverage_pct,96.0
2007-12-31,KIR,MCV1_measles_coverage_pct,93.0
2007-12-31,KNA,BCG_coverage_pct,97.0
2007-12-31,KNA,DTP3_coverage_pct,99.0
2007-12-31,KNA,HepB3_coverage_pct,99.0
2007-12-31,KNA,MCV1_measles_coverage_pct,99.0
2007-12-31,KOR,BCG_coverage_pct,96.0
2007-12-31,KOR,DTP3_coverage_pct,91.0
2007-12-31,KOR,HepB3_coverage_pct,91.0
2007-12-31,KOR,MCV1_measles_coverage_pct,92.0
2007-12-31,KWT,BCG_coverage_pct,94.0
2007-12-31,KWT,DTP3_coverage_pct,99.0
2007-12-31,KWT,HepB3_coverage_pct,99.0
2007-12-31,KWT,MCV1_measles_coverage_pct,99.0
2007-12-31,LAO,BCG_coverage_pct,56.0
2007-12-31,LAO,DTP3_coverage_pct,50.0
2007-12-31,LAO,HepB3_coverage_pct,50.0
2007-12-31,LAO,MCV1_measles_coverage_pct,40.0
2007-12-31,LBN,DTP3_coverage_pct,80.0
2007-12-31,LBN,HepB3_coverage_pct,80.0
2007-12-31,LBN,MCV1_measles_coverage_pct,82.0
2007-12-31,LBR,BCG_coverage_pct,77.0
2007-12-31,LBR,DTP3_coverage_pct,65.0
2007-12-31,LBR,HepB3_coverage_pct,0.0
2007-12-31,LBR,MCV1_measles_coverage_pct,71.0
2007-12-31,LBY,BCG_coverage_pct,99.0
2007-12-31,LBY,DTP3_coverage_pct,98.0
2007-12-31,LBY,HepB3_coverage_pct,98.0
2007-12-31,LBY,MCV1_measles_coverage_pct,98.0
2007-12-31,LCA,BCG_coverage_pct,99.0
2007-12-31,LCA,DTP3_coverage_pct,99.0
2007-12-31,LCA,HepB3_coverage_pct,99.0
2007-12-31,LCA,MCV1_measles_coverage_pct,94.0
2007-12-31,LKA,BCG_coverage_pct,99.0
2007-12-31,LKA,DTP3_coverage_pct,98.0
2007-12-31,LKA,HepB3_coverage_pct,98.0
2007-12-31,LKA,MCV1_measles_coverage_pct,98.0
2007-12-31,LSO,BCG_coverage_pct,95.0
2007-12-31,LSO,DTP3_coverage_pct,88.0
2007-12-31,LSO,HepB3_coverage_pct,90.0
2007-12-31,LSO,MCV1_measles_coverage_pct,81.0
2007-12-31,LTU,BCG_coverage_pct,99.0
2007-12-31,LTU,DTP3_coverage_pct,95.0
2007-12-31,LTU,HepB3_coverage_pct,96.0
2007-12-31,LTU,MCV1_measles_coverage_pct,97.0
2007-12-31,LUX,DTP3_coverage_pct,99.0
2007-12-31,LUX,HepB3_coverage_pct,87.0
2007-12-31,LUX,MCV1_measles_coverage_pct,96.0
2007-12-31,LVA,BCG_coverage_pct,95.0
2007-12-31,LVA,DTP3_coverage_pct,94.0
2007-12-31,LVA,HepB3_coverage_pct,91.0
2007-12-31,LVA,MCV1_measles_coverage_pct,95.0
2007-12-31,MAR,BCG_coverage_pct,96.0
2007-12-31,MAR,DTP3_coverage_pct,95.0
2007-12-31,MAR,HepB3_coverage_pct,95.0
2007-12-31,MAR,MCV1_measles_coverage_pct,95.0
2007-12-31,MCO,BCG_coverage_pct,89.0
2007-12-31,MCO,DTP3_coverage_pct,99.0
2007-12-31,MCO,HepB3_coverage_pct,99.0
2007-12-31,MCO,MCV1_measles_coverage_pct,95.0
2007-12-31,MDA,BCG_coverage_pct,98.0
2007-12-31,MDA,DTP3_coverage_pct,92.0
2007-12-31,MDA,HepB3_coverage_pct,95.0
2007-12-31,MDA,MCV1_measles_coverage_pct,96.0
2007-12-31,MDG,BCG_coverage_pct,94.0
2007-12-31,MDG,DTP3_coverage_pct,84.0
2007-12-31,MDG,HepB3_coverage_pct,84.0
2007-12-31,MDG,MCV1_measles_coverage_pct,81.0
2007-12-31,MDV,BCG_coverage_pct,98.0
2007-12-31,MDV,DTP3_coverage_pct,98.0
2007-12-31,MDV,HepB3_coverage_pct,98.0
2007-12-31,MDV,MCV1_measles_coverage_pct,97.0
2007-12-31,MEX,BCG_coverage_pct,99.0
2007-12-31,MEX,DTP3_coverage_pct,98.0
2007-12-31,MEX,HepB3_coverage_pct,98.0
2007-12-31,MEX,MCV1_measles_coverage_pct,96.0
2007-12-31,MHL,BCG_coverage_pct,92.0
2007-12-31,MHL,DTP3_coverage_pct,93.0
2007-12-31,MHL,HepB3_coverage_pct,93.0
2007-12-31,MHL,MCV1_measles_coverage_pct,94.0
2007-12-31,MKD,BCG_coverage_pct,95.0
2007-12-31,MKD,DTP3_coverage_pct,95.0
2007-12-31,MKD,HepB3_coverage_pct,96.0
2007-12-31,MKD,MCV1_measles_coverage_pct,96.0
2007-12-31,MLI,BCG_coverage_pct,86.0
2007-12-31,MLI,DTP3_coverage_pct,74.0
2007-12-31,MLI,HepB3_coverage_pct,74.0
2007-12-31,MLI,MCV1_measles_coverage_pct,66.0
2007-12-31,MLT,DTP3_coverage_pct,74.0
2007-12-31,MLT,HepB3_coverage_pct,82.0
2007-12-31,MLT,MCV1_measles_coverage_pct,79.0
2007-12-31,MMR,BCG_coverage_pct,89.0
2007-12-31,MMR,DTP3_coverage_pct,86.0
2007-12-31,MMR,HepB3_coverage_pct,85.0
2007-12-31,MMR,MCV1_measles_coverage_pct,81.0
2007-12-31,MNE,BCG_coverage_pct,98.0
2007-12-31,MNE,DTP3_coverage_pct,92.0
2007-12-31,MNE,HepB3_coverage_pct,90.0
2007-12-31,MNE,MCV1_measles_coverage_pct,90.0
2007-12-31,MNG,BCG_coverage_pct,99.0
2007-12-31,MNG,DTP3_coverage_pct,95.0
2007-12-31,MNG,HepB3_coverage_pct,98.0
2007-12-31,MNG,MCV1_measles_coverage_pct,98.0
2007-12-31,MOZ,BCG_coverage_pct,90.0
2007-12-31,MOZ,DTP3_coverage_pct,75.0
2007-12-31,MOZ,HepB3_coverage_pct,75.0
2007-12-31,MOZ,MCV1_measles_coverage_pct,75.0
2007-12-31,MRT,BCG_coverage_pct,92.0
2007-12-31,MRT,DTP3_coverage_pct,75.0
2007-12-31,MRT,HepB3_coverage_pct,74.0
2007-12-31,MRT,MCV1_measles_coverage_pct,67.0
2007-12-31,MUS,BCG_coverage_pct,98.0
2007-12-31,MUS,DTP3_coverage_pct,97.0
2007-12-31,MUS,HepB3_coverage_pct,97.0
2007-12-31,MUS,MCV1_measles_coverage_pct,98.0
2007-12-31,MWI,BCG_coverage_pct,95.0
2007-12-31,MWI,DTP3_coverage_pct,87.0
2007-12-31,MWI,HepB3_coverage_pct,87.0
2007-12-31,MWI,MCV1_measles_coverage_pct,83.0
2007-12-31,MYS,BCG_coverage_pct,99.0
2007-12-31,MYS,DTP3_coverage_pct,97.0
2007-12-31,MYS,HepB3_coverage_pct,96.0
2007-12-31,MYS,MCV1_measles_coverage_pct,95.0
2007-12-31,NAM,BCG_coverage_pct,95.0
2007-12-31,NAM,DTP3_coverage_pct,86.0
2007-12-31,NAM,HepB3_coverage_pct,0.0
2007-12-31,NAM,MCV1_measles_coverage_pct,69.0
2007-12-31,NER,BCG_coverage_pct,73.0
2007-12-31,NER,DTP3_coverage_pct,58.0
2007-12-31,NER,HepB3_coverage_pct,0.0
2007-12-31,NER,MCV1_measles_coverage_pct,60.0
2007-12-31,NGA,BCG_coverage_pct,53.0
2007-12-31,NGA,DTP3_coverage_pct,42.0
2007-12-31,NGA,HepB3_coverage_pct,42.0
2007-12-31,NGA,MCV1_measles_coverage_pct,41.0
2007-12-31,NIC,BCG_coverage_pct,99.0
2007-12-31,NIC,DTP3_coverage_pct,99.0
2007-12-31,NIC,HepB3_coverage_pct,99.0
2007-12-31,NIC,MCV1_measles_coverage_pct,99.0
2007-12-31,NIU,BCG_coverage_pct,99.0
2007-12-31,NIU,DTP3_coverage_pct,99.0
2007-12-31,NIU,HepB3_coverage_pct,99.0
2007-12-31,NIU,MCV1_measles_coverage_pct,99.0
2007-12-31,NLD,DTP3_coverage_pct,97.0
2007-12-31,NLD,HepB3_coverage_pct,0.0
2007-12-31,NLD,MCV1_measles_coverage_pct,96.0
2007-12-31,NOR,DTP3_coverage_pct,93.0
2007-12-31,NOR,HepB3_coverage_pct,0.0
2007-12-31,NOR,MCV1_measles_coverage_pct,92.0
2007-12-31,NPL,BCG_coverage_pct,89.0
2007-12-31,NPL,DTP3_coverage_pct,82.0
2007-12-31,NPL,HepB3_coverage_pct,82.0
2007-12-31,NPL,MCV1_measles_coverage_pct,81.0
2007-12-31,NRU,BCG_coverage_pct,99.0
2007-12-31,NRU,DTP3_coverage_pct,99.0
2007-12-31,NRU,HepB3_coverage_pct,99.0
2007-12-31,NRU,MCV1_measles_coverage_pct,99.0
2007-12-31,NZL,DTP3_coverage_pct,88.0
2007-12-31,NZL,HepB3_coverage_pct,88.0
2007-12-31,NZL,MCV1_measles_coverage_pct,79.0
2007-12-31,OMN,BCG_coverage_pct,99.0
2007-12-31,OMN,DTP3_coverage_pct,99.0
2007-12-31,OMN,HepB3_coverage_pct,99.0
2007-12-31,OMN,MCV1_measles_coverage_pct,97.0
2007-12-31,PAK,BCG_coverage_pct,77.0
2007-12-31,PAK,DTP3_coverage_pct,54.0
2007-12-31,PAK,HepB3_coverage_pct,54.0
2007-12-31,PAK,MCV1_measles_coverage_pct,57.0
2007-12-31,PAN,BCG_coverage_pct,97.0
2007-12-31,PAN,DTP3_coverage_pct,85.0
2007-12-31,PAN,HepB3_coverage_pct,85.0
2007-12-31,PAN,MCV1_measles_coverage_pct,95.0
2007-12-31,PER,BCG_coverage_pct,96.0
2007-12-31,PER,DTP3_coverage_pct,93.0
2007-12-31,PER,HepB3_coverage_pct,93.0
2007-12-31,PER,MCV1_measles_coverage_pct,92.0
2007-12-31,PHL,BCG_coverage_pct,90.0
2007-12-31,PHL,DTP3_coverage_pct,87.0
2007-12-31,PHL,HepB3_coverage_pct,87.0
2007-12-31,PHL,MCV1_measles_coverage_pct,92.0
2007-12-31,PLW,DTP3_coverage_pct,94.0
2007-12-31,PLW,HepB3_coverage_pct,91.0
2007-12-31,PLW,MCV1_measles_coverage_pct,91.0
2007-12-31,PNG,BCG_coverage_pct,81.0
2007-12-31,PNG,DTP3_coverage_pct,66.0
2007-12-31,PNG,HepB3_coverage_pct,58.0
2007-12-31,PNG,MCV1_measles_coverage_pct,72.0
2007-12-31,POL,BCG_coverage_pct,93.0
2007-12-31,POL,DTP3_coverage_pct,99.0
2007-12-31,POL,HepB3_coverage_pct,98.0
2007-12-31,POL,MCV1_measles_coverage_pct,98.0
2007-12-31,PRK,BCG_coverage_pct,96.0
2007-12-31,PRK,DTP3_coverage_pct,92.0
2007-12-31,PRK,HepB3_coverage_pct,92.0
2007-12-31,PRK,MCV1_measles_coverage_pct,99.0
2007-12-31,PRT,BCG_coverage_pct,98.0
2007-12-31,PRT,DTP3_coverage_pct,97.0
2007-12-31,PRT,HepB3_coverage_pct,97.0
2007-12-31,PRT,MCV1_measles_coverage_pct,95.0
2007-12-31,PRY,BCG_coverage_pct,98.0
2007-12-31,PRY,DTP3_coverage_pct,95.0
2007-12-31,PRY,HepB3_coverage_pct,86.0
2007-12-31,PRY,MCV1_measles_coverage_pct,91.0
2007-12-31,PSE,BCG_coverage_pct,99.0
2007-12-31,PSE,DTP3_coverage_pct,99.0
2007-12-31,PSE,HepB3_coverage_pct,98.0
2007-12-31,PSE,MCV1_measles_coverage_pct,98.0
2007-12-31,QAT,BCG_coverage_pct,96.0
2007-12-31,QAT,DTP3_coverage_pct,94.0
2007-12-31,QAT,HepB3_coverage_pct,94.0
2007-12-31,QAT,MCV1_measles_coverage_pct,92.0
2007-12-31,ROU,BCG_coverage_pct,99.0
2007-12-31,ROU,DTP3_coverage_pct,96.0
2007-12-31,ROU,HepB3_coverage_pct,99.0
2007-12-31,ROU,MCV1_measles_coverage_pct,97.0
2007-12-31,RUS,BCG_coverage_pct,97.0
2007-12-31,RUS,DTP3_coverage_pct,98.0
2007-12-31,RUS,HepB3_coverage_pct,98.0
2007-12-31,RUS,MCV1_measles_coverage_pct,99.0
2007-12-31,RWA,BCG_coverage_pct,89.0
2007-12-31,RWA,DTP3_coverage_pct,97.0
2007-12-31,RWA,HepB3_coverage_pct,97.0
2007-12-31,RWA,MCV1_measles_coverage_pct,94.0
2007-12-31,SAU,BCG_coverage_pct,96.0
2007-12-31,SAU,DTP3_coverage_pct,96.0
2007-12-31,SAU,HepB3_coverage_pct,96.0
2007-12-31,SAU,MCV1_measles_coverage_pct,96.0
2007-12-31,SDN,BCG_coverage_pct,83.0
2007-12-31,SDN,DTP3_coverage_pct,84.0
2007-12-31,SDN,HepB3_coverage_pct,78.0
2007-12-31,SDN,MCV1_measles_coverage_pct,79.0
2007-12-31,SEN,BCG_coverage_pct,96.0
2007-12-31,SEN,DTP3_coverage_pct,94.0
2007-12-31,SEN,HepB3_coverage_pct,94.0
2007-12-31,SEN,MCV1_measles_coverage_pct,84.0
2007-12-31,SGP,BCG_coverage_pct,99.0
2007-12-31,SGP,DTP3_coverage_pct,97.0
2007-12-31,SGP,HepB3_coverage_pct,96.0
2007-12-31,SGP,MCV1_measles_coverage_pct,95.0
2007-12-31,SLB,BCG_coverage_pct,98.0
2007-12-31,SLB,DTP3_coverage_pct,88.0
2007-12-31,SLB,HepB3_coverage_pct,90.0
2007-12-31,SLB,MCV1_measles_coverage_pct,90.0
2007-12-31,SLE,BCG_coverage_pct,82.0
2007-12-31,SLE,DTP3_coverage_pct,64.0
2007-12-31,SLE,HepB3_coverage_pct,63.0
2007-12-31,SLE,MCV1_measles_coverage_pct,60.0
2007-12-31,SLV,BCG_coverage_pct,99.0
2007-12-31,SLV,DTP3_coverage_pct,99.0
2007-12-31,SLV,HepB3_coverage_pct,99.0
2007-12-31,SLV,MCV1_measles_coverage_pct,99.0
2007-12-31,SMR,DTP3_coverage_pct,91.0
2007-12-31,SMR,HepB3_coverage_pct,91.0
2007-12-31,SMR,MCV1_measles_coverage_pct,90.0
2007-12-31,SOM,BCG_coverage_pct,38.0
2007-12-31,SOM,DTP3_coverage_pct,40.0
2007-12-31,SOM,HepB3_coverage_pct,0.0
2007-12-31,SOM,MCV1_measles_coverage_pct,35.0
2007-12-31,SRB,BCG_coverage_pct,98.0
2007-12-31,SRB,DTP3_coverage_pct,94.0
2007-12-31,SRB,HepB3_coverage_pct,99.0
2007-12-31,SRB,MCV1_measles_coverage_pct,95.0
2007-12-31,STP,BCG_coverage_pct,98.0
2007-12-31,STP,DTP3_coverage_pct,97.0
2007-12-31,STP,HepB3_coverage_pct,87.0
2007-12-31,STP,MCV1_measles_coverage_pct,86.0
2007-12-31,SUR,DTP3_coverage_pct,84.0
2007-12-31,SUR,HepB3_coverage_pct,84.0
2007-12-31,SUR,MCV1_measles_coverage_pct,85.0
2007-12-31,SVK,BCG_coverage_pct,98.0
2007-12-31,SVK,DTP3_coverage_pct,99.0
2007-12-31,SVK,HepB3_coverage_pct,99.0
2007-12-31,SVK,MCV1_measles_coverage_pct,99.0
2007-12-31,SVN,DTP3_coverage_pct,97.0
2007-12-31,SVN,HepB3_coverage_pct,0.0
2007-12-31,SVN,MCV1_measles_coverage_pct,96.0
2007-12-31,SWE,BCG_coverage_pct,23.0
2007-12-31,SWE,DTP3_coverage_pct,98.0
2007-12-31,SWE,HepB3_coverage_pct,0.0
2007-12-31,SWE,MCV1_measles_coverage_pct,96.0
2007-12-31,SWZ,BCG_coverage_pct,95.0
2007-12-31,SWZ,DTP3_coverage_pct,87.0
2007-12-31,SWZ,HepB3_coverage_pct,92.0
2007-12-31,SWZ,MCV1_measles_coverage_pct,94.0
2007-12-31,SYC,BCG_coverage_pct,99.0
2007-12-31,SYC,DTP3_coverage_pct,99.0
2007-12-31,SYC,HepB3_coverage_pct,99.0
2007-12-31,SYC,MCV1_measles_coverage_pct,99.0
2007-12-31,SYR,BCG_coverage_pct,93.0
2007-12-31,SYR,DTP3_coverage_pct,82.0
2007-12-31,SYR,HepB3_coverage_pct,83.0
2007-12-31,SYR,MCV1_measles_coverage_pct,81.0
2007-12-31,TCD,BCG_coverage_pct,45.0
2007-12-31,TCD,DTP3_coverage_pct,29.0
2007-12-31,TCD,HepB3_coverage_pct,0.0
2007-12-31,TCD,MCV1_measles_coverage_pct,31.0
2007-12-31,TGO,BCG_coverage_pct,91.0
2007-12-31,TGO,DTP3_coverage_pct,82.0
2007-12-31,TGO,HepB3_coverage_pct,0.0
2007-12-31,TGO,MCV1_measles_coverage_pct,71.0
2007-12-31,THA,BCG_coverage_pct,99.0
2007-12-31,THA,DTP3_coverage_pct,98.0
2007-12-31,THA,HepB3_coverage_pct,96.0
2007-12-31,THA,MCV1_measles_coverage_pct,96.0
2007-12-31,TJK,BCG_coverage_pct,83.0
2007-12-31,TJK,DTP3_coverage_pct,86.0
2007-12-31,TJK,HepB3_coverage_pct,84.0
2007-12-31,TJK,MCV1_measles_coverage_pct,85.0
2007-12-31,TKM,BCG_coverage_pct,99.0
2007-12-31,TKM,DTP3_coverage_pct,98.0
2007-12-31,TKM,HepB3_coverage_pct,98.0
2007-12-31,TKM,MCV1_measles_coverage_pct,99.0
2007-12-31,TLS,BCG_coverage_pct,74.0
2007-12-31,TLS,DTP3_coverage_pct,70.0
2007-12-31,TLS,HepB3_coverage_pct,0.0
2007-12-31,TLS,MCV1_measles_coverage_pct,63.0
2007-12-31,TON,BCG_coverage_pct,99.0
2007-12-31,TON,DTP3_coverage_pct,99.0
2007-12-31,TON,HepB3_coverage_pct,99.0
2007-12-31,TON,MCV1_measles_coverage_pct,99.0
2007-12-31,TTO,DTP3_coverage_pct,88.0
2007-12-31,TTO,HepB3_coverage_pct,89.0
2007-12-31,TTO,MCV1_measles_coverage_pct,91.0
2007-12-31,TUN,BCG_coverage_pct,99.0
2007-12-31,TUN,DTP3_coverage_pct,98.0
2007-12-31,TUN,HepB3_coverage_pct,98.0
2007-12-31,TUN,MCV1_measles_coverage_pct,98.0
2007-12-31,TUR,BCG_coverage_pct,94.0
2007-12-31,TUR,DTP3_coverage_pct,96.0
2007-12-31,TUR,HepB3_coverage_pct,96.0
2007-12-31,TUR,MCV1_measles_coverage_pct,96.0
2007-12-31,TUV,BCG_coverage_pct,99.0
2007-12-31,TUV,DTP3_coverage_pct,97.0
2007-12-31,TUV,HepB3_coverage_pct,97.0
2007-12-31,TUV,MCV1_measles_coverage_pct,95.0
2007-12-31,TZA,BCG_coverage_pct,89.0
2007-12-31,TZA,DTP3_coverage_pct,83.0
2007-12-31,TZA,HepB3_coverage_pct,83.0
2007-12-31,TZA,MCV1_measles_coverage_pct,90.0
2007-12-31,UGA,BCG_coverage_pct,87.0
2007-12-31,UGA,DTP3_coverage_pct,73.0
2007-12-31,UGA,HepB3_coverage_pct,73.0
2007-12-31,UGA,MCV1_measles_coverage_pct,75.0
2007-12-31,UKR,BCG_coverage_pct,98.0
2007-12-31,UKR,DTP3_coverage_pct,98.0
2007-12-31,UKR,HepB3_coverage_pct,92.0
2007-12-31,UKR,MCV1_measles_coverage_pct,97.0
2007-12-31,URY,BCG_coverage_pct,99.0
2007-12-31,URY,DTP3_coverage_pct,94.0
2007-12-31,URY,HepB3_coverage_pct,94.0
2007-12-31,URY,MCV1_measles_coverage_pct,96.0
2007-12-31,USA,DTP3_coverage_pct,96.0
2007-12-31,USA,HepB3_coverage_pct,93.0
2007-12-31,USA,MCV1_measles_coverage_pct,92.0
2007-12-31,UZB,BCG_coverage_pct,99.0
2007-12-31,UZB,DTP3_coverage_pct,96.0
2007-12-31,UZB,HepB3_coverage_pct,99.0
2007-12-31,UZB,MCV1_measles_coverage_pct,98.0
2007-12-31,VCT,BCG_coverage_pct,93.0
2007-12-31,VCT,DTP3_coverage_pct,99.0
2007-12-31,VCT,HepB3_coverage_pct,99.0
2007-12-31,VCT,MCV1_measles_coverage_pct,99.0
2007-12-31,VEN,BCG_coverage_pct,82.0
2007-12-31,VEN,DTP3_coverage_pct,62.0
2007-12-31,VEN,HepB3_coverage_pct,62.0
2007-12-31,VEN,MCV1_measles_coverage_pct,87.0
2007-12-31,VNM,BCG_coverage_pct,94.0
2007-12-31,VNM,DTP3_coverage_pct,92.0
2007-12-31,VNM,HepB3_coverage_pct,67.0
2007-12-31,VNM,MCV1_measles_coverage_pct,83.0
2007-12-31,VUT,BCG_coverage_pct,83.0
2007-12-31,VUT,DTP3_coverage_pct,70.0
2007-12-31,VUT,HepB3_coverage_pct,63.0
2007-12-31,VUT,MCV1_measles_coverage_pct,56.0
2007-12-31,WSM,BCG_coverage_pct,91.0
2007-12-31,WSM,DTP3_coverage_pct,65.0
2007-12-31,WSM,HepB3_coverage_pct,58.0
2007-12-31,WSM,MCV1_measles_coverage_pct,63.0
2007-12-31,YEM,BCG_coverage_pct,64.0
2007-12-31,YEM,DTP3_coverage_pct,79.0
2007-12-31,YEM,HepB3_coverage_pct,79.0
2007-12-31,YEM,MCV1_measles_coverage_pct,71.0
2007-12-31,ZAF,BCG_coverage_pct,79.0
2007-12-31,ZAF,DTP3_coverage_pct,85.0
2007-12-31,ZAF,HepB3_coverage_pct,83.0
2007-12-31,ZAF,MCV1_measles_coverage_pct,68.0
2007-12-31,ZMB,BCG_coverage_pct,91.0
2007-12-31,ZMB,DTP3_coverage_pct,80.0
2007-12-31,ZMB,HepB3_coverage_pct,80.0
2007-12-31,ZMB,MCV1_measles_coverage_pct,93.0
2007-12-31,ZWE,BCG_coverage_pct,87.0
2007-12-31,ZWE,DTP3_coverage_pct,73.0
2007-12-31,ZWE,HepB3_coverage_pct,72.0
2007-12-31,ZWE,MCV1_measles_coverage_pct,69.0
2008-12-31,AFG,BCG_coverage_pct,66.0
2008-12-31,AFG,DTP3_coverage_pct,64.0
2008-12-31,AFG,HepB3_coverage_pct,64.0
2008-12-31,AFG,MCV1_measles_coverage_pct,59.0
2008-12-31,AGO,BCG_coverage_pct,74.0
2008-12-31,AGO,DTP3_coverage_pct,45.0
2008-12-31,AGO,HepB3_coverage_pct,45.0
2008-12-31,AGO,MCV1_measles_coverage_pct,58.0
2008-12-31,ALB,BCG_coverage_pct,99.0
2008-12-31,ALB,DTP3_coverage_pct,99.0
2008-12-31,ALB,HepB3_coverage_pct,99.0
2008-12-31,ALB,MCV1_measles_coverage_pct,98.0
2008-12-31,AND,DTP3_coverage_pct,99.0
2008-12-31,AND,HepB3_coverage_pct,97.0
2008-12-31,AND,MCV1_measles_coverage_pct,98.0
2008-12-31,ARE,BCG_coverage_pct,98.0
2008-12-31,ARE,DTP3_coverage_pct,92.0
2008-12-31,ARE,HepB3_coverage_pct,92.0
2008-12-31,ARE,MCV1_measles_coverage_pct,92.0
2008-12-31,ARG,BCG_coverage_pct,99.0
2008-12-31,ARG,DTP3_coverage_pct,93.0
2008-12-31,ARG,HepB3_coverage_pct,90.0
2008-12-31,ARG,MCV1_measles_coverage_pct,96.0
2008-12-31,ARM,BCG_coverage_pct,98.0
2008-12-31,ARM,DTP3_coverage_pct,89.0
2008-12-31,ARM,HepB3_coverage_pct,89.0
2008-12-31,ARM,MCV1_measles_coverage_pct,94.0
2008-12-31,ATG,DTP3_coverage_pct,99.0
2008-12-31,ATG,HepB3_coverage_pct,98.0
2008-12-31,ATG,MCV1_measles_coverage_pct,99.0
2008-12-31,AUS,DTP3_coverage_pct,92.0
2008-12-31,AUS,HepB3_coverage_pct,94.0
2008-12-31,AUS,MCV1_measles_coverage_pct,94.0
2008-12-31,AUT,DTP3_coverage_pct,83.0
2008-12-31,AUT,HepB3_coverage_pct,83.0
2008-12-31,AUT,MCV1_measles_coverage_pct,83.0
2008-12-31,AZE,BCG_coverage_pct,92.0
2008-12-31,AZE,DTP3_coverage_pct,81.0
2008-12-31,AZE,HepB3_coverage_pct,68.0
2008-12-31,AZE,MCV1_measles_coverage_pct,79.0
2008-12-31,BDI,BCG_coverage_pct,99.0
2008-12-31,BDI,DTP3_coverage_pct,92.0
2008-12-31,BDI,HepB3_coverage_pct,92.0
2008-12-31,BDI,MCV1_measles_coverage_pct,84.0
2008-12-31,BEL,DTP3_coverage_pct,99.0
2008-12-31,BEL,HepB3_coverage_pct,98.0
2008-12-31,BEL,MCV1_measles_coverage_pct,93.0
2008-12-31,BEN,BCG_coverage_pct,96.0
2008-12-31,BEN,DTP3_coverage_pct,75.0
2008-12-31,BEN,HepB3_coverage_pct,75.0
2008-12-31,BEN,MCV1_measles_coverage_pct,66.0
2008-12-31,BFA,BCG_coverage_pct,99.0
2008-12-31,BFA,DTP3_coverage_pct,93.0
2008-12-31,BFA,HepB3_coverage_pct,93.0
2008-12-31,BFA,MCV1_measles_coverage_pct,94.0
2008-12-31,BGD,BCG_coverage_pct,99.0
2008-12-31,BGD,DTP3_coverage_pct,96.0
2008-12-31,BGD,HepB3_coverage_pct,96.0
2008-12-31,BGD,MCV1_measles_coverage_pct,92.0
2008-12-31,BGR,BCG_coverage_pct,98.0
2008-12-31,BGR,DTP3_coverage_pct,95.0
2008-12-31,BGR,HepB3_coverage_pct,96.0
2008-12-31,BGR,MCV1_measles_coverage_pct,96.0
2008-12-31,BHR,DTP3_coverage_pct,97.0
2008-12-31,BHR,HepB3_coverage_pct,97.0
2008-12-31,BHR,MCV1_measles_coverage_pct,99.0
2008-12-31,BHS,DTP3_coverage_pct,93.0
2008-12-31,BHS,HepB3_coverage_pct,90.0
2008-12-31,BHS,MCV1_measles_coverage_pct,90.0
2008-12-31,BIH,BCG_coverage_pct,96.0
2008-12-31,BIH,DTP3_coverage_pct,91.0
2008-12-31,BIH,HepB3_coverage_pct,88.0
2008-12-31,BIH,MCV1_measles_coverage_pct,84.0
2008-12-31,BLR,BCG_coverage_pct,98.0
2008-12-31,BLR,DTP3_coverage_pct,97.0
2008-12-31,BLR,HepB3_coverage_pct,98.0
2008-12-31,BLR,MCV1_measles_coverage_pct,99.0
2008-12-31,BLZ,BCG_coverage_pct,98.0
2008-12-31,BLZ,DTP3_coverage_pct,94.0
2008-12-31,BLZ,HepB3_coverage_pct,94.0
2008-12-31,BLZ,MCV1_measles_coverage_pct,96.0
2008-12-31,BOL,BCG_coverage_pct,90.0
2008-12-31,BOL,DTP3_coverage_pct,88.0
2008-12-31,BOL,HepB3_coverage_pct,88.0
2008-12-31,BOL,MCV1_measles_coverage_pct,92.0
2008-12-31,BRA,BCG_coverage_pct,99.0
2008-12-31,BRA,DTP3_coverage_pct,99.0
2008-12-31,BRA,HepB3_coverage_pct,96.0
2008-12-31,BRA,MCV1_measles_coverage_pct,99.0
2008-12-31,BRB,DTP3_coverage_pct,85.0
2008-12-31,BRB,HepB3_coverage_pct,85.0
2008-12-31,BRB,MCV1_measles_coverage_pct,94.0
2008-12-31,BRN,BCG_coverage_pct,99.0
2008-12-31,BRN,DTP3_coverage_pct,98.0
2008-12-31,BRN,HepB3_coverage_pct,96.0
2008-12-31,BRN,MCV1_measles_coverage_pct,99.0
2008-12-31,BTN,BCG_coverage_pct,99.0
2008-12-31,BTN,DTP3_coverage_pct,96.0
2008-12-31,BTN,HepB3_coverage_pct,96.0
2008-12-31,BTN,MCV1_measles_coverage_pct,99.0
2008-12-31,BWA,BCG_coverage_pct,99.0
2008-12-31,BWA,DTP3_coverage_pct,96.0
2008-12-31,BWA,HepB3_coverage_pct,94.0
2008-12-31,BWA,MCV1_measles_coverage_pct,95.0
2008-12-31,CAF,BCG_coverage_pct,74.0
2008-12-31,CAF,DTP3_coverage_pct,45.0
2008-12-31,CAF,HepB3_coverage_pct,0.0
2008-12-31,CAF,MCV1_measles_coverage_pct,58.0
2008-12-31,CAN,DTP3_coverage_pct,92.0
2008-12-31,CAN,HepB3_coverage_pct,28.0
2008-12-31,CAN,MCV1_measles_coverage_pct,93.0
2008-12-31,CHE,DTP3_coverage_pct,95.0
2008-12-31,CHE,HepB3_coverage_pct,0.0
2008-12-31,CHE,MCV1_measles_coverage_pct,92.0
2008-12-31,CHL,BCG_coverage_pct,99.0
2008-12-31,CHL,DTP3_coverage_pct,95.0
2008-12-31,CHL,HepB3_coverage_pct,95.0
2008-12-31,CHL,MCV1_measles_coverage_pct,96.0
2008-12-31,CHN,BCG_coverage_pct,97.0
2008-12-31,CHN,DTP3_coverage_pct,97.0
2008-12-31,CHN,HepB3_coverage_pct,95.0
2008-12-31,CHN,MCV1_measles_coverage_pct,97.0
2008-12-31,CIV,BCG_coverage_pct,91.0
2008-12-31,CIV,DTP3_coverage_pct,74.0
2008-12-31,CIV,HepB3_coverage_pct,74.0
2008-12-31,CIV,MCV1_measles_coverage_pct,63.0
2008-12-31,CMR,BCG_coverage_pct,91.0
2008-12-31,CMR,DTP3_coverage_pct,84.0
2008-12-31,CMR,HepB3_coverage_pct,84.0
2008-12-31,CMR,MCV1_measles_coverage_pct,80.0
2008-12-31,COD,BCG_coverage_pct,79.0
2008-12-31,COD,DTP3_coverage_pct,68.0
2008-12-31,COD,HepB3_coverage_pct,68.0
2008-12-31,COD,MCV1_measles_coverage_pct,64.0
2008-12-31,COG,BCG_coverage_pct,93.0
2008-12-31,COG,DTP3_coverage_pct,80.0
2008-12-31,COG,HepB3_coverage_pct,73.0
2008-12-31,COG,MCV1_measles_coverage_pct,69.0
2008-12-31,COK,BCG_coverage_pct,99.0
2008-12-31,COK,DTP3_coverage_pct,99.0
2008-12-31,COK,HepB3_coverage_pct,99.0
2008-12-31,COK,MCV1_measles_coverage_pct,95.0
2008-12-31,COL,BCG_coverage_pct,93.0
2008-12-31,COL,DTP3_coverage_pct,92.0
2008-12-31,COL,HepB3_coverage_pct,92.0
2008-12-31,COL,MCV1_measles_coverage_pct,92.0
2008-12-31,COM,BCG_coverage_pct,81.0
2008-12-31,COM,DTP3_coverage_pct,81.0
2008-12-31,COM,HepB3_coverage_pct,81.0
2008-12-31,COM,MCV1_measles_coverage_pct,76.0
2008-12-31,CPV,BCG_coverage_pct,99.0
2008-12-31,CPV,DTP3_coverage_pct,99.0
2008-12-31,CPV,HepB3_coverage_pct,98.0
2008-12-31,CPV,MCV1_measles_coverage_pct,97.0
2008-12-31,CRI,BCG_coverage_pct,99.0
2008-12-31,CRI,DTP3_coverage_pct,90.0
2008-12-31,CRI,HepB3_coverage_pct,89.0
2008-12-31,CRI,MCV1_measles_coverage_pct,89.0
2008-12-31,CUB,BCG_coverage_pct,99.0
2008-12-31,CUB,DTP3_coverage_pct,95.0
2008-12-31,CUB,HepB3_coverage_pct,95.0
2008-12-31,CUB,MCV1_measles_coverage_pct,98.0
2008-12-31,CYP,DTP3_coverage_pct,97.0
2008-12-31,CYP,HepB3_coverage_pct,93.0
2008-12-31,CYP,MCV1_measles_coverage_pct,87.0
2008-12-31,CZE,BCG_coverage_pct,99.0
2008-12-31,CZE,DTP3_coverage_pct,99.0
2008-12-31,CZE,HepB3_coverage_pct,99.0
2008-12-31,CZE,MCV1_measles_coverage_pct,97.0
2008-12-31,DEU,DTP3_coverage_pct,96.0
2008-12-31,DEU,HepB3_coverage_pct,87.0
2008-12-31,DEU,MCV1_measles_coverage_pct,97.0
2008-12-31,DJI,BCG_coverage_pct,90.0
2008-12-31,DJI,DTP3_coverage_pct,89.0
2008-12-31,DJI,HepB3_coverage_pct,88.0
2008-12-31,DJI,MCV1_measles_coverage_pct,73.0
2008-12-31,DMA,BCG_coverage_pct,98.0
2008-12-31,DMA,DTP3_coverage_pct,96.0
2008-12-31,DMA,HepB3_coverage_pct,96.0
2008-12-31,DMA,MCV1_measles_coverage_pct,99.0
2008-12-31,DNK,DTP3_coverage_pct,88.0
2008-12-31,DNK,HepB3_coverage_pct,0.0
2008-12-31,DNK,MCV1_measles_coverage_pct,87.0
2008-12-31,DOM,BCG_coverage_pct,92.0
2008-12-31,DOM,DTP3_coverage_pct,82.0
2008-12-31,DOM,HepB3_coverage_pct,81.0
2008-12-31,DOM,MCV1_measles_coverage_pct,83.0
2008-12-31,DZA,BCG_coverage_pct,99.0
2008-12-31,DZA,DTP3_coverage_pct,93.0
2008-12-31,DZA,HepB3_coverage_pct,91.0
2008-12-31,DZA,MCV1_measles_coverage_pct,88.0
2008-12-31,ECU,BCG_coverage_pct,98.0
2008-12-31,ECU,DTP3_coverage_pct,96.0
2008-12-31,ECU,HepB3_coverage_pct,93.0
2008-12-31,ECU,MCV1_measles_coverage_pct,98.0
2008-12-31,EGY,BCG_coverage_pct,98.0
2008-12-31,EGY,DTP3_coverage_pct,97.0
2008-12-31,EGY,HepB3_coverage_pct,97.0
2008-12-31,EGY,MCV1_measles_coverage_pct,92.0
2008-12-31,ERI,BCG_coverage_pct,95.0
2008-12-31,ERI,DTP3_coverage_pct,95.0
2008-12-31,ERI,HepB3_coverage_pct,95.0
2008-12-31,ERI,MCV1_measles_coverage_pct,91.0
2008-12-31,ESP,DTP3_coverage_pct,97.0
2008-12-31,ESP,HepB3_coverage_pct,97.0
2008-12-31,ESP,MCV1_measles_coverage_pct,98.0
2008-12-31,EST,BCG_coverage_pct,98.0
2008-12-31,EST,DTP3_coverage_pct,95.0
2008-12-31,EST,HepB3_coverage_pct,94.0
2008-12-31,EST,MCV1_measles_coverage_pct,95.0
2008-12-31,ETH,BCG_coverage_pct,69.0
2008-12-31,ETH,DTP3_coverage_pct,54.0
2008-12-31,ETH,HepB3_coverage_pct,52.0
2008-12-31,ETH,MCV1_measles_coverage_pct,54.0
2008-12-31,FIN,DTP3_coverage_pct,99.0
2008-12-31,FIN,HepB3_coverage_pct,0.0
2008-12-31,FIN,MCV1_measles_coverage_pct,97.0
2008-12-31,FJI,BCG_coverage_pct,99.0
2008-12-31,FJI,DTP3_coverage_pct,99.0
2008-12-31,FJI,HepB3_coverage_pct,98.0
2008-12-31,FJI,MCV1_measles_coverage_pct,95.0
2008-12-31,FRA,DTP3_coverage_pct,99.0
2008-12-31,FRA,HepB3_coverage_pct,47.0
2008-12-31,FRA,MCV1_measles_coverage_pct,89.0
2008-12-31,FSM,BCG_coverage_pct,79.0
2008-12-31,FSM,DTP3_coverage_pct,85.0
2008-12-31,FSM,HepB3_coverage_pct,89.0
2008-12-31,FSM,MCV1_measles_coverage_pct,86.0
2008-12-31,GAB,BCG_coverage_pct,93.0
2008-12-31,GAB,DTP3_coverage_pct,82.0
2008-12-31,GAB,HepB3_coverage_pct,82.0
2008-12-31,GAB,MCV1_measles_coverage_pct,67.0
2008-12-31,GBR,DTP3_coverage_pct,92.0
2008-12-31,GBR,HepB3_coverage_pct,0.0
2008-12-31,GBR,MCV1_measles_coverage_pct,86.0
2008-12-31,GEO,BCG_coverage_pct,95.0
2008-12-31,GEO,DTP3_coverage_pct,92.0
2008-12-31,GEO,HepB3_coverage_pct,89.0
2008-12-31,GEO,MCV1_measles_coverage_pct,97.0
2008-12-31,GHA,BCG_coverage_pct,99.0
2008-12-31,GHA,DTP3_coverage_pct,93.0
2008-12-31,GHA,HepB3_coverage_pct,93.0
2008-12-31,GHA,MCV1_measles_coverage_pct,86.0
2008-12-31,GIN,BCG_coverage_pct,87.0
2008-12-31,GIN,DTP3_coverage_pct,60.0
2008-12-31,GIN,HepB3_coverage_pct,57.0
2008-12-31,GIN,MCV1_measles_coverage_pct,55.0
2008-12-31,GMB,BCG_coverage_pct,95.0
2008-12-31,GMB,DTP3_coverage_pct,96.0
2008-12-31,GMB,HepB3_coverage_pct,98.0
2008-12-31,GMB,MCV1_measles_coverage_pct,92.0
2008-12-31,GNB,BCG_coverage_pct,93.0
2008-12-31,GNB,DTP3_coverage_pct,77.0
2008-12-31,GNB,HepB3_coverage_pct,0.0
2008-12-31,GNB,MCV1_measles_coverage_pct,71.0
2008-12-31,GNQ,BCG_coverage_pct,71.0
2008-12-31,GNQ,DTP3_coverage_pct,50.0
2008-12-31,GNQ,HepB3_coverage_pct,0.0
2008-12-31,GNQ,MCV1_measles_coverage_pct,45.0
2008-12-31,GRC,DTP3_coverage_pct,99.0
2008-12-31,GRC,HepB3_coverage_pct,95.0
2008-12-31,GRC,MCV1_measles_coverage_pct,99.0
2008-12-31,GRD,DTP3_coverage_pct,99.0
2008-12-31,GRD,HepB3_coverage_pct,99.0
2008-12-31,GRD,MCV1_measles_coverage_pct,99.0
2008-12-31,GTM,BCG_coverage_pct,99.0
2008-12-31,GTM,DTP3_coverage_pct,95.0
2008-12-31,GTM,HepB3_coverage_pct,95.0
2008-12-31,GTM,MCV1_measles_coverage_pct,96.0
2008-12-31,GUY,BCG_coverage_pct,96.0
2008-12-31,GUY,DTP3_coverage_pct,93.0
2008-12-31,GUY,HepB3_coverage_pct,93.0
2008-12-31,GUY,MCV1_measles_coverage_pct,95.0
2008-12-31,HND,BCG_coverage_pct,99.0
2008-12-31,HND,DTP3_coverage_pct,93.0
2008-12-31,HND,HepB3_coverage_pct,92.0
2008-12-31,HND,MCV1_measles_coverage_pct,93.0
2008-12-31,HRV,BCG_coverage_pct,99.0
2008-12-31,HRV,DTP3_coverage_pct,96.0
2008-12-31,HRV,HepB3_coverage_pct,97.0
2008-12-31,HRV,MCV1_measles_coverage_pct,96.0
2008-12-31,HTI,BCG_coverage_pct,76.0
2008-12-31,HTI,DTP3_coverage_pct,64.0
2008-12-31,HTI,HepB3_coverage_pct,0.0
2008-12-31,HTI,MCV1_measles_coverage_pct,59.0
2008-12-31,HUN,BCG_coverage_pct,99.0
2008-12-31,HUN,DTP3_coverage_pct,99.0
2008-12-31,HUN,HepB3_coverage_pct,0.0
2008-12-31,HUN,MCV1_measles_coverage_pct,99.0
2008-12-31,IDN,BCG_coverage_pct,80.0
2008-12-31,IDN,DTP3_coverage_pct,77.0
2008-12-31,IDN,HepB3_coverage_pct,82.0
2008-12-31,IDN,MCV1_measles_coverage_pct,76.0
2008-12-31,IND,BCG_coverage_pct,86.0
2008-12-31,IND,DTP3_coverage_pct,70.0
2008-12-31,IND,HepB3_coverage_pct,29.0
2008-12-31,IND,MCV1_measles_coverage_pct,72.0
2008-12-31,IRL,BCG_coverage_pct,34.0
2008-12-31,IRL,DTP3_coverage_pct,93.0
2008-12-31,IRL,HepB3_coverage_pct,0.0
2008-12-31,IRL,MCV1_measles_coverage_pct,89.0
2008-12-31,IRN,BCG_coverage_pct,99.0
2008-12-31,IRN,DTP3_coverage_pct,99.0
2008-12-31,IRN,HepB3_coverage_pct,99.0
2008-12-31,IRN,MCV1_measles_coverage_pct,98.0
2008-12-31,IRQ,BCG_coverage_pct,87.0
2008-12-31,IRQ,DTP3_coverage_pct,69.0
2008-12-31,IRQ,HepB3_coverage_pct,66.0
2008-12-31,IRQ,MCV1_measles_coverage_pct,75.0
2008-12-31,ISL,DTP3_coverage_pct,98.0
2008-12-31,ISL,HepB3_coverage_pct,0.0
2008-12-31,ISL,MCV1_measles_coverage_pct,96.0
2008-12-31,ISR,DTP3_coverage_pct,94.0
2008-12-31,ISR,HepB3_coverage_pct,99.0
2008-12-31,ISR,MCV1_measles_coverage_pct,98.0
2008-12-31,ITA,DTP3_coverage_pct,96.0
2008-12-31,ITA,HepB3_coverage_pct,96.0
2008-12-31,ITA,MCV1_measles_coverage_pct,90.0
2008-12-31,JAM,BCG_coverage_pct,92.0
2008-12-31,JAM,DTP3_coverage_pct,90.0
2008-12-31,JAM,HepB3_coverage_pct,92.0
2008-12-31,JAM,MCV1_measles_coverage_pct,88.0
2008-12-31,JOR,BCG_coverage_pct,95.0
2008-12-31,JOR,DTP3_coverage_pct,97.0
2008-12-31,JOR,HepB3_coverage_pct,97.0
2008-12-31,JOR,MCV1_measles_coverage_pct,95.0
2008-12-31,JPN,BCG_coverage_pct,90.0
2008-12-31,JPN,DTP3_coverage_pct,98.0
2008-12-31,JPN,HepB3_coverage_pct,0.0
2008-12-31,JPN,MCV1_measles_coverage_pct,95.0
2008-12-31,KAZ,BCG_coverage_pct,97.0
2008-12-31,KAZ,DTP3_coverage_pct,99.0
2008-12-31,KAZ,HepB3_coverage_pct,99.0
2008-12-31,KAZ,MCV1_measles_coverage_pct,99.0
2008-12-31,KEN,BCG_coverage_pct,98.0
2008-12-31,KEN,DTP3_coverage_pct,88.0
2008-12-31,KEN,HepB3_coverage_pct,88.0
2008-12-31,KEN,MCV1_measles_coverage_pct,90.0
2008-12-31,KGZ,BCG_coverage_pct,99.0
2008-12-31,KGZ,DTP3_coverage_pct,95.0
2008-12-31,KGZ,HepB3_coverage_pct,97.0
2008-12-31,KGZ,MCV1_measles_coverage_pct,99.0
2008-12-31,KHM,BCG_coverage_pct,98.0
2008-12-31,KHM,DTP3_coverage_pct,91.0
2008-12-31,KHM,HepB3_coverage_pct,91.0
2008-12-31,KHM,MCV1_measles_coverage_pct,89.0
2008-12-31,KIR,BCG_coverage_pct,83.0
2008-12-31,KIR,DTP3_coverage_pct,82.0
2008-12-31,KIR,HepB3_coverage_pct,83.0
2008-12-31,KIR,MCV1_measles_coverage_pct,72.0
2008-12-31,KNA,BCG_coverage_pct,95.0
2008-12-31,KNA,DTP3_coverage_pct,99.0
2008-12-31,KNA,HepB3_coverage_pct,98.0
2008-12-31,KNA,MCV1_measles_coverage_pct,99.0
2008-12-31,KOR,BCG_coverage_pct,96.0
2008-12-31,KOR,DTP3_coverage_pct,94.0
2008-12-31,KOR,HepB3_coverage_pct,94.0
2008-12-31,KOR,MCV1_measles_coverage_pct,92.0
2008-12-31,KWT,BCG_coverage_pct,99.0
2008-12-31,KWT,DTP3_coverage_pct,99.0
2008-12-31,KWT,HepB3_coverage_pct,99.0
2008-12-31,KWT,MCV1_measles_coverage_pct,99.0
2008-12-31,LAO,BCG_coverage_pct,68.0
2008-12-31,LAO,DTP3_coverage_pct,61.0
2008-12-31,LAO,HepB3_coverage_pct,61.0
2008-12-31,LAO,MCV1_measles_coverage_pct,52.0
2008-12-31,LBN,DTP3_coverage_pct,81.0
2008-12-31,LBN,HepB3_coverage_pct,81.0
2008-12-31,LBN,MCV1_measles_coverage_pct,89.0
2008-12-31,LBR,BCG_coverage_pct,85.0
2008-12-31,LBR,DTP3_coverage_pct,75.0
2008-12-31,LBR,HepB3_coverage_pct,75.0
2008-12-31,LBR,MCV1_measles_coverage_pct,76.0
2008-12-31,LBY,BCG_coverage_pct,99.0
2008-12-31,LBY,DTP3_coverage_pct,98.0
2008-12-31,LBY,HepB3_coverage_pct,98.0
2008-12-31,LBY,MCV1_measles_coverage_pct,98.0
2008-12-31,LCA,BCG_coverage_pct,99.0
2008-12-31,LCA,DTP3_coverage_pct,96.0
2008-12-31,LCA,HepB3_coverage_pct,96.0
2008-12-31,LCA,MCV1_measles_coverage_pct,99.0
2008-12-31,LKA,BCG_coverage_pct,99.0
2008-12-31,LKA,DTP3_coverage_pct,98.0
2008-12-31,LKA,HepB3_coverage_pct,98.0
2008-12-31,LKA,MCV1_measles_coverage_pct,98.0
2008-12-31,LSO,BCG_coverage_pct,95.0
2008-12-31,LSO,DTP3_coverage_pct,88.0
2008-12-31,LSO,HepB3_coverage_pct,88.0
2008-12-31,LSO,MCV1_measles_coverage_pct,80.0
2008-12-31,LTU,BCG_coverage_pct,99.0
2008-12-31,LTU,DTP3_coverage_pct,96.0
2008-12-31,LTU,HepB3_coverage_pct,96.0
2008-12-31,LTU,MCV1_measles_coverage_pct,97.0
2008-12-31,LUX,DTP3_coverage_pct,99.0
2008-12-31,LUX,HepB3_coverage_pct,94.0
2008-12-31,LUX,MCV1_measles_coverage_pct,96.0
2008-12-31,LVA,BCG_coverage_pct,95.0
2008-12-31,LVA,DTP3_coverage_pct,94.0
2008-12-31,LVA,HepB3_coverage_pct,93.0
2008-12-31,LVA,MCV1_measles_coverage_pct,96.0
2008-12-31,MAR,BCG_coverage_pct,99.0
2008-12-31,MAR,DTP3_coverage_pct,99.0
2008-12-31,MAR,HepB3_coverage_pct,97.0
2008-12-31,MAR,MCV1_measles_coverage_pct,96.0
2008-12-31,MCO,DTP3_coverage_pct,99.0
2008-12-31,MCO,HepB3_coverage_pct,99.0
2008-12-31,MCO,MCV1_measles_coverage_pct,94.0
2008-12-31,MDA,BCG_coverage_pct,98.0
2008-12-31,MDA,DTP3_coverage_pct,90.0
2008-12-31,MDA,HepB3_coverage_pct,97.0
2008-12-31,MDA,MCV1_measles_coverage_pct,95.0
2008-12-31,MDG,BCG_coverage_pct,83.0
2008-12-31,MDG,DTP3_coverage_pct,77.0
2008-12-31,MDG,HepB3_coverage_pct,77.0
2008-12-31,MDG,MCV1_measles_coverage_pct,70.0
2008-12-31,MDV,BCG_coverage_pct,98.0
2008-12-31,MDV,DTP3_coverage_pct,98.0
2008-12-31,MDV,HepB3_coverage_pct,98.0
2008-12-31,MDV,MCV1_measles_coverage_pct,97.0
2008-12-31,MEX,BCG_coverage_pct,99.0
2008-12-31,MEX,DTP3_coverage_pct,96.0
2008-12-31,MEX,HepB3_coverage_pct,97.0
2008-12-31,MEX,MCV1_measles_coverage_pct,96.0
2008-12-31,MHL,BCG_coverage_pct,95.0
2008-12-31,MHL,DTP3_coverage_pct,95.0
2008-12-31,MHL,HepB3_coverage_pct,97.0
2008-12-31,MHL,MCV1_measles_coverage_pct,86.0
2008-12-31,MKD,BCG_coverage_pct,94.0
2008-12-31,MKD,DTP3_coverage_pct,95.0
2008-12-31,MKD,HepB3_coverage_pct,97.0
2008-12-31,MKD,MCV1_measles_coverage_pct,98.0
2008-12-31,MLI,BCG_coverage_pct,86.0
2008-12-31,MLI,DTP3_coverage_pct,74.0
2008-12-31,MLI,HepB3_coverage_pct,74.0
2008-12-31,MLI,MCV1_measles_coverage_pct,71.0
2008-12-31,MLT,DTP3_coverage_pct,72.0
2008-12-31,MLT,HepB3_coverage_pct,86.0
2008-12-31,MLT,MCV1_measles_coverage_pct,78.0
2008-12-31,MMR,BCG_coverage_pct,88.0
2008-12-31,MMR,DTP3_coverage_pct,85.0
2008-12-31,MMR,HepB3_coverage_pct,85.0
2008-12-31,MMR,MCV1_measles_coverage_pct,82.0
2008-12-31,MNE,BCG_coverage_pct,98.0
2008-12-31,MNE,DTP3_coverage_pct,95.0
2008-12-31,MNE,HepB3_coverage_pct,93.0
2008-12-31,MNE,MCV1_measles_coverage_pct,89.0
2008-12-31,MNG,BCG_coverage_pct,98.0
2008-12-31,MNG,DTP3_coverage_pct,96.0
2008-12-31,MNG,HepB3_coverage_pct,96.0
2008-12-31,MNG,MCV1_measles_coverage_pct,97.0
2008-12-31,MOZ,BCG_coverage_pct,90.0
2008-12-31,MOZ,DTP3_coverage_pct,75.0
2008-12-31,MOZ,HepB3_coverage_pct,75.0
2008-12-31,MOZ,MCV1_measles_coverage_pct,77.0
2008-12-31,MRT,BCG_coverage_pct,89.0
2008-12-31,MRT,DTP3_coverage_pct,74.0
2008-12-31,MRT,HepB3_coverage_pct,74.0
2008-12-31,MRT,MCV1_measles_coverage_pct,65.0
2008-12-31,MUS,BCG_coverage_pct,96.0
2008-12-31,MUS,DTP3_coverage_pct,99.0
2008-12-31,MUS,HepB3_coverage_pct,99.0
2008-12-31,MUS,MCV1_measles_coverage_pct,98.0
2008-12-31,MWI,BCG_coverage_pct,97.0
2008-12-31,MWI,DTP3_coverage_pct,91.0
2008-12-31,MWI,HepB3_coverage_pct,91.0
2008-12-31,MWI,MCV1_measles_coverage_pct,88.0
2008-12-31,MYS,BCG_coverage_pct,99.0
2008-12-31,MYS,DTP3_coverage_pct,97.0
2008-12-31,MYS,HepB3_coverage_pct,97.0
2008-12-31,MYS,MCV1_measles_coverage_pct,95.0
2008-12-31,NAM,BCG_coverage_pct,88.0
2008-12-31,NAM,DTP3_coverage_pct,83.0
2008-12-31,NAM,HepB3_coverage_pct,0.0
2008-12-31,NAM,MCV1_measles_coverage_pct,73.0
2008-12-31,NER,BCG_coverage_pct,78.0
2008-12-31,NER,DTP3_coverage_pct,67.0
2008-12-31,NER,HepB3_coverage_pct,0.0
2008-12-31,NER,MCV1_measles_coverage_pct,66.0
2008-12-31,NGA,BCG_coverage_pct,65.0
2008-12-31,NGA,DTP3_coverage_pct,53.0
2008-12-31,NGA,HepB3_coverage_pct,53.0
2008-12-31,NGA,MCV1_measles_coverage_pct,53.0
2008-12-31,NIC,BCG_coverage_pct,99.0
2008-12-31,NIC,DTP3_coverage_pct,97.0
2008-12-31,NIC,HepB3_coverage_pct,97.0
2008-12-31,NIC,MCV1_measles_coverage_pct,99.0
2008-12-31,NIU,BCG_coverage_pct,99.0
2008-12-31,NIU,DTP3_coverage_pct,99.0
2008-12-31,NIU,HepB3_coverage_pct,99.0
2008-12-31,NIU,MCV1_measles_coverage_pct,99.0
2008-12-31,NLD,DTP3_coverage_pct,97.0
2008-12-31,NLD,HepB3_coverage_pct,0.0
2008-12-31,NLD,MCV1_measles_coverage_pct,96.0
2008-12-31,NOR,DTP3_coverage_pct,94.0
2008-12-31,NOR,HepB3_coverage_pct,0.0
2008-12-31,NOR,MCV1_measles_coverage_pct,93.0
2008-12-31,NPL,BCG_coverage_pct,87.0
2008-12-31,NPL,DTP3_coverage_pct,82.0
2008-12-31,NPL,HepB3_coverage_pct,82.0
2008-12-31,NPL,MCV1_measles_coverage_pct,79.0
2008-12-31,NRU,BCG_coverage_pct,99.0
2008-12-31,NRU,DTP3_coverage_pct,99.0
2008-12-31,NRU,HepB3_coverage_pct,99.0
2008-12-31,NRU,MCV1_measles_coverage_pct,99.0
2008-12-31,NZL,DTP3_coverage_pct,89.0
2008-12-31,NZL,HepB3_coverage_pct,90.0
2008-12-31,NZL,MCV1_measles_coverage_pct,86.0
2008-12-31,OMN,BCG_coverage_pct,99.0
2008-12-31,OMN,DTP3_coverage_pct,99.0
2008-12-31,OMN,HepB3_coverage_pct,99.0
2008-12-31,OMN,MCV1_measles_coverage_pct,98.0
2008-12-31,PAK,BCG_coverage_pct,75.0
2008-12-31,PAK,DTP3_coverage_pct,53.0
2008-12-31,PAK,HepB3_coverage_pct,53.0
2008-12-31,PAK,MCV1_measles_coverage_pct,56.0
2008-12-31,PAN,BCG_coverage_pct,98.0
2008-12-31,PAN,DTP3_coverage_pct,86.0
2008-12-31,PAN,HepB3_coverage_pct,86.0
2008-12-31,PAN,MCV1_measles_coverage_pct,96.0
2008-12-31,PER,BCG_coverage_pct,97.0
2008-12-31,PER,DTP3_coverage_pct,93.0
2008-12-31,PER,HepB3_coverage_pct,93.0
2008-12-31,PER,MCV1_measles_coverage_pct,92.0
2008-12-31,PHL,BCG_coverage_pct,91.0
2008-12-31,PHL,DTP3_coverage_pct,87.0
2008-12-31,PHL,HepB3_coverage_pct,87.0
2008-12-31,PHL,MCV1_measles_coverage_pct,90.0
2008-12-31,PLW,DTP3_coverage_pct,92.0
2008-12-31,PLW,HepB3_coverage_pct,92.0
2008-12-31,PLW,MCV1_measles_coverage_pct,97.0
2008-12-31,PNG,BCG_coverage_pct,80.0
2008-12-31,PNG,DTP3_coverage_pct,56.0
2008-12-31,PNG,HepB3_coverage_pct,55.0
2008-12-31,PNG,MCV1_measles_coverage_pct,66.0
2008-12-31,POL,BCG_coverage_pct,93.0
2008-12-31,POL,DTP3_coverage_pct,99.0
2008-12-31,POL,HepB3_coverage_pct,98.0
2008-12-31,POL,MCV1_measles_coverage_pct,98.0
2008-12-31,PRK,BCG_coverage_pct,97.0
2008-12-31,PRK,DTP3_coverage_pct,92.0
2008-12-31,PRK,HepB3_coverage_pct,92.0
2008-12-31,PRK,MCV1_measles_coverage_pct,98.0
2008-12-31,PRT,BCG_coverage_pct,98.0
2008-12-31,PRT,DTP3_coverage_pct,97.0
2008-12-31,PRT,HepB3_coverage_pct,97.0
2008-12-31,PRT,MCV1_measles_coverage_pct,97.0
2008-12-31,PRY,BCG_coverage_pct,94.0
2008-12-31,PRY,DTP3_coverage_pct,89.0
2008-12-31,PRY,HepB3_coverage_pct,87.0
2008-12-31,PRY,MCV1_measles_coverage_pct,91.0
2008-12-31,PSE,BCG_coverage_pct,99.0
2008-12-31,PSE,DTP3_coverage_pct,96.0
2008-12-31,PSE,HepB3_coverage_pct,96.0
2008-12-31,PSE,MCV1_measles_coverage_pct,96.0
2008-12-31,QAT,BCG_coverage_pct,97.0
2008-12-31,QAT,DTP3_coverage_pct,97.0
2008-12-31,QAT,HepB3_coverage_pct,97.0
2008-12-31,QAT,MCV1_measles_coverage_pct,96.0
2008-12-31,ROU,BCG_coverage_pct,99.0
2008-12-31,ROU,DTP3_coverage_pct,96.0
2008-12-31,ROU,HepB3_coverage_pct,97.0
2008-12-31,ROU,MCV1_measles_coverage_pct,96.0
2008-12-31,RUS,BCG_coverage_pct,96.0
2008-12-31,RUS,DTP3_coverage_pct,98.0
2008-12-31,RUS,HepB3_coverage_pct,98.0
2008-12-31,RUS,MCV1_measles_coverage_pct,99.0
2008-12-31,RWA,BCG_coverage_pct,93.0
2008-12-31,RWA,DTP3_coverage_pct,97.0
2008-12-31,RWA,HepB3_coverage_pct,97.0
2008-12-31,RWA,MCV1_measles_coverage_pct,92.0
2008-12-31,SAU,BCG_coverage_pct,98.0
2008-12-31,SAU,DTP3_coverage_pct,98.0
2008-12-31,SAU,HepB3_coverage_pct,98.0
2008-12-31,SAU,MCV1_measles_coverage_pct,97.0
2008-12-31,SDN,BCG_coverage_pct,88.0
2008-12-31,SDN,DTP3_coverage_pct,86.0
2008-12-31,SDN,HepB3_coverage_pct,78.0
2008-12-31,SDN,MCV1_measles_coverage_pct,79.0
2008-12-31,SEN,BCG_coverage_pct,98.0
2008-12-31,SEN,DTP3_coverage_pct,88.0
2008-12-31,SEN,HepB3_coverage_pct,88.0
2008-12-31,SEN,MCV1_measles_coverage_pct,77.0
2008-12-31,SGP,BCG_coverage_pct,99.0
2008-12-31,SGP,DTP3_coverage_pct,97.0
2008-12-31,SGP,HepB3_coverage_pct,97.0
2008-12-31,SGP,MCV1_measles_coverage_pct,95.0
2008-12-31,SLB,BCG_coverage_pct,92.0
2008-12-31,SLB,DTP3_coverage_pct,85.0
2008-12-31,SLB,HepB3_coverage_pct,89.0
2008-12-31,SLB,MCV1_measles_coverage_pct,71.0
2008-12-31,SLE,BCG_coverage_pct,91.0
2008-12-31,SLE,DTP3_coverage_pct,77.0
2008-12-31,SLE,HepB3_coverage_pct,77.0
2008-12-31,SLE,MCV1_measles_coverage_pct,73.0
2008-12-31,SLV,BCG_coverage_pct,99.0
2008-12-31,SLV,DTP3_coverage_pct,98.0
2008-12-31,SLV,HepB3_coverage_pct,98.0
2008-12-31,SLV,MCV1_measles_coverage_pct,95.0
2008-12-31,SMR,DTP3_coverage_pct,91.0
2008-12-31,SMR,HepB3_coverage_pct,91.0
2008-12-31,SMR,MCV1_measles_coverage_pct,86.0
2008-12-31,SOM,BCG_coverage_pct,36.0
2008-12-31,SOM,DTP3_coverage_pct,31.0
2008-12-31,SOM,HepB3_coverage_pct,0.0
2008-12-31,SOM,MCV1_measles_coverage_pct,34.0
2008-12-31,SRB,BCG_coverage_pct,99.0
2008-12-31,SRB,DTP3_coverage_pct,95.0
2008-12-31,SRB,HepB3_coverage_pct,93.0
2008-12-31,SRB,MCV1_measles_coverage_pct,92.0
2008-12-31,STP,BCG_coverage_pct,99.0
2008-12-31,STP,DTP3_coverage_pct,99.0
2008-12-31,STP,HepB3_coverage_pct,99.0
2008-12-31,STP,MCV1_measles_coverage_pct,93.0
2008-12-31,SUR,DTP3_coverage_pct,85.0
2008-12-31,SUR,HepB3_coverage_pct,84.0
2008-12-31,SUR,MCV1_measles_coverage_pct,86.0
2008-12-31,SVK,BCG_coverage_pct,98.0
2008-12-31,SVK,DTP3_coverage_pct,99.0
2008-12-31,SVK,HepB3_coverage_pct,99.0
2008-12-31,SVK,MCV1_measles_coverage_pct,99.0
2008-12-31,SVN,DTP3_coverage_pct,97.0
2008-12-31,SVN,HepB3_coverage_pct,0.0
2008-12-31,SVN,MCV1_measles_coverage_pct,96.0
2008-12-31,SWE,BCG_coverage_pct,23.0
2008-12-31,SWE,DTP3_coverage_pct,98.0
2008-12-31,SWE,HepB3_coverage_pct,0.0
2008-12-31,SWE,MCV1_measles_coverage_pct,96.0
2008-12-31,SWZ,BCG_coverage_pct,96.0
2008-12-31,SWZ,DTP3_coverage_pct,88.0
2008-12-31,SWZ,HepB3_coverage_pct,90.0
2008-12-31,SWZ,MCV1_measles_coverage_pct,94.0
2008-12-31,SYC,BCG_coverage_pct,99.0
2008-12-31,SYC,DTP3_coverage_pct,99.0
2008-12-31,SYC,HepB3_coverage_pct,99.0
2008-12-31,SYC,MCV1_measles_coverage_pct,99.0
2008-12-31,SYR,BCG_coverage_pct,93.0
2008-12-31,SYR,DTP3_coverage_pct,81.0
2008-12-31,SYR,HepB3_coverage_pct,83.0
2008-12-31,SYR,MCV1_measles_coverage_pct,81.0
2008-12-31,TCD,BCG_coverage_pct,31.0
2008-12-31,TCD,DTP3_coverage_pct,19.0
2008-12-31,TCD,HepB3_coverage_pct,17.0
2008-12-31,TCD,MCV1_measles_coverage_pct,27.0
2008-12-31,TGO,BCG_coverage_pct,92.0
2008-12-31,TGO,DTP3_coverage_pct,81.0
2008-12-31,TGO,HepB3_coverage_pct,24.0
2008-12-31,TGO,MCV1_measles_coverage_pct,63.0
2008-12-31,THA,BCG_coverage_pct,99.0
2008-12-31,THA,DTP3_coverage_pct,99.0
2008-12-31,THA,HepB3_coverage_pct,98.0
2008-12-31,THA,MCV1_measles_coverage_pct,98.0
2008-12-31,TJK,BCG_coverage_pct,89.0
2008-12-31,TJK,DTP3_coverage_pct,86.0
2008-12-31,TJK,HepB3_coverage_pct,85.0
2008-12-31,TJK,MCV1_measles_coverage_pct,84.0
2008-12-31,TKM,BCG_coverage_pct,99.0
2008-12-31,TKM,DTP3_coverage_pct,96.0
2008-12-31,TKM,HepB3_coverage_pct,96.0
2008-12-31,TKM,MCV1_measles_coverage_pct,99.0
2008-12-31,TLS,BCG_coverage_pct,85.0
2008-12-31,TLS,DTP3_coverage_pct,79.0
2008-12-31,TLS,HepB3_coverage_pct,79.0
2008-12-31,TLS,MCV1_measles_coverage_pct,73.0
2008-12-31,TON,BCG_coverage_pct,99.0
2008-12-31,TON,DTP3_coverage_pct,99.0
2008-12-31,TON,HepB3_coverage_pct,98.0
2008-12-31,TON,MCV1_measles_coverage_pct,99.0
2008-12-31,TTO,DTP3_coverage_pct,90.0
2008-12-31,TTO,HepB3_coverage_pct,90.0
2008-12-31,TTO,MCV1_measles_coverage_pct,91.0
2008-12-31,TUN,BCG_coverage_pct,99.0
2008-12-31,TUN,DTP3_coverage_pct,99.0
2008-12-31,TUN,HepB3_coverage_pct,99.0
2008-12-31,TUN,MCV1_measles_coverage_pct,98.0
2008-12-31,TUR,BCG_coverage_pct,96.0
2008-12-31,TUR,DTP3_coverage_pct,96.0
2008-12-31,TUR,HepB3_coverage_pct,92.0
2008-12-31,TUR,MCV1_measles_coverage_pct,97.0
2008-12-31,TUV,BCG_coverage_pct,99.0
2008-12-31,TUV,DTP3_coverage_pct,99.0
2008-12-31,TUV,HepB3_coverage_pct,99.0
2008-12-31,TUV,MCV1_measles_coverage_pct,93.0
2008-12-31,TZA,BCG_coverage_pct,89.0
2008-12-31,TZA,DTP3_coverage_pct,86.0
2008-12-31,TZA,HepB3_coverage_pct,86.0
2008-12-31,TZA,MCV1_measles_coverage_pct,88.0
2008-12-31,UGA,BCG_coverage_pct,86.0
2008-12-31,UGA,DTP3_coverage_pct,71.0
2008-12-31,UGA,HepB3_coverage_pct,71.0
2008-12-31,UGA,MCV1_measles_coverage_pct,70.0
2008-12-31,UKR,BCG_coverage_pct,95.0
2008-12-31,UKR,DTP3_coverage_pct,90.0
2008-12-31,UKR,HepB3_coverage_pct,84.0
2008-12-31,UKR,MCV1_measles_coverage_pct,94.0
2008-12-31,URY,BCG_coverage_pct,99.0
2008-12-31,URY,DTP3_coverage_pct,94.0
2008-12-31,URY,HepB3_coverage_pct,94.0
2008-12-31,URY,MCV1_measles_coverage_pct,95.0
2008-12-31,USA,DTP3_coverage_pct,96.0
2008-12-31,USA,HepB3_coverage_pct,94.0
2008-12-31,USA,MCV1_measles_coverage_pct,92.0
2008-12-31,UZB,BCG_coverage_pct,96.0
2008-12-31,UZB,DTP3_coverage_pct,98.0
2008-12-31,UZB,HepB3_coverage_pct,91.0
2008-12-31,UZB,MCV1_measles_coverage_pct,98.0
2008-12-31,VCT,BCG_coverage_pct,87.0
2008-12-31,VCT,DTP3_coverage_pct,99.0
2008-12-31,VCT,HepB3_coverage_pct,99.0
2008-12-31,VCT,MCV1_measles_coverage_pct,99.0
2008-12-31,VEN,BCG_coverage_pct,90.0
2008-12-31,VEN,DTP3_coverage_pct,50.0
2008-12-31,VEN,HepB3_coverage_pct,53.0
2008-12-31,VEN,MCV1_measles_coverage_pct,93.0
2008-12-31,VNM,BCG_coverage_pct,92.0
2008-12-31,VNM,DTP3_coverage_pct,93.0
2008-12-31,VNM,HepB3_coverage_pct,87.0
2008-12-31,VNM,MCV1_measles_coverage_pct,92.0
2008-12-31,VUT,BCG_coverage_pct,85.0
2008-12-31,VUT,DTP3_coverage_pct,73.0
2008-12-31,VUT,HepB3_coverage_pct,67.0
2008-12-31,VUT,MCV1_measles_coverage_pct,62.0
2008-12-31,WSM,BCG_coverage_pct,98.0
2008-12-31,WSM,DTP3_coverage_pct,39.0
2008-12-31,WSM,HepB3_coverage_pct,26.0
2008-12-31,WSM,MCV1_measles_coverage_pct,44.0
2008-12-31,YEM,BCG_coverage_pct,60.0
2008-12-31,YEM,DTP3_coverage_pct,78.0
2008-12-31,YEM,HepB3_coverage_pct,78.0
2008-12-31,YEM,MCV1_measles_coverage_pct,69.0
2008-12-31,ZAF,BCG_coverage_pct,84.0
2008-12-31,ZAF,DTP3_coverage_pct,82.0
2008-12-31,ZAF,HepB3_coverage_pct,76.0
2008-12-31,ZAF,MCV1_measles_coverage_pct,73.0
2008-12-31,ZMB,BCG_coverage_pct,91.0
2008-12-31,ZMB,DTP3_coverage_pct,87.0
2008-12-31,ZMB,HepB3_coverage_pct,87.0
2008-12-31,ZMB,MCV1_measles_coverage_pct,87.0
2008-12-31,ZWE,BCG_coverage_pct,91.0
2008-12-31,ZWE,DTP3_coverage_pct,75.0
2008-12-31,ZWE,HepB3_coverage_pct,75.0
2008-12-31,ZWE,MCV1_measles_coverage_pct,70.0
2009-12-31,AFG,BCG_coverage_pct,64.0
2009-12-31,AFG,DTP3_coverage_pct,63.0
2009-12-31,AFG,HepB3_coverage_pct,63.0
2009-12-31,AFG,MCV1_measles_coverage_pct,60.0
2009-12-31,AGO,BCG_coverage_pct,74.0
2009-12-31,AGO,DTP3_coverage_pct,47.0
2009-12-31,AGO,HepB3_coverage_pct,47.0
2009-12-31,AGO,MCV1_measles_coverage_pct,58.0
2009-12-31,ALB,BCG_coverage_pct,97.0
2009-12-31,ALB,DTP3_coverage_pct,98.0
2009-12-31,ALB,HepB3_coverage_pct,98.0
2009-12-31,ALB,MCV1_measles_coverage_pct,97.0
2009-12-31,AND,DTP3_coverage_pct,99.0
2009-12-31,AND,HepB3_coverage_pct,96.0
2009-12-31,AND,MCV1_measles_coverage_pct,98.0
2009-12-31,ARE,BCG_coverage_pct,98.0
2009-12-31,ARE,DTP3_coverage_pct,93.0
2009-12-31,ARE,HepB3_coverage_pct,93.0
2009-12-31,ARE,MCV1_measles_coverage_pct,93.0
2009-12-31,ARG,BCG_coverage_pct,99.0
2009-12-31,ARG,DTP3_coverage_pct,94.0
2009-12-31,ARG,HepB3_coverage_pct,94.0
2009-12-31,ARG,MCV1_measles_coverage_pct,96.0
2009-12-31,ARM,BCG_coverage_pct,99.0
2009-12-31,ARM,DTP3_coverage_pct,93.0
2009-12-31,ARM,HepB3_coverage_pct,93.0
2009-12-31,ARM,MCV1_measles_coverage_pct,96.0
2009-12-31,ATG,DTP3_coverage_pct,99.0
2009-12-31,ATG,HepB3_coverage_pct,98.0
2009-12-31,ATG,MCV1_measles_coverage_pct,99.0
2009-12-31,AUS,DTP3_coverage_pct,92.0
2009-12-31,AUS,HepB3_coverage_pct,94.0
2009-12-31,AUS,MCV1_measles_coverage_pct,94.0
2009-12-31,AUT,DTP3_coverage_pct,83.0
2009-12-31,AUT,HepB3_coverage_pct,83.0
2009-12-31,AUT,MCV1_measles_coverage_pct,76.0
2009-12-31,AZE,BCG_coverage_pct,95.0
2009-12-31,AZE,DTP3_coverage_pct,81.0
2009-12-31,AZE,HepB3_coverage_pct,74.0
2009-12-31,AZE,MCV1_measles_coverage_pct,85.0
2009-12-31,BDI,BCG_coverage_pct,98.0
2009-12-31,BDI,DTP3_coverage_pct,94.0
2009-12-31,BDI,HepB3_coverage_pct,94.0
2009-12-31,BDI,MCV1_measles_coverage_pct,91.0
2009-12-31,BEL,DTP3_coverage_pct,98.0
2009-12-31,BEL,HepB3_coverage_pct,97.0
2009-12-31,BEL,MCV1_measles_coverage_pct,95.0
2009-12-31,BEN,BCG_coverage_pct,93.0
2009-12-31,BEN,DTP3_coverage_pct,79.0
2009-12-31,BEN,HepB3_coverage_pct,79.0
2009-12-31,BEN,MCV1_measles_coverage_pct,71.0
2009-12-31,BFA,BCG_coverage_pct,99.0
2009-12-31,BFA,DTP3_coverage_pct,92.0
2009-12-31,BFA,HepB3_coverage_pct,92.0
2009-12-31,BFA,MCV1_measles_coverage_pct,94.0
2009-12-31,BGD,BCG_coverage_pct,99.0
2009-12-31,BGD,DTP3_coverage_pct,97.0
2009-12-31,BGD,HepB3_coverage_pct,97.0
2009-12-31,BGD,MCV1_measles_coverage_pct,93.0
2009-12-31,BGR,BCG_coverage_pct,98.0
2009-12-31,BGR,DTP3_coverage_pct,94.0
2009-12-31,BGR,HepB3_coverage_pct,96.0
2009-12-31,BGR,MCV1_measles_coverage_pct,96.0
2009-12-31,BHR,DTP3_coverage_pct,98.0
2009-12-31,BHR,HepB3_coverage_pct,98.0
2009-12-31,BHR,MCV1_measles_coverage_pct,99.0
2009-12-31,BHS,DTP3_coverage_pct,96.0
2009-12-31,BHS,HepB3_coverage_pct,95.0
2009-12-31,BHS,MCV1_measles_coverage_pct,98.0
2009-12-31,BIH,BCG_coverage_pct,97.0
2009-12-31,BIH,DTP3_coverage_pct,90.0
2009-12-31,BIH,HepB3_coverage_pct,90.0
2009-12-31,BIH,MCV1_measles_coverage_pct,93.0
2009-12-31,BLR,BCG_coverage_pct,98.0
2009-12-31,BLR,DTP3_coverage_pct,96.0
2009-12-31,BLR,HepB3_coverage_pct,98.0
2009-12-31,BLR,MCV1_measles_coverage_pct,99.0
2009-12-31,BLZ,BCG_coverage_pct,99.0
2009-12-31,BLZ,DTP3_coverage_pct,97.0
2009-12-31,BLZ,HepB3_coverage_pct,97.0
2009-12-31,BLZ,MCV1_measles_coverage_pct,97.0
2009-12-31,BOL,BCG_coverage_pct,93.0
2009-12-31,BOL,DTP3_coverage_pct,93.0
2009-12-31,BOL,HepB3_coverage_pct,93.0
2009-12-31,BOL,MCV1_measles_coverage_pct,93.0
2009-12-31,BRA,BCG_coverage_pct,99.0
2009-12-31,BRA,DTP3_coverage_pct,99.0
2009-12-31,BRA,HepB3_coverage_pct,99.0
2009-12-31,BRA,MCV1_measles_coverage_pct,99.0
2009-12-31,BRB,DTP3_coverage_pct,93.0
2009-12-31,BRB,HepB3_coverage_pct,93.0
2009-12-31,BRB,MCV1_measles_coverage_pct,94.0
2009-12-31,BRN,BCG_coverage_pct,99.0
2009-12-31,BRN,DTP3_coverage_pct,99.0
2009-12-31,BRN,HepB3_coverage_pct,96.0
2009-12-31,BRN,MCV1_measles_coverage_pct,99.0
2009-12-31,BTN,BCG_coverage_pct,94.0
2009-12-31,BTN,DTP3_coverage_pct,93.0
2009-12-31,BTN,HepB3_coverage_pct,93.0
2009-12-31,BTN,MCV1_measles_coverage_pct,94.0
2009-12-31,BWA,BCG_coverage_pct,99.0
2009-12-31,BWA,DTP3_coverage_pct,96.0
2009-12-31,BWA,HepB3_coverage_pct,94.0
2009-12-31,BWA,MCV1_measles_coverage_pct,96.0
2009-12-31,CAF,BCG_coverage_pct,74.0
2009-12-31,CAF,DTP3_coverage_pct,42.0
2009-12-31,CAF,HepB3_coverage_pct,42.0
2009-12-31,CAF,MCV1_measles_coverage_pct,56.0
2009-12-31,CAN,DTP3_coverage_pct,91.0
2009-12-31,CAN,HepB3_coverage_pct,42.0
2009-12-31,CAN,MCV1_measles_coverage_pct,91.0
2009-12-31,CHE,DTP3_coverage_pct,95.0
2009-12-31,CHE,HepB3_coverage_pct,0.0
2009-12-31,CHE,MCV1_measles_coverage_pct,92.0
2009-12-31,CHL,BCG_coverage_pct,95.0
2009-12-31,CHL,DTP3_coverage_pct,94.0
2009-12-31,CHL,HepB3_coverage_pct,94.0
2009-12-31,CHL,MCV1_measles_coverage_pct,93.0
2009-12-31,CHN,BCG_coverage_pct,99.0
2009-12-31,CHN,DTP3_coverage_pct,99.0
2009-12-31,CHN,HepB3_coverage_pct,99.0
2009-12-31,CHN,MCV1_measles_coverage_pct,99.0
2009-12-31,CIV,BCG_coverage_pct,95.0
2009-12-31,CIV,DTP3_coverage_pct,81.0
2009-12-31,CIV,HepB3_coverage_pct,81.0
2009-12-31,CIV,MCV1_measles_coverage_pct,67.0
2009-12-31,CMR,BCG_coverage_pct,81.0
2009-12-31,CMR,DTP3_coverage_pct,80.0
2009-12-31,CMR,HepB3_coverage_pct,80.0
2009-12-31,CMR,MCV1_measles_coverage_pct,74.0
2009-12-31,COD,BCG_coverage_pct,83.0
2009-12-31,COD,DTP3_coverage_pct,71.0
2009-12-31,COD,HepB3_coverage_pct,71.0
2009-12-31,COD,MCV1_measles_coverage_pct,65.0
2009-12-31,COG,BCG_coverage_pct,90.0
2009-12-31,COG,DTP3_coverage_pct,80.0
2009-12-31,COG,HepB3_coverage_pct,75.0
2009-12-31,COG,MCV1_measles_coverage_pct,63.0
2009-12-31,COK,BCG_coverage_pct,99.0
2009-12-31,COK,DTP3_coverage_pct,82.0
2009-12-31,COK,HepB3_coverage_pct,82.0
2009-12-31,COK,MCV1_measles_coverage_pct,78.0
2009-12-31,COL,BCG_coverage_pct,90.0
2009-12-31,COL,DTP3_coverage_pct,92.0
2009-12-31,COL,HepB3_coverage_pct,92.0
2009-12-31,COL,MCV1_measles_coverage_pct,95.0
2009-12-31,COM,BCG_coverage_pct,80.0
2009-12-31,COM,DTP3_coverage_pct,83.0
2009-12-31,COM,HepB3_coverage_pct,83.0
2009-12-31,COM,MCV1_measles_coverage_pct,79.0
2009-12-31,CPV,BCG_coverage_pct,99.0
2009-12-31,CPV,DTP3_coverage_pct,99.0
2009-12-31,CPV,HepB3_coverage_pct,98.0
2009-12-31,CPV,MCV1_measles_coverage_pct,97.0
2009-12-31,CRI,BCG_coverage_pct,91.0
2009-12-31,CRI,DTP3_coverage_pct,86.0
2009-12-31,CRI,HepB3_coverage_pct,87.0
2009-12-31,CRI,MCV1_measles_coverage_pct,81.0
2009-12-31,CUB,BCG_coverage_pct,99.0
2009-12-31,CUB,DTP3_coverage_pct,96.0
2009-12-31,CUB,HepB3_coverage_pct,96.0
2009-12-31,CUB,MCV1_measles_coverage_pct,99.0
2009-12-31,CYP,DTP3_coverage_pct,99.0
2009-12-31,CYP,HepB3_coverage_pct,96.0
2009-12-31,CYP,MCV1_measles_coverage_pct,87.0
2009-12-31,CZE,BCG_coverage_pct,98.0
2009-12-31,CZE,DTP3_coverage_pct,99.0
2009-12-31,CZE,HepB3_coverage_pct,99.0
2009-12-31,CZE,MCV1_measles_coverage_pct,98.0
2009-12-31,DEU,DTP3_coverage_pct,96.0
2009-12-31,DEU,HepB3_coverage_pct,88.0
2009-12-31,DEU,MCV1_measles_coverage_pct,97.0
2009-12-31,DJI,BCG_coverage_pct,90.0
2009-12-31,DJI,DTP3_coverage_pct,89.0
2009-12-31,DJI,HepB3_coverage_pct,89.0
2009-12-31,DJI,MCV1_measles_coverage_pct,84.0
2009-12-31,DMA,BCG_coverage_pct,99.0
2009-12-31,DMA,DTP3_coverage_pct,99.0
2009-12-31,DMA,HepB3_coverage_pct,99.0
2009-12-31,DMA,MCV1_measles_coverage_pct,99.0
2009-12-31,DNK,DTP3_coverage_pct,89.0
2009-12-31,DNK,HepB3_coverage_pct,0.0
2009-12-31,DNK,MCV1_measles_coverage_pct,84.0
2009-12-31,DOM,BCG_coverage_pct,96.0
2009-12-31,DOM,DTP3_coverage_pct,82.0
2009-12-31,DOM,HepB3_coverage_pct,80.0
2009-12-31,DOM,MCV1_measles_coverage_pct,84.0
2009-12-31,DZA,BCG_coverage_pct,99.0
2009-12-31,DZA,DTP3_coverage_pct,95.0
2009-12-31,DZA,HepB3_coverage_pct,94.0
2009-12-31,DZA,MCV1_measles_coverage_pct,92.0
2009-12-31,ECU,BCG_coverage_pct,99.0
2009-12-31,ECU,DTP3_coverage_pct,94.0
2009-12-31,ECU,HepB3_coverage_pct,91.0
2009-12-31,ECU,MCV1_measles_coverage_pct,97.0
2009-12-31,EGY,BCG_coverage_pct,98.0
2009-12-31,EGY,DTP3_coverage_pct,97.0
2009-12-31,EGY,HepB3_coverage_pct,97.0
2009-12-31,EGY,MCV1_measles_coverage_pct,95.0
2009-12-31,ERI,BCG_coverage_pct,96.0
2009-12-31,ERI,DTP3_coverage_pct,95.0
2009-12-31,ERI,HepB3_coverage_pct,95.0
2009-12-31,ERI,MCV1_measles_coverage_pct,93.0
2009-12-31,ESP,DTP3_coverage_pct,96.0
2009-12-31,ESP,HepB3_coverage_pct,96.0
2009-12-31,ESP,MCV1_measles_coverage_pct,98.0
2009-12-31,EST,BCG_coverage_pct,97.0
2009-12-31,EST,DTP3_coverage_pct,95.0
2009-12-31,EST,HepB3_coverage_pct,95.0
2009-12-31,EST,MCV1_measles_coverage_pct,95.0
2009-12-31,ETH,BCG_coverage_pct,71.0
2009-12-31,ETH,DTP3_coverage_pct,58.0
2009-12-31,ETH,HepB3_coverage_pct,56.0
2009-12-31,ETH,MCV1_measles_coverage_pct,59.0
2009-12-31,FIN,DTP3_coverage_pct,99.0
2009-12-31,FIN,HepB3_coverage_pct,0.0
2009-12-31,FIN,MCV1_measles_coverage_pct,98.0
2009-12-31,FJI,BCG_coverage_pct,99.0
2009-12-31,FJI,DTP3_coverage_pct,99.0
2009-12-31,FJI,HepB3_coverage_pct,99.0
2009-12-31,FJI,MCV1_measles_coverage_pct,95.0
2009-12-31,FRA,DTP3_coverage_pct,98.0
2009-12-31,FRA,HepB3_coverage_pct,51.0
2009-12-31,FRA,MCV1_measles_coverage_pct,89.0
2009-12-31,FSM,BCG_coverage_pct,75.0
2009-12-31,FSM,DTP3_coverage_pct,91.0
2009-12-31,FSM,HepB3_coverage_pct,89.0
2009-12-31,FSM,MCV1_measles_coverage_pct,86.0
2009-12-31,GAB,BCG_coverage_pct,93.0
2009-12-31,GAB,DTP3_coverage_pct,76.0
2009-12-31,GAB,HepB3_coverage_pct,79.0
2009-12-31,GAB,MCV1_measles_coverage_pct,63.0
2009-12-31,GBR,DTP3_coverage_pct,93.0
2009-12-31,GBR,HepB3_coverage_pct,0.0
2009-12-31,GBR,MCV1_measles_coverage_pct,86.0
2009-12-31,GEO,BCG_coverage_pct,95.0
2009-12-31,GEO,DTP3_coverage_pct,88.0
2009-12-31,GEO,HepB3_coverage_pct,54.0
2009-12-31,GEO,MCV1_measles_coverage_pct,83.0
2009-12-31,GHA,BCG_coverage_pct,99.0
2009-12-31,GHA,DTP3_coverage_pct,94.0
2009-12-31,GHA,HepB3_coverage_pct,94.0
2009-12-31,GHA,MCV1_measles_coverage_pct,93.0
2009-12-31,GIN,BCG_coverage_pct,91.0
2009-12-31,GIN,DTP3_coverage_pct,57.0
2009-12-31,GIN,HepB3_coverage_pct,57.0
2009-12-31,GIN,MCV1_measles_coverage_pct,53.0
2009-12-31,GMB,BCG_coverage_pct,94.0
2009-12-31,GMB,DTP3_coverage_pct,98.0
2009-12-31,GMB,HepB3_coverage_pct,97.0
2009-12-31,GMB,MCV1_measles_coverage_pct,96.0
2009-12-31,GNB,BCG_coverage_pct,94.0
2009-12-31,GNB,DTP3_coverage_pct,80.0
2009-12-31,GNB,HepB3_coverage_pct,80.0
2009-12-31,GNB,MCV1_measles_coverage_pct,69.0
2009-12-31,GNQ,BCG_coverage_pct,71.0
2009-12-31,GNQ,DTP3_coverage_pct,52.0
2009-12-31,GNQ,HepB3_coverage_pct,0.0
2009-12-31,GNQ,MCV1_measles_coverage_pct,45.0
2009-12-31,GRC,DTP3_coverage_pct,99.0
2009-12-31,GRC,HepB3_coverage_pct,95.0
2009-12-31,GRC,MCV1_measles_coverage_pct,99.0
2009-12-31,GRD,DTP3_coverage_pct,99.0
2009-12-31,GRD,HepB3_coverage_pct,99.0
2009-12-31,GRD,MCV1_measles_coverage_pct,98.0
2009-12-31,GTM,BCG_coverage_pct,93.0
2009-12-31,GTM,DTP3_coverage_pct,92.0
2009-12-31,GTM,HepB3_coverage_pct,92.0
2009-12-31,GTM,MCV1_measles_coverage_pct,92.0
2009-12-31,GUY,BCG_coverage_pct,98.0
2009-12-31,GUY,DTP3_coverage_pct,98.0
2009-12-31,GUY,HepB3_coverage_pct,98.0
2009-12-31,GUY,MCV1_measles_coverage_pct,97.0
2009-12-31,HND,BCG_coverage_pct,99.0
2009-12-31,HND,DTP3_coverage_pct,97.0
2009-12-31,HND,HepB3_coverage_pct,97.0
2009-12-31,HND,MCV1_measles_coverage_pct,98.0
2009-12-31,HRV,BCG_coverage_pct,99.0
2009-12-31,HRV,DTP3_coverage_pct,96.0
2009-12-31,HRV,HepB3_coverage_pct,97.0
2009-12-31,HRV,MCV1_measles_coverage_pct,95.0
2009-12-31,HTI,BCG_coverage_pct,76.0
2009-12-31,HTI,DTP3_coverage_pct,65.0
2009-12-31,HTI,HepB3_coverage_pct,0.0
2009-12-31,HTI,MCV1_measles_coverage_pct,62.0
2009-12-31,HUN,BCG_coverage_pct,99.0
2009-12-31,HUN,DTP3_coverage_pct,99.0
2009-12-31,HUN,HepB3_coverage_pct,0.0
2009-12-31,HUN,MCV1_measles_coverage_pct,99.0
2009-12-31,IDN,BCG_coverage_pct,78.0
2009-12-31,IDN,DTP3_coverage_pct,78.0
2009-12-31,IDN,HepB3_coverage_pct,82.0
2009-12-31,IDN,MCV1_measles_coverage_pct,74.0
2009-12-31,IND,BCG_coverage_pct,88.0
2009-12-31,IND,DTP3_coverage_pct,74.0
2009-12-31,IND,HepB3_coverage_pct,37.0
2009-12-31,IND,MCV1_measles_coverage_pct,78.0
2009-12-31,IRL,BCG_coverage_pct,30.0
2009-12-31,IRL,DTP3_coverage_pct,94.0
2009-12-31,IRL,HepB3_coverage_pct,0.0
2009-12-31,IRL,MCV1_measles_coverage_pct,90.0
2009-12-31,IRN,BCG_coverage_pct,99.0
2009-12-31,IRN,DTP3_coverage_pct,99.0
2009-12-31,IRN,HepB3_coverage_pct,99.0
2009-12-31,IRN,MCV1_measles_coverage_pct,99.0
2009-12-31,IRQ,BCG_coverage_pct,92.0
2009-12-31,IRQ,DTP3_coverage_pct,78.0
2009-12-31,IRQ,HepB3_coverage_pct,75.0
2009-12-31,IRQ,MCV1_measles_coverage_pct,81.0
2009-12-31,ISL,DTP3_coverage_pct,96.0
2009-12-31,ISL,HepB3_coverage_pct,0.0
2009-12-31,ISL,MCV1_measles_coverage_pct,92.0
2009-12-31,ISR,DTP3_coverage_pct,96.0
2009-12-31,ISR,HepB3_coverage_pct,98.0
2009-12-31,ISR,MCV1_measles_coverage_pct,97.0
2009-12-31,ITA,DTP3_coverage_pct,96.0
2009-12-31,ITA,HepB3_coverage_pct,96.0
2009-12-31,ITA,MCV1_measles_coverage_pct,90.0
2009-12-31,JAM,BCG_coverage_pct,94.0
2009-12-31,JAM,DTP3_coverage_pct,90.0
2009-12-31,JAM,HepB3_coverage_pct,90.0
2009-12-31,JAM,MCV1_measles_coverage_pct,88.0
2009-12-31,JOR,BCG_coverage_pct,95.0
2009-12-31,JOR,DTP3_coverage_pct,98.0
2009-12-31,JOR,HepB3_coverage_pct,98.0
2009-12-31,JOR,MCV1_measles_coverage_pct,95.0
2009-12-31,JPN,BCG_coverage_pct,94.0
2009-12-31,JPN,DTP3_coverage_pct,97.0
2009-12-31,JPN,HepB3_coverage_pct,0.0
2009-12-31,JPN,MCV1_measles_coverage_pct,94.0
2009-12-31,KAZ,BCG_coverage_pct,96.0
2009-12-31,KAZ,DTP3_coverage_pct,98.0
2009-12-31,KAZ,HepB3_coverage_pct,99.0
2009-12-31,KAZ,MCV1_measles_coverage_pct,99.0
2009-12-31,KEN,BCG_coverage_pct,99.0
2009-12-31,KEN,DTP3_coverage_pct,88.0
2009-12-31,KEN,HepB3_coverage_pct,88.0
2009-12-31,KEN,MCV1_measles_coverage_pct,88.0
2009-12-31,KGZ,BCG_coverage_pct,98.0
2009-12-31,KGZ,DTP3_coverage_pct,95.0
2009-12-31,KGZ,HepB3_coverage_pct,96.0
2009-12-31,KGZ,MCV1_measles_coverage_pct,99.0
2009-12-31,KHM,BCG_coverage_pct,96.0
2009-12-31,KHM,DTP3_coverage_pct,94.0
2009-12-31,KHM,HepB3_coverage_pct,92.0
2009-12-31,KHM,MCV1_measles_coverage_pct,92.0
2009-12-31,KIR,BCG_coverage_pct,76.0
2009-12-31,KIR,DTP3_coverage_pct,86.0
2009-12-31,KIR,HepB3_coverage_pct,86.0
2009-12-31,KIR,MCV1_measles_coverage_pct,82.0
2009-12-31,KNA,BCG_coverage_pct,93.0
2009-12-31,KNA,DTP3_coverage_pct,98.0
2009-12-31,KNA,HepB3_coverage_pct,97.0
2009-12-31,KNA,MCV1_measles_coverage_pct,99.0
2009-12-31,KOR,BCG_coverage_pct,96.0
2009-12-31,KOR,DTP3_coverage_pct,94.0
2009-12-31,KOR,HepB3_coverage_pct,94.0
2009-12-31,KOR,MCV1_measles_coverage_pct,93.0
2009-12-31,KWT,BCG_coverage_pct,99.0
2009-12-31,KWT,DTP3_coverage_pct,99.0
2009-12-31,KWT,HepB3_coverage_pct,99.0
2009-12-31,KWT,MCV1_measles_coverage_pct,99.0
2009-12-31,LAO,BCG_coverage_pct,67.0
2009-12-31,LAO,DTP3_coverage_pct,67.0
2009-12-31,LAO,HepB3_coverage_pct,67.0
2009-12-31,LAO,MCV1_measles_coverage_pct,59.0
2009-12-31,LBN,DTP3_coverage_pct,81.0
2009-12-31,LBN,HepB3_coverage_pct,81.0
2009-12-31,LBN,MCV1_measles_coverage_pct,88.0
2009-12-31,LBR,BCG_coverage_pct,87.0
2009-12-31,LBR,DTP3_coverage_pct,81.0
2009-12-31,LBR,HepB3_coverage_pct,81.0
2009-12-31,LBR,MCV1_measles_coverage_pct,83.0
2009-12-31,LBY,BCG_coverage_pct,99.0
2009-12-31,LBY,DTP3_coverage_pct,98.0
2009-12-31,LBY,HepB3_coverage_pct,98.0
2009-12-31,LBY,MCV1_measles_coverage_pct,98.0
2009-12-31,LCA,BCG_coverage_pct,97.0
2009-12-31,LCA,DTP3_coverage_pct,95.0
2009-12-31,LCA,HepB3_coverage_pct,95.0
2009-12-31,LCA,MCV1_measles_coverage_pct,99.0
2009-12-31,LKA,BCG_coverage_pct,99.0
2009-12-31,LKA,DTP3_coverage_pct,97.0
2009-12-31,LKA,HepB3_coverage_pct,97.0
2009-12-31,LKA,MCV1_measles_coverage_pct,97.0
2009-12-31,LSO,BCG_coverage_pct,92.0
2009-12-31,LSO,DTP3_coverage_pct,91.0
2009-12-31,LSO,HepB3_coverage_pct,91.0
2009-12-31,LSO,MCV1_measles_coverage_pct,84.0
2009-12-31,LTU,BCG_coverage_pct,99.0
2009-12-31,LTU,DTP3_coverage_pct,98.0
2009-12-31,LTU,HepB3_coverage_pct,95.0
2009-12-31,LTU,MCV1_measles_coverage_pct,96.0
2009-12-31,LUX,DTP3_coverage_pct,99.0
2009-12-31,LUX,HepB3_coverage_pct,95.0
2009-12-31,LUX,MCV1_measles_coverage_pct,96.0
2009-12-31,LVA,BCG_coverage_pct,96.0
2009-12-31,LVA,DTP3_coverage_pct,94.0
2009-12-31,LVA,HepB3_coverage_pct,92.0
2009-12-31,LVA,MCV1_measles_coverage_pct,92.0
2009-12-31,MAR,BCG_coverage_pct,99.0
2009-12-31,MAR,DTP3_coverage_pct,99.0
2009-12-31,MAR,HepB3_coverage_pct,98.0
2009-12-31,MAR,MCV1_measles_coverage_pct,98.0
2009-12-31,MCO,DTP3_coverage_pct,99.0
2009-12-31,MCO,HepB3_coverage_pct,99.0
2009-12-31,MCO,MCV1_measles_coverage_pct,92.0
2009-12-31,MDA,BCG_coverage_pct,96.0
2009-12-31,MDA,DTP3_coverage_pct,85.0
2009-12-31,MDA,HepB3_coverage_pct,89.0
2009-12-31,MDA,MCV1_measles_coverage_pct,90.0
2009-12-31,MDG,BCG_coverage_pct,78.0
2009-12-31,MDG,DTP3_coverage_pct,77.0
2009-12-31,MDG,HepB3_coverage_pct,77.0
2009-12-31,MDG,MCV1_measles_coverage_pct,63.0
2009-12-31,MDV,BCG_coverage_pct,99.0
2009-12-31,MDV,DTP3_coverage_pct,98.0
2009-12-31,MDV,HepB3_coverage_pct,98.0
2009-12-31,MDV,MCV1_measles_coverage_pct,98.0
2009-12-31,MEX,BCG_coverage_pct,99.0
2009-12-31,MEX,DTP3_coverage_pct,95.0
2009-12-31,MEX,HepB3_coverage_pct,95.0
2009-12-31,MEX,MCV1_measles_coverage_pct,96.0
2009-12-31,MHL,BCG_coverage_pct,98.0
2009-12-31,MHL,DTP3_coverage_pct,96.0
2009-12-31,MHL,HepB3_coverage_pct,99.0
2009-12-31,MHL,MCV1_measles_coverage_pct,78.0
2009-12-31,MKD,BCG_coverage_pct,98.0
2009-12-31,MKD,DTP3_coverage_pct,96.0
2009-12-31,MKD,HepB3_coverage_pct,95.0
2009-12-31,MKD,MCV1_measles_coverage_pct,96.0
2009-12-31,MLI,BCG_coverage_pct,84.0
2009-12-31,MLI,DTP3_coverage_pct,73.0
2009-12-31,MLI,HepB3_coverage_pct,71.0
2009-12-31,MLI,MCV1_measles_coverage_pct,73.0
2009-12-31,MLT,DTP3_coverage_pct,73.0
2009-12-31,MLT,HepB3_coverage_pct,86.0
2009-12-31,MLT,MCV1_measles_coverage_pct,82.0
2009-12-31,MMR,BCG_coverage_pct,93.0
2009-12-31,MMR,DTP3_coverage_pct,90.0
2009-12-31,MMR,HepB3_coverage_pct,91.0
2009-12-31,MMR,MCV1_measles_coverage_pct,87.0
2009-12-31,MNE,BCG_coverage_pct,95.0
2009-12-31,MNE,DTP3_coverage_pct,92.0
2009-12-31,MNE,HepB3_coverage_pct,87.0
2009-12-31,MNE,MCV1_measles_coverage_pct,86.0
2009-12-31,MNG,BCG_coverage_pct,98.0
2009-12-31,MNG,DTP3_coverage_pct,95.0
2009-12-31,MNG,HepB3_coverage_pct,97.0
2009-12-31,MNG,MCV1_measles_coverage_pct,94.0
2009-12-31,MOZ,BCG_coverage_pct,90.0
2009-12-31,MOZ,DTP3_coverage_pct,74.0
2009-12-31,MOZ,HepB3_coverage_pct,74.0
2009-12-31,MOZ,MCV1_measles_coverage_pct,80.0
2009-12-31,MRT,BCG_coverage_pct,81.0
2009-12-31,MRT,DTP3_coverage_pct,64.0
2009-12-31,MRT,HepB3_coverage_pct,64.0
2009-12-31,MRT,MCV1_measles_coverage_pct,59.0
2009-12-31,MUS,BCG_coverage_pct,95.0
2009-12-31,MUS,DTP3_coverage_pct,99.0
2009-12-31,MUS,HepB3_coverage_pct,99.0
2009-12-31,MUS,MCV1_measles_coverage_pct,99.0
2009-12-31,MWI,BCG_coverage_pct,95.0
2009-12-31,MWI,DTP3_coverage_pct,93.0
2009-12-31,MWI,HepB3_coverage_pct,93.0
2009-12-31,MWI,MCV1_measles_coverage_pct,92.0
2009-12-31,MYS,BCG_coverage_pct,99.0
2009-12-31,MYS,DTP3_coverage_pct,97.0
2009-12-31,MYS,HepB3_coverage_pct,96.0
2009-12-31,MYS,MCV1_measles_coverage_pct,95.0
2009-12-31,NAM,BCG_coverage_pct,85.0
2009-12-31,NAM,DTP3_coverage_pct,83.0
2009-12-31,NAM,HepB3_coverage_pct,0.0
2009-12-31,NAM,MCV1_measles_coverage_pct,76.0
2009-12-31,NER,BCG_coverage_pct,86.0
2009-12-31,NER,DTP3_coverage_pct,71.0
2009-12-31,NER,HepB3_coverage_pct,71.0
2009-12-31,NER,MCV1_measles_coverage_pct,69.0
2009-12-31,NGA,BCG_coverage_pct,76.0
2009-12-31,NGA,DTP3_coverage_pct,63.0
2009-12-31,NGA,HepB3_coverage_pct,63.0
2009-12-31,NGA,MCV1_measles_coverage_pct,64.0
2009-12-31,NIC,BCG_coverage_pct,99.0
2009-12-31,NIC,DTP3_coverage_pct,98.0
2009-12-31,NIC,HepB3_coverage_pct,98.0
2009-12-31,NIC,MCV1_measles_coverage_pct,99.0
2009-12-31,NIU,BCG_coverage_pct,99.0
2009-12-31,NIU,DTP3_coverage_pct,99.0
2009-12-31,NIU,HepB3_coverage_pct,99.0
2009-12-31,NIU,MCV1_measles_coverage_pct,99.0
2009-12-31,NLD,DTP3_coverage_pct,97.0
2009-12-31,NLD,HepB3_coverage_pct,0.0
2009-12-31,NLD,MCV1_measles_coverage_pct,96.0
2009-12-31,NOR,DTP3_coverage_pct,94.0
2009-12-31,NOR,HepB3_coverage_pct,0.0
2009-12-31,NOR,MCV1_measles_coverage_pct,93.0
2009-12-31,NPL,BCG_coverage_pct,94.0
2009-12-31,NPL,DTP3_coverage_pct,95.0
2009-12-31,NPL,HepB3_coverage_pct,89.0
2009-12-31,NPL,MCV1_measles_coverage_pct,90.0
2009-12-31,NRU,BCG_coverage_pct,99.0
2009-12-31,NRU,DTP3_coverage_pct,99.0
2009-12-31,NRU,HepB3_coverage_pct,99.0
2009-12-31,NRU,MCV1_measles_coverage_pct,99.0
2009-12-31,NZL,DTP3_coverage_pct,92.0
2009-12-31,NZL,HepB3_coverage_pct,93.0
2009-12-31,NZL,MCV1_measles_coverage_pct,89.0
2009-12-31,OMN,BCG_coverage_pct,99.0
2009-12-31,OMN,DTP3_coverage_pct,98.0
2009-12-31,OMN,HepB3_coverage_pct,98.0
2009-12-31,OMN,MCV1_measles_coverage_pct,99.0
2009-12-31,PAK,BCG_coverage_pct,74.0
2009-12-31,PAK,DTP3_coverage_pct,52.0
2009-12-31,PAK,HepB3_coverage_pct,52.0
2009-12-31,PAK,MCV1_measles_coverage_pct,56.0
2009-12-31,PAN,BCG_coverage_pct,99.0
2009-12-31,PAN,DTP3_coverage_pct,85.0
2009-12-31,PAN,HepB3_coverage_pct,85.0
2009-12-31,PAN,MCV1_measles_coverage_pct,96.0
2009-12-31,PER,BCG_coverage_pct,97.0
2009-12-31,PER,DTP3_coverage_pct,93.0
2009-12-31,PER,HepB3_coverage_pct,93.0
2009-12-31,PER,MCV1_measles_coverage_pct,91.0
2009-12-31,PHL,BCG_coverage_pct,92.0
2009-12-31,PHL,DTP3_coverage_pct,88.0
2009-12-31,PHL,HepB3_coverage_pct,88.0
2009-12-31,PHL,MCV1_measles_coverage_pct,89.0
2009-12-31,PLW,DTP3_coverage_pct,49.0
2009-12-31,PLW,HepB3_coverage_pct,69.0
2009-12-31,PLW,MCV1_measles_coverage_pct,75.0
2009-12-31,PNG,BCG_coverage_pct,89.0
2009-12-31,PNG,DTP3_coverage_pct,64.0
2009-12-31,PNG,HepB3_coverage_pct,64.0
2009-12-31,PNG,MCV1_measles_coverage_pct,65.0
2009-12-31,POL,BCG_coverage_pct,94.0
2009-12-31,POL,DTP3_coverage_pct,99.0
2009-12-31,POL,HepB3_coverage_pct,98.0
2009-12-31,POL,MCV1_measles_coverage_pct,98.0
2009-12-31,PRK,BCG_coverage_pct,98.0
2009-12-31,PRK,DTP3_coverage_pct,93.0
2009-12-31,PRK,HepB3_coverage_pct,93.0
2009-12-31,PRK,MCV1_measles_coverage_pct,98.0
2009-12-31,PRT,BCG_coverage_pct,98.0
2009-12-31,PRT,DTP3_coverage_pct,96.0
2009-12-31,PRT,HepB3_coverage_pct,96.0
2009-12-31,PRT,MCV1_measles_coverage_pct,95.0
2009-12-31,PRY,BCG_coverage_pct,91.0
2009-12-31,PRY,DTP3_coverage_pct,86.0
2009-12-31,PRY,HepB3_coverage_pct,85.0
2009-12-31,PRY,MCV1_measles_coverage_pct,91.0
2009-12-31,PSE,BCG_coverage_pct,99.0
2009-12-31,PSE,DTP3_coverage_pct,97.0
2009-12-31,PSE,HepB3_coverage_pct,97.0
2009-12-31,PSE,MCV1_measles_coverage_pct,97.0
2009-12-31,QAT,BCG_coverage_pct,98.0
2009-12-31,QAT,DTP3_coverage_pct,99.0
2009-12-31,QAT,HepB3_coverage_pct,99.0
2009-12-31,QAT,MCV1_measles_coverage_pct,99.0
2009-12-31,ROU,BCG_coverage_pct,99.0
2009-12-31,ROU,DTP3_coverage_pct,95.0
2009-12-31,ROU,HepB3_coverage_pct,95.0
2009-12-31,ROU,MCV1_measles_coverage_pct,96.0
2009-12-31,RUS,BCG_coverage_pct,96.0
2009-12-31,RUS,DTP3_coverage_pct,98.0
2009-12-31,RUS,HepB3_coverage_pct,98.0
2009-12-31,RUS,MCV1_measles_coverage_pct,98.0
2009-12-31,RWA,BCG_coverage_pct,99.0
2009-12-31,RWA,DTP3_coverage_pct,97.0
2009-12-31,RWA,HepB3_coverage_pct,97.0
2009-12-31,RWA,MCV1_measles_coverage_pct,95.0
2009-12-31,SAU,BCG_coverage_pct,98.0
2009-12-31,SAU,DTP3_coverage_pct,98.0
2009-12-31,SAU,HepB3_coverage_pct,98.0
2009-12-31,SAU,MCV1_measles_coverage_pct,98.0
2009-12-31,SDN,BCG_coverage_pct,82.0
2009-12-31,SDN,DTP3_coverage_pct,81.0
2009-12-31,SDN,HepB3_coverage_pct,72.0
2009-12-31,SDN,MCV1_measles_coverage_pct,82.0
2009-12-31,SEN,BCG_coverage_pct,97.0
2009-12-31,SEN,DTP3_coverage_pct,86.0
2009-12-31,SEN,HepB3_coverage_pct,86.0
2009-12-31,SEN,MCV1_measles_coverage_pct,79.0
2009-12-31,SGP,BCG_coverage_pct,99.0
2009-12-31,SGP,DTP3_coverage_pct,97.0
2009-12-31,SGP,HepB3_coverage_pct,96.0
2009-12-31,SGP,MCV1_measles_coverage_pct,95.0
2009-12-31,SLB,BCG_coverage_pct,92.0
2009-12-31,SLB,DTP3_coverage_pct,86.0
2009-12-31,SLB,HepB3_coverage_pct,91.0
2009-12-31,SLB,MCV1_measles_coverage_pct,69.0
2009-12-31,SLE,BCG_coverage_pct,96.0
2009-12-31,SLE,DTP3_coverage_pct,84.0
2009-12-31,SLE,HepB3_coverage_pct,84.0
2009-12-31,SLE,MCV1_measles_coverage_pct,80.0
2009-12-31,SLV,BCG_coverage_pct,99.0
2009-12-31,SLV,DTP3_coverage_pct,91.0
2009-12-31,SLV,HepB3_coverage_pct,91.0
2009-12-31,SLV,MCV1_measles_coverage_pct,91.0
2009-12-31,SMR,DTP3_coverage_pct,90.0
2009-12-31,SMR,HepB3_coverage_pct,89.0
2009-12-31,SMR,MCV1_measles_coverage_pct,88.0
2009-12-31,SOM,BCG_coverage_pct,29.0
2009-12-31,SOM,DTP3_coverage_pct,42.0
2009-12-31,SOM,HepB3_coverage_pct,0.0
2009-12-31,SOM,MCV1_measles_coverage_pct,43.0
2009-12-31,SRB,BCG_coverage_pct,98.0
2009-12-31,SRB,DTP3_coverage_pct,95.0
2009-12-31,SRB,HepB3_coverage_pct,93.0
2009-12-31,SRB,MCV1_measles_coverage_pct,95.0
2009-12-31,STP,BCG_coverage_pct,99.0
2009-12-31,STP,DTP3_coverage_pct,98.0
2009-12-31,STP,HepB3_coverage_pct,98.0
2009-12-31,STP,MCV1_measles_coverage_pct,90.0
2009-12-31,SUR,DTP3_coverage_pct,87.0
2009-12-31,SUR,HepB3_coverage_pct,87.0
2009-12-31,SUR,MCV1_measles_coverage_pct,88.0
2009-12-31,SVK,BCG_coverage_pct,97.0
2009-12-31,SVK,DTP3_coverage_pct,99.0
2009-12-31,SVK,HepB3_coverage_pct,99.0
2009-12-31,SVK,MCV1_measles_coverage_pct,99.0
2009-12-31,SVN,DTP3_coverage_pct,96.0
2009-12-31,SVN,HepB3_coverage_pct,0.0
2009-12-31,SVN,MCV1_measles_coverage_pct,95.0
2009-12-31,SWE,BCG_coverage_pct,21.0
2009-12-31,SWE,DTP3_coverage_pct,98.0
2009-12-31,SWE,HepB3_coverage_pct,0.0
2009-12-31,SWE,MCV1_measles_coverage_pct,97.0
2009-12-31,SWZ,BCG_coverage_pct,97.0
2009-12-31,SWZ,DTP3_coverage_pct,88.0
2009-12-31,SWZ,HepB3_coverage_pct,88.0
2009-12-31,SWZ,MCV1_measles_coverage_pct,94.0
2009-12-31,SYC,BCG_coverage_pct,96.0
2009-12-31,SYC,DTP3_coverage_pct,99.0
2009-12-31,SYC,HepB3_coverage_pct,98.0
2009-12-31,SYC,MCV1_measles_coverage_pct,97.0
2009-12-31,SYR,BCG_coverage_pct,95.0
2009-12-31,SYR,DTP3_coverage_pct,81.0
2009-12-31,SYR,HepB3_coverage_pct,84.0
2009-12-31,SYR,MCV1_measles_coverage_pct,82.0
2009-12-31,TCD,BCG_coverage_pct,47.0
2009-12-31,TCD,DTP3_coverage_pct,26.0
2009-12-31,TCD,HepB3_coverage_pct,24.0
2009-12-31,TCD,MCV1_measles_coverage_pct,36.0
2009-12-31,TGO,BCG_coverage_pct,91.0
2009-12-31,TGO,DTP3_coverage_pct,78.0
2009-12-31,TGO,HepB3_coverage_pct,78.0
2009-12-31,TGO,MCV1_measles_coverage_pct,66.0
2009-12-31,THA,BCG_coverage_pct,99.0
2009-12-31,THA,DTP3_coverage_pct,99.0
2009-12-31,THA,HepB3_coverage_pct,98.0
2009-12-31,THA,MCV1_measles_coverage_pct,98.0
2009-12-31,TJK,BCG_coverage_pct,81.0
2009-12-31,TJK,DTP3_coverage_pct,91.0
2009-12-31,TJK,HepB3_coverage_pct,92.0
2009-12-31,TJK,MCV1_measles_coverage_pct,87.0
2009-12-31,TKM,BCG_coverage_pct,99.0
2009-12-31,TKM,DTP3_coverage_pct,96.0
2009-12-31,TKM,HepB3_coverage_pct,97.0
2009-12-31,TKM,MCV1_measles_coverage_pct,99.0
2009-12-31,TLS,BCG_coverage_pct,74.0
2009-12-31,TLS,DTP3_coverage_pct,72.0
2009-12-31,TLS,HepB3_coverage_pct,72.0
2009-12-31,TLS,MCV1_measles_coverage_pct,70.0
2009-12-31,TON,BCG_coverage_pct,99.0
2009-12-31,TON,DTP3_coverage_pct,99.0
2009-12-31,TON,HepB3_coverage_pct,99.0
2009-12-31,TON,MCV1_measles_coverage_pct,99.0
2009-12-31,TTO,DTP3_coverage_pct,90.0
2009-12-31,TTO,HepB3_coverage_pct,90.0
2009-12-31,TTO,MCV1_measles_coverage_pct,94.0
2009-12-31,TUN,BCG_coverage_pct,98.0
2009-12-31,TUN,DTP3_coverage_pct,99.0
2009-12-31,TUN,HepB3_coverage_pct,99.0
2009-12-31,TUN,MCV1_measles_coverage_pct,98.0
2009-12-31,TUR,BCG_coverage_pct,96.0
2009-12-31,TUR,DTP3_coverage_pct,96.0
2009-12-31,TUR,HepB3_coverage_pct,94.0
2009-12-31,TUR,MCV1_measles_coverage_pct,97.0
2009-12-31,TUV,BCG_coverage_pct,99.0
2009-12-31,TUV,DTP3_coverage_pct,88.0
2009-12-31,TUV,HepB3_coverage_pct,91.0
2009-12-31,TUV,MCV1_measles_coverage_pct,90.0
2009-12-31,TZA,BCG_coverage_pct,93.0
2009-12-31,TZA,DTP3_coverage_pct,85.0
2009-12-31,TZA,HepB3_coverage_pct,85.0
2009-12-31,TZA,MCV1_measles_coverage_pct,91.0
2009-12-31,UGA,BCG_coverage_pct,90.0
2009-12-31,UGA,DTP3_coverage_pct,79.0
2009-12-31,UGA,HepB3_coverage_pct,79.0
2009-12-31,UGA,MCV1_measles_coverage_pct,77.0
2009-12-31,UKR,BCG_coverage_pct,94.0
2009-12-31,UKR,DTP3_coverage_pct,71.0
2009-12-31,UKR,HepB3_coverage_pct,66.0
2009-12-31,UKR,MCV1_measles_coverage_pct,75.0
2009-12-31,URY,BCG_coverage_pct,99.0
2009-12-31,URY,DTP3_coverage_pct,95.0
2009-12-31,URY,HepB3_coverage_pct,95.0
2009-12-31,URY,MCV1_measles_coverage_pct,94.0
2009-12-31,USA,DTP3_coverage_pct,95.0
2009-12-31,USA,HepB3_coverage_pct,92.0
2009-12-31,USA,MCV1_measles_coverage_pct,90.0
2009-12-31,UZB,BCG_coverage_pct,99.0
2009-12-31,UZB,DTP3_coverage_pct,98.0
2009-12-31,UZB,HepB3_coverage_pct,98.0
2009-12-31,UZB,MCV1_measles_coverage_pct,95.0
2009-12-31,VCT,BCG_coverage_pct,80.0
2009-12-31,VCT,DTP3_coverage_pct,99.0
2009-12-31,VCT,HepB3_coverage_pct,99.0
2009-12-31,VCT,MCV1_measles_coverage_pct,99.0
2009-12-31,VEN,BCG_coverage_pct,91.0
2009-12-31,VEN,DTP3_coverage_pct,84.0
2009-12-31,VEN,HepB3_coverage_pct,84.0
2009-12-31,VEN,MCV1_measles_coverage_pct,87.0
2009-12-31,VNM,BCG_coverage_pct,97.0
2009-12-31,VNM,DTP3_coverage_pct,96.0
2009-12-31,VNM,HepB3_coverage_pct,94.0
2009-12-31,VNM,MCV1_measles_coverage_pct,97.0
2009-12-31,VUT,BCG_coverage_pct,86.0
2009-12-31,VUT,DTP3_coverage_pct,75.0
2009-12-31,VUT,HepB3_coverage_pct,70.0
2009-12-31,VUT,MCV1_measles_coverage_pct,65.0
2009-12-31,WSM,BCG_coverage_pct,92.0
2009-12-31,WSM,DTP3_coverage_pct,64.0
2009-12-31,WSM,HepB3_coverage_pct,58.0
2009-12-31,WSM,MCV1_measles_coverage_pct,45.0
2009-12-31,YEM,BCG_coverage_pct,58.0
2009-12-31,YEM,DTP3_coverage_pct,76.0
2009-12-31,YEM,HepB3_coverage_pct,76.0
2009-12-31,YEM,MCV1_measles_coverage_pct,65.0
2009-12-31,ZAF,BCG_coverage_pct,82.0
2009-12-31,ZAF,DTP3_coverage_pct,81.0
2009-12-31,ZAF,HepB3_coverage_pct,74.0
2009-12-31,ZAF,MCV1_measles_coverage_pct,77.0
2009-12-31,ZMB,BCG_coverage_pct,92.0
2009-12-31,ZMB,DTP3_coverage_pct,94.0
2009-12-31,ZMB,HepB3_coverage_pct,94.0
2009-12-31,ZMB,MCV1_measles_coverage_pct,90.0
2009-12-31,ZWE,BCG_coverage_pct,90.0
2009-12-31,ZWE,DTP3_coverage_pct,73.0
2009-12-31,ZWE,HepB3_coverage_pct,73.0
2009-12-31,ZWE,MCV1_measles_coverage_pct,76.0
2010-12-31,AFG,BCG_coverage_pct,68.0
2010-12-31,AFG,DTP3_coverage_pct,66.0
2010-12-31,AFG,HepB3_coverage_pct,66.0
2010-12-31,AFG,MCV1_measles_coverage_pct,62.0
2010-12-31,AGO,BCG_coverage_pct,73.0
2010-12-31,AGO,DTP3_coverage_pct,49.0
2010-12-31,AGO,HepB3_coverage_pct,49.0
2010-12-31,AGO,MCV1_measles_coverage_pct,59.0
2010-12-31,ALB,BCG_coverage_pct,99.0
2010-12-31,ALB,DTP3_coverage_pct,99.0
2010-12-31,ALB,HepB3_coverage_pct,99.0
2010-12-31,ALB,MCV1_measles_coverage_pct,99.0
2010-12-31,AND,DTP3_coverage_pct,99.0
2010-12-31,AND,HepB3_coverage_pct,96.0
2010-12-31,AND,MCV1_measles_coverage_pct,99.0
2010-12-31,ARE,BCG_coverage_pct,98.0
2010-12-31,ARE,DTP3_coverage_pct,94.0
2010-12-31,ARE,HepB3_coverage_pct,94.0
2010-12-31,ARE,MCV1_measles_coverage_pct,94.0
2010-12-31,ARG,BCG_coverage_pct,99.0
2010-12-31,ARG,DTP3_coverage_pct,94.0
2010-12-31,ARG,HepB3_coverage_pct,94.0
2010-12-31,ARG,MCV1_measles_coverage_pct,95.0
2010-12-31,ARM,BCG_coverage_pct,95.0
2010-12-31,ARM,DTP3_coverage_pct,94.0
2010-12-31,ARM,HepB3_coverage_pct,94.0
2010-12-31,ARM,MCV1_measles_coverage_pct,97.0
2010-12-31,ATG,DTP3_coverage_pct,98.0
2010-12-31,ATG,HepB3_coverage_pct,98.0
2010-12-31,ATG,MCV1_measles_coverage_pct,98.0
2010-12-31,AUS,DTP3_coverage_pct,92.0
2010-12-31,AUS,HepB3_coverage_pct,92.0
2010-12-31,AUS,MCV1_measles_coverage_pct,94.0
2010-12-31,AUT,DTP3_coverage_pct,85.0
2010-12-31,AUT,HepB3_coverage_pct,85.0
2010-12-31,AUT,MCV1_measles_coverage_pct,78.0
2010-12-31,AZE,BCG_coverage_pct,98.0
2010-12-31,AZE,DTP3_coverage_pct,81.0
2010-12-31,AZE,HepB3_coverage_pct,80.0
2010-12-31,AZE,MCV1_measles_coverage_pct,89.0
2010-12-31,BDI,BCG_coverage_pct,93.0
2010-12-31,BDI,DTP3_coverage_pct,96.0
2010-12-31,BDI,HepB3_coverage_pct,96.0
2010-12-31,BDI,MCV1_measles_coverage_pct,92.0
2010-12-31,BEL,DTP3_coverage_pct,98.0
2010-12-31,BEL,HepB3_coverage_pct,97.0
2010-12-31,BEL,MCV1_measles_coverage_pct,95.0
2010-12-31,BEN,BCG_coverage_pct,90.0
2010-12-31,BEN,DTP3_coverage_pct,76.0
2010-12-31,BEN,HepB3_coverage_pct,76.0
2010-12-31,BEN,MCV1_measles_coverage_pct,68.0
2010-12-31,BFA,BCG_coverage_pct,99.0
2010-12-31,BFA,DTP3_coverage_pct,91.0
2010-12-31,BFA,HepB3_coverage_pct,91.0
2010-12-31,BFA,MCV1_measles_coverage_pct,92.0
2010-12-31,BGD,BCG_coverage_pct,98.0
2010-12-31,BGD,DTP3_coverage_pct,94.0
2010-12-31,BGD,HepB3_coverage_pct,94.0
2010-12-31,BGD,MCV1_measles_coverage_pct,88.0
2010-12-31,BGR,BCG_coverage_pct,98.0
2010-12-31,BGR,DTP3_coverage_pct,94.0
2010-12-31,BGR,HepB3_coverage_pct,95.0
2010-12-31,BGR,MCV1_measles_coverage_pct,97.0
2010-12-31,BHR,DTP3_coverage_pct,99.0
2010-12-31,BHR,HepB3_coverage_pct,99.0
2010-12-31,BHR,MCV1_measles_coverage_pct,99.0
2010-12-31,BHS,DTP3_coverage_pct,99.0
2010-12-31,BHS,HepB3_coverage_pct,98.0
2010-12-31,BHS,MCV1_measles_coverage_pct,94.0
2010-12-31,BIH,BCG_coverage_pct,96.0
2010-12-31,BIH,DTP3_coverage_pct,89.0
2010-12-31,BIH,HepB3_coverage_pct,89.0
2010-12-31,BIH,MCV1_measles_coverage_pct,91.0
2010-12-31,BLR,BCG_coverage_pct,99.0
2010-12-31,BLR,DTP3_coverage_pct,98.0
2010-12-31,BLR,HepB3_coverage_pct,96.0
2010-12-31,BLR,MCV1_measles_coverage_pct,99.0
2010-12-31,BLZ,BCG_coverage_pct,98.0
2010-12-31,BLZ,DTP3_coverage_pct,96.0
2010-12-31,BLZ,HepB3_coverage_pct,96.0
2010-12-31,BLZ,MCV1_measles_coverage_pct,98.0
2010-12-31,BOL,BCG_coverage_pct,98.0
2010-12-31,BOL,DTP3_coverage_pct,91.0
2010-12-31,BOL,HepB3_coverage_pct,91.0
2010-12-31,BOL,MCV1_measles_coverage_pct,88.0
2010-12-31,BRA,BCG_coverage_pct,99.0
2010-12-31,BRA,DTP3_coverage_pct,99.0
2010-12-31,BRA,HepB3_coverage_pct,96.0
2010-12-31,BRA,MCV1_measles_coverage_pct,99.0
2010-12-31,BRB,DTP3_coverage_pct,86.0
2010-12-31,BRB,HepB3_coverage_pct,86.0
2010-12-31,BRB,MCV1_measles_coverage_pct,85.0
2010-12-31,BRN,BCG_coverage_pct,95.0
2010-12-31,BRN,DTP3_coverage_pct,95.0
2010-12-31,BRN,HepB3_coverage_pct,96.0
2010-12-31,BRN,MCV1_measles_coverage_pct,94.0
2010-12-31,BTN,BCG_coverage_pct,96.0
2010-12-31,BTN,DTP3_coverage_pct,91.0
2010-12-31,BTN,HepB3_coverage_pct,91.0
2010-12-31,BTN,MCV1_measles_coverage_pct,95.0
2010-12-31,BWA,BCG_coverage_pct,98.0
2010-12-31,BWA,DTP3_coverage_pct,95.0
2010-12-31,BWA,HepB3_coverage_pct,95.0
2010-12-31,BWA,MCV1_measles_coverage_pct,96.0
2010-12-31,CAF,BCG_coverage_pct,74.0
2010-12-31,CAF,DTP3_coverage_pct,45.0
2010-12-31,CAF,HepB3_coverage_pct,45.0
2010-12-31,CAF,MCV1_measles_coverage_pct,53.0
2010-12-31,CAN,DTP3_coverage_pct,89.0
2010-12-31,CAN,HepB3_coverage_pct,56.0
2010-12-31,CAN,MCV1_measles_coverage_pct,90.0
2010-12-31,CHE,DTP3_coverage_pct,95.0
2010-12-31,CHE,HepB3_coverage_pct,0.0
2010-12-31,CHE,MCV1_measles_coverage_pct,92.0
2010-12-31,CHL,BCG_coverage_pct,95.0
2010-12-31,CHL,DTP3_coverage_pct,92.0
2010-12-31,CHL,HepB3_coverage_pct,92.0
2010-12-31,CHL,MCV1_measles_coverage_pct,93.0
2010-12-31,CHN,BCG_coverage_pct,99.0
2010-12-31,CHN,DTP3_coverage_pct,99.0
2010-12-31,CHN,HepB3_coverage_pct,99.0
2010-12-31,CHN,MCV1_measles_coverage_pct,99.0
2010-12-31,CIV,BCG_coverage_pct,79.0
2010-12-31,CIV,DTP3_coverage_pct,78.0
2010-12-31,CIV,HepB3_coverage_pct,79.0
2010-12-31,CIV,MCV1_measles_coverage_pct,64.0
2010-12-31,CMR,BCG_coverage_pct,83.0
2010-12-31,CMR,DTP3_coverage_pct,84.0
2010-12-31,CMR,HepB3_coverage_pct,84.0
2010-12-31,CMR,MCV1_measles_coverage_pct,79.0
2010-12-31,COD,BCG_coverage_pct,83.0
2010-12-31,COD,DTP3_coverage_pct,60.0
2010-12-31,COD,HepB3_coverage_pct,60.0
2010-12-31,COD,MCV1_measles_coverage_pct,66.0
2010-12-31,COG,BCG_coverage_pct,95.0
2010-12-31,COG,DTP3_coverage_pct,76.0
2010-12-31,COG,HepB3_coverage_pct,74.0
2010-12-31,COG,MCV1_measles_coverage_pct,75.0
2010-12-31,COK,BCG_coverage_pct,99.0
2010-12-31,COK,DTP3_coverage_pct,99.0
2010-12-31,COK,HepB3_coverage_pct,99.0
2010-12-31,COK,MCV1_measles_coverage_pct,99.0
2010-12-31,COL,BCG_coverage_pct,84.0
2010-12-31,COL,DTP3_coverage_pct,88.0
2010-12-31,COL,HepB3_coverage_pct,88.0
2010-12-31,COL,MCV1_measles_coverage_pct,88.0
2010-12-31,COM,BCG_coverage_pct,76.0
2010-12-31,COM,DTP3_coverage_pct,74.0
2010-12-31,COM,HepB3_coverage_pct,74.0
2010-12-31,COM,MCV1_measles_coverage_pct,72.0
2010-12-31,CPV,BCG_coverage_pct,99.0
2010-12-31,CPV,DTP3_coverage_pct,99.0
2010-12-31,CPV,HepB3_coverage_pct,98.0
2010-12-31,CPV,MCV1_measles_coverage_pct,97.0
2010-12-31,CRI,BCG_coverage_pct,88.0
2010-12-31,CRI,DTP3_coverage_pct,88.0
2010-12-31,CRI,HepB3_coverage_pct,89.0
2010-12-31,CRI,MCV1_measles_coverage_pct,83.0
2010-12-31,CUB,BCG_coverage_pct,99.0
2010-12-31,CUB,DTP3_coverage_pct,96.0
2010-12-31,CUB,HepB3_coverage_pct,96.0
2010-12-31,CUB,MCV1_measles_coverage_pct,99.0
2010-12-31,CYP,DTP3_coverage_pct,99.0
2010-12-31,CYP,HepB3_coverage_pct,96.0
2010-12-31,CYP,MCV1_measles_coverage_pct,87.0
2010-12-31,CZE,DTP3_coverage_pct,99.0
2010-12-31,CZE,HepB3_coverage_pct,99.0
2010-12-31,CZE,MCV1_measles_coverage_pct,98.0
2010-12-31,DEU,DTP3_coverage_pct,96.0
2010-12-31,DEU,HepB3_coverage_pct,88.0
2010-12-31,DEU,MCV1_measles_coverage_pct,97.0
2010-12-31,DJI,BCG_coverage_pct,90.0
2010-12-31,DJI,DTP3_coverage_pct,88.0
2010-12-31,DJI,HepB3_coverage_pct,88.0
2010-12-31,DJI,MCV1_measles_coverage_pct,85.0
2010-12-31,DMA,BCG_coverage_pct,99.0
2010-12-31,DMA,DTP3_coverage_pct,98.0
2010-12-31,DMA,HepB3_coverage_pct,98.0
2010-12-31,DMA,MCV1_measles_coverage_pct,99.0
2010-12-31,DNK,DTP3_coverage_pct,90.0
2010-12-31,DNK,HepB3_coverage_pct,0.0
2010-12-31,DNK,MCV1_measles_coverage_pct,85.0
2010-12-31,DOM,BCG_coverage_pct,98.0
2010-12-31,DOM,DTP3_coverage_pct,88.0
2010-12-31,DOM,HepB3_coverage_pct,83.0
2010-12-31,DOM,MCV1_measles_coverage_pct,85.0
2010-12-31,DZA,BCG_coverage_pct,99.0
2010-12-31,DZA,DTP3_coverage_pct,95.0
2010-12-31,DZA,HepB3_coverage_pct,95.0
2010-12-31,DZA,MCV1_measles_coverage_pct,95.0
2010-12-31,ECU,BCG_coverage_pct,98.0
2010-12-31,ECU,DTP3_coverage_pct,91.0
2010-12-31,ECU,HepB3_coverage_pct,90.0
2010-12-31,ECU,MCV1_measles_coverage_pct,95.0
2010-12-31,EGY,BCG_coverage_pct,98.0
2010-12-31,EGY,DTP3_coverage_pct,97.0
2010-12-31,EGY,HepB3_coverage_pct,97.0
2010-12-31,EGY,MCV1_measles_coverage_pct,96.0
2010-12-31,ERI,BCG_coverage_pct,96.0
2010-12-31,ERI,DTP3_coverage_pct,95.0
2010-12-31,ERI,HepB3_coverage_pct,95.0
2010-12-31,ERI,MCV1_measles_coverage_pct,95.0
2010-12-31,ESP,DTP3_coverage_pct,97.0
2010-12-31,ESP,HepB3_coverage_pct,97.0
2010-12-31,ESP,MCV1_measles_coverage_pct,95.0
2010-12-31,EST,BCG_coverage_pct,97.0
2010-12-31,EST,DTP3_coverage_pct,94.0
2010-12-31,EST,HepB3_coverage_pct,94.0
2010-12-31,EST,MCV1_measles_coverage_pct,95.0
2010-12-31,ETH,BCG_coverage_pct,72.0
2010-12-31,ETH,DTP3_coverage_pct,61.0
2010-12-31,ETH,HepB3_coverage_pct,61.0
2010-12-31,ETH,MCV1_measles_coverage_pct,64.0
2010-12-31,FIN,DTP3_coverage_pct,99.0
2010-12-31,FIN,HepB3_coverage_pct,0.0
2010-12-31,FIN,MCV1_measles_coverage_pct,98.0
2010-12-31,FJI,BCG_coverage_pct,99.0
2010-12-31,FJI,DTP3_coverage_pct,99.0
2010-12-31,FJI,HepB3_coverage_pct,98.0
2010-12-31,FJI,MCV1_measles_coverage_pct,96.0
2010-12-31,FRA,DTP3_coverage_pct,99.0
2010-12-31,FRA,HepB3_coverage_pct,64.0
2010-12-31,FRA,MCV1_measles_coverage_pct,89.0
2010-12-31,FSM,BCG_coverage_pct,70.0
2010-12-31,FSM,DTP3_coverage_pct,85.0
2010-12-31,FSM,HepB3_coverage_pct,88.0
2010-12-31,FSM,MCV1_measles_coverage_pct,80.0
2010-12-31,GAB,BCG_coverage_pct,94.0
2010-12-31,GAB,DTP3_coverage_pct,67.0
2010-12-31,GAB,HepB3_coverage_pct,67.0
2010-12-31,GAB,MCV1_measles_coverage_pct,62.0
2010-12-31,GBR,DTP3_coverage_pct,94.0
2010-12-31,GBR,HepB3_coverage_pct,0.0
2010-12-31,GBR,MCV1_measles_coverage_pct,89.0
2010-12-31,GEO,BCG_coverage_pct,96.0
2010-12-31,GEO,DTP3_coverage_pct,92.0
2010-12-31,GEO,HepB3_coverage_pct,95.0
2010-12-31,GEO,MCV1_measles_coverage_pct,94.0
2010-12-31,GHA,BCG_coverage_pct,99.0
2010-12-31,GHA,DTP3_coverage_pct,94.0
2010-12-31,GHA,HepB3_coverage_pct,94.0
2010-12-31,GHA,MCV1_measles_coverage_pct,93.0
2010-12-31,GIN,BCG_coverage_pct,93.0
2010-12-31,GIN,DTP3_coverage_pct,64.0
2010-12-31,GIN,HepB3_coverage_pct,64.0
2010-12-31,GIN,MCV1_measles_coverage_pct,58.0
2010-12-31,GMB,BCG_coverage_pct,92.0
2010-12-31,GMB,DTP3_coverage_pct,97.0
2010-12-31,GMB,HepB3_coverage_pct,97.0
2010-12-31,GMB,MCV1_measles_coverage_pct,92.0
2010-12-31,GNB,BCG_coverage_pct,93.0
2010-12-31,GNB,DTP3_coverage_pct,83.0
2010-12-31,GNB,HepB3_coverage_pct,82.0
2010-12-31,GNB,MCV1_measles_coverage_pct,76.0
2010-12-31,GNQ,BCG_coverage_pct,71.0
2010-12-31,GNQ,DTP3_coverage_pct,54.0
2010-12-31,GNQ,HepB3_coverage_pct,0.0
2010-12-31,GNQ,MCV1_measles_coverage_pct,44.0
2010-12-31,GRC,DTP3_coverage_pct,99.0
2010-12-31,GRC,HepB3_coverage_pct,95.0
2010-12-31,GRC,MCV1_measles_coverage_pct,99.0
2010-12-31,GRD,DTP3_coverage_pct,97.0
2010-12-31,GRD,HepB3_coverage_pct,97.0
2010-12-31,GRD,MCV1_measles_coverage_pct,95.0
2010-12-31,GTM,BCG_coverage_pct,99.0
2010-12-31,GTM,DTP3_coverage_pct,94.0
2010-12-31,GTM,HepB3_coverage_pct,94.0
2010-12-31,GTM,MCV1_measles_coverage_pct,93.0
2010-12-31,GUY,BCG_coverage_pct,98.0
2010-12-31,GUY,DTP3_coverage_pct,95.0
2010-12-31,GUY,HepB3_coverage_pct,95.0
2010-12-31,GUY,MCV1_measles_coverage_pct,95.0
2010-12-31,HND,BCG_coverage_pct,99.0
2010-12-31,HND,DTP3_coverage_pct,97.0
2010-12-31,HND,HepB3_coverage_pct,97.0
2010-12-31,HND,MCV1_measles_coverage_pct,98.0
2010-12-31,HRV,BCG_coverage_pct,99.0
2010-12-31,HRV,DTP3_coverage_pct,97.0
2010-12-31,HRV,HepB3_coverage_pct,97.0
2010-12-31,HRV,MCV1_measles_coverage_pct,96.0
2010-12-31,HTI,BCG_coverage_pct,77.0
2010-12-31,HTI,DTP3_coverage_pct,67.0
2010-12-31,HTI,HepB3_coverage_pct,0.0
2010-12-31,HTI,MCV1_measles_coverage_pct,63.0
2010-12-31,HUN,BCG_coverage_pct,99.0
2010-12-31,HUN,DTP3_coverage_pct,99.0
2010-12-31,HUN,HepB3_coverage_pct,0.0
2010-12-31,HUN,MCV1_measles_coverage_pct,99.0
2010-12-31,IDN,BCG_coverage_pct,84.0
2010-12-31,IDN,DTP3_coverage_pct,81.0
2010-12-31,IDN,HepB3_coverage_pct,83.0
2010-12-31,IDN,MCV1_measles_coverage_pct,78.0
2010-12-31,IND,BCG_coverage_pct,89.0
2010-12-31,IND,DTP3_coverage_pct,79.0
2010-12-31,IND,HepB3_coverage_pct,38.0
2010-12-31,IND,MCV1_measles_coverage_pct,82.0
2010-12-31,IRL,BCG_coverage_pct,30.0
2010-12-31,IRL,DTP3_coverage_pct,94.0
2010-12-31,IRL,HepB3_coverage_pct,46.0
2010-12-31,IRL,MCV1_measles_coverage_pct,90.0
2010-12-31,IRN,BCG_coverage_pct,99.0
2010-12-31,IRN,DTP3_coverage_pct,99.0
2010-12-31,IRN,HepB3_coverage_pct,99.0
2010-12-31,IRN,MCV1_measles_coverage_pct,99.0
2010-12-31,IRQ,BCG_coverage_pct,90.0
2010-12-31,IRQ,DTP3_coverage_pct,74.0
2010-12-31,IRQ,HepB3_coverage_pct,72.0
2010-12-31,IRQ,MCV1_measles_coverage_pct,75.0
2010-12-31,ISL,DTP3_coverage_pct,96.0
2010-12-31,ISL,HepB3_coverage_pct,0.0
2010-12-31,ISL,MCV1_measles_coverage_pct,93.0
2010-12-31,ISR,DTP3_coverage_pct,95.0
2010-12-31,ISR,HepB3_coverage_pct,97.0
2010-12-31,ISR,MCV1_measles_coverage_pct,96.0
2010-12-31,ITA,DTP3_coverage_pct,96.0
2010-12-31,ITA,HepB3_coverage_pct,96.0
2010-12-31,ITA,MCV1_measles_coverage_pct,91.0
2010-12-31,JAM,BCG_coverage_pct,95.0
2010-12-31,JAM,DTP3_coverage_pct,94.0
2010-12-31,JAM,HepB3_coverage_pct,94.0
2010-12-31,JAM,MCV1_measles_coverage_pct,89.0
2010-12-31,JOR,BCG_coverage_pct,95.0
2010-12-31,JOR,DTP3_coverage_pct,98.0
2010-12-31,JOR,HepB3_coverage_pct,98.0
2010-12-31,JOR,MCV1_measles_coverage_pct,98.0
2010-12-31,JPN,BCG_coverage_pct,99.0
2010-12-31,JPN,DTP3_coverage_pct,97.0
2010-12-31,JPN,HepB3_coverage_pct,0.0
2010-12-31,JPN,MCV1_measles_coverage_pct,94.0
2010-12-31,KAZ,BCG_coverage_pct,96.0
2010-12-31,KAZ,DTP3_coverage_pct,99.0
2010-12-31,KAZ,HepB3_coverage_pct,99.0
2010-12-31,KAZ,MCV1_measles_coverage_pct,99.0
2010-12-31,KEN,BCG_coverage_pct,99.0
2010-12-31,KEN,DTP3_coverage_pct,90.0
2010-12-31,KEN,HepB3_coverage_pct,90.0
2010-12-31,KEN,MCV1_measles_coverage_pct,86.0
2010-12-31,KGZ,BCG_coverage_pct,98.0
2010-12-31,KGZ,DTP3_coverage_pct,96.0
2010-12-31,KGZ,HepB3_coverage_pct,96.0
2010-12-31,KGZ,MCV1_measles_coverage_pct,99.0
2010-12-31,KHM,BCG_coverage_pct,95.0
2010-12-31,KHM,DTP3_coverage_pct,90.0
2010-12-31,KHM,HepB3_coverage_pct,91.0
2010-12-31,KHM,MCV1_measles_coverage_pct,90.0
2010-12-31,KIR,BCG_coverage_pct,87.0
2010-12-31,KIR,DTP3_coverage_pct,91.0
2010-12-31,KIR,HepB3_coverage_pct,91.0
2010-12-31,KIR,MCV1_measles_coverage_pct,89.0
2010-12-31,KNA,BCG_coverage_pct,91.0
2010-12-31,KNA,DTP3_coverage_pct,96.0
2010-12-31,KNA,HepB3_coverage_pct,96.0
2010-12-31,KNA,MCV1_measles_coverage_pct,99.0
2010-12-31,KOR,BCG_coverage_pct,96.0
2010-12-31,KOR,DTP3_coverage_pct,94.0
2010-12-31,KOR,HepB3_coverage_pct,94.0
2010-12-31,KOR,MCV1_measles_coverage_pct,98.0
2010-12-31,KWT,BCG_coverage_pct,98.0
2010-12-31,KWT,DTP3_coverage_pct,98.0
2010-12-31,KWT,HepB3_coverage_pct,99.0
2010-12-31,KWT,MCV1_measles_coverage_pct,98.0
2010-12-31,LAO,BCG_coverage_pct,72.0
2010-12-31,LAO,DTP3_coverage_pct,74.0
2010-12-31,LAO,HepB3_coverage_pct,74.0
2010-12-31,LAO,MCV1_measles_coverage_pct,64.0
2010-12-31,LBN,DTP3_coverage_pct,82.0
2010-12-31,LBN,HepB3_coverage_pct,82.0
2010-12-31,LBN,MCV1_measles_coverage_pct,86.0
2010-12-31,LBR,BCG_coverage_pct,73.0
2010-12-31,LBR,DTP3_coverage_pct,70.0
2010-12-31,LBR,HepB3_coverage_pct,70.0
2010-12-31,LBR,MCV1_measles_coverage_pct,65.0
2010-12-31,LBY,BCG_coverage_pct,99.0
2010-12-31,LBY,DTP3_coverage_pct,98.0
2010-12-31,LBY,HepB3_coverage_pct,98.0
2010-12-31,LBY,MCV1_measles_coverage_pct,98.0
2010-12-31,LCA,BCG_coverage_pct,97.0
2010-12-31,LCA,DTP3_coverage_pct,97.0
2010-12-31,LCA,HepB3_coverage_pct,97.0
2010-12-31,LCA,MCV1_measles_coverage_pct,95.0
2010-12-31,LKA,BCG_coverage_pct,99.0
2010-12-31,LKA,DTP3_coverage_pct,99.0
2010-12-31,LKA,HepB3_coverage_pct,99.0
2010-12-31,LKA,MCV1_measles_coverage_pct,99.0
2010-12-31,LSO,BCG_coverage_pct,90.0
2010-12-31,LSO,DTP3_coverage_pct,93.0
2010-12-31,LSO,HepB3_coverage_pct,93.0
2010-12-31,LSO,MCV1_measles_coverage_pct,88.0
2010-12-31,LTU,BCG_coverage_pct,99.0
2010-12-31,LTU,DTP3_coverage_pct,95.0
2010-12-31,LTU,HepB3_coverage_pct,94.0
2010-12-31,LTU,MCV1_measles_coverage_pct,96.0
2010-12-31,LUX,DTP3_coverage_pct,99.0
2010-12-31,LUX,HepB3_coverage_pct,94.0
2010-12-31,LUX,MCV1_measles_coverage_pct,96.0
2010-12-31,LVA,BCG_coverage_pct,92.0
2010-12-31,LVA,DTP3_coverage_pct,92.0
2010-12-31,LVA,HepB3_coverage_pct,91.0
2010-12-31,LVA,MCV1_measles_coverage_pct,95.0
2010-12-31,MAR,BCG_coverage_pct,99.0
2010-12-31,MAR,DTP3_coverage_pct,99.0
2010-12-31,MAR,HepB3_coverage_pct,98.0
2010-12-31,MAR,MCV1_measles_coverage_pct,98.0
2010-12-31,MCO,DTP3_coverage_pct,99.0
2010-12-31,MCO,HepB3_coverage_pct,99.0
2010-12-31,MCO,MCV1_measles_coverage_pct,93.0
2010-12-31,MDA,BCG_coverage_pct,98.0
2010-12-31,MDA,DTP3_coverage_pct,90.0
2010-12-31,MDA,HepB3_coverage_pct,98.0
2010-12-31,MDA,MCV1_measles_coverage_pct,97.0
2010-12-31,MDG,BCG_coverage_pct,76.0
2010-12-31,MDG,DTP3_coverage_pct,70.0
2010-12-31,MDG,HepB3_coverage_pct,70.0
2010-12-31,MDG,MCV1_measles_coverage_pct,66.0
2010-12-31,MDV,BCG_coverage_pct,97.0
2010-12-31,MDV,DTP3_coverage_pct,96.0
2010-12-31,MDV,HepB3_coverage_pct,97.0
2010-12-31,MDV,MCV1_measles_coverage_pct,97.0
2010-12-31,MEX,BCG_coverage_pct,98.0
2010-12-31,MEX,DTP3_coverage_pct,95.0
2010-12-31,MEX,HepB3_coverage_pct,93.0
2010-12-31,MEX,MCV1_measles_coverage_pct,95.0
2010-12-31,MHL,BCG_coverage_pct,99.0
2010-12-31,MHL,DTP3_coverage_pct,94.0
2010-12-31,MHL,HepB3_coverage_pct,97.0
2010-12-31,MHL,MCV1_measles_coverage_pct,97.0
2010-12-31,MKD,BCG_coverage_pct,96.0
2010-12-31,MKD,DTP3_coverage_pct,95.0
2010-12-31,MKD,HepB3_coverage_pct,90.0
2010-12-31,MKD,MCV1_measles_coverage_pct,98.0
2010-12-31,MLI,BCG_coverage_pct,82.0
2010-12-31,MLI,DTP3_coverage_pct,73.0
2010-12-31,MLI,HepB3_coverage_pct,72.0
2010-12-31,MLI,MCV1_measles_coverage_pct,78.0
2010-12-31,MLT,DTP3_coverage_pct,76.0
2010-12-31,MLT,HepB3_coverage_pct,75.0
2010-12-31,MLT,MCV1_measles_coverage_pct,73.0
2010-12-31,MMR,BCG_coverage_pct,93.0
2010-12-31,MMR,DTP3_coverage_pct,90.0
2010-12-31,MMR,HepB3_coverage_pct,92.0
2010-12-31,MMR,MCV1_measles_coverage_pct,88.0
2010-12-31,MNE,BCG_coverage_pct,95.0
2010-12-31,MNE,DTP3_coverage_pct,94.0
2010-12-31,MNE,HepB3_coverage_pct,90.0
2010-12-31,MNE,MCV1_measles_coverage_pct,90.0
2010-12-31,MNG,BCG_coverage_pct,99.0
2010-12-31,MNG,DTP3_coverage_pct,96.0
2010-12-31,MNG,HepB3_coverage_pct,96.0
2010-12-31,MNG,MCV1_measles_coverage_pct,97.0
2010-12-31,MOZ,BCG_coverage_pct,90.0
2010-12-31,MOZ,DTP3_coverage_pct,74.0
2010-12-31,MOZ,HepB3_coverage_pct,74.0
2010-12-31,MOZ,MCV1_measles_coverage_pct,82.0
2010-12-31,MRT,BCG_coverage_pct,85.0
2010-12-31,MRT,DTP3_coverage_pct,64.0
2010-12-31,MRT,HepB3_coverage_pct,64.0
2010-12-31,MRT,MCV1_measles_coverage_pct,67.0
2010-12-31,MUS,BCG_coverage_pct,99.0
2010-12-31,MUS,DTP3_coverage_pct,99.0
2010-12-31,MUS,HepB3_coverage_pct,99.0
2010-12-31,MUS,MCV1_measles_coverage_pct,99.0
2010-12-31,MWI,BCG_coverage_pct,97.0
2010-12-31,MWI,DTP3_coverage_pct,93.0
2010-12-31,MWI,HepB3_coverage_pct,93.0
2010-12-31,MWI,MCV1_measles_coverage_pct,93.0
2010-12-31,MYS,BCG_coverage_pct,99.0
2010-12-31,MYS,DTP3_coverage_pct,96.0
2010-12-31,MYS,HepB3_coverage_pct,96.0
2010-12-31,MYS,MCV1_measles_coverage_pct,95.0
2010-12-31,NAM,BCG_coverage_pct,88.0
2010-12-31,NAM,DTP3_coverage_pct,83.0
2010-12-31,NAM,HepB3_coverage_pct,83.0
2010-12-31,NAM,MCV1_measles_coverage_pct,75.0
2010-12-31,NER,BCG_coverage_pct,81.0
2010-12-31,NER,DTP3_coverage_pct,70.0
2010-12-31,NER,HepB3_coverage_pct,70.0
2010-12-31,NER,MCV1_measles_coverage_pct,67.0
2010-12-31,NGA,BCG_coverage_pct,62.0
2010-12-31,NGA,DTP3_coverage_pct,56.0
2010-12-31,NGA,HepB3_coverage_pct,49.0
2010-12-31,NGA,MCV1_measles_coverage_pct,56.0
2010-12-31,NIC,BCG_coverage_pct,99.0
2010-12-31,NIC,DTP3_coverage_pct,99.0
2010-12-31,NIC,HepB3_coverage_pct,99.0
2010-12-31,NIC,MCV1_measles_coverage_pct,99.0
2010-12-31,NIU,BCG_coverage_pct,99.0
2010-12-31,NIU,DTP3_coverage_pct,99.0
2010-12-31,NIU,HepB3_coverage_pct,99.0
2010-12-31,NIU,MCV1_measles_coverage_pct,99.0
2010-12-31,NLD,DTP3_coverage_pct,97.0
2010-12-31,NLD,HepB3_coverage_pct,0.0
2010-12-31,NLD,MCV1_measles_coverage_pct,96.0
2010-12-31,NOR,DTP3_coverage_pct,93.0
2010-12-31,NOR,HepB3_coverage_pct,0.0
2010-12-31,NOR,MCV1_measles_coverage_pct,93.0
2010-12-31,NPL,BCG_coverage_pct,94.0
2010-12-31,NPL,DTP3_coverage_pct,93.0
2010-12-31,NPL,HepB3_coverage_pct,82.0
2010-12-31,NPL,MCV1_measles_coverage_pct,86.0
2010-12-31,NRU,BCG_coverage_pct,99.0
2010-12-31,NRU,DTP3_coverage_pct,99.0
2010-12-31,NRU,HepB3_coverage_pct,99.0
2010-12-31,NRU,MCV1_measles_coverage_pct,99.0
2010-12-31,NZL,DTP3_coverage_pct,93.0
2010-12-31,NZL,HepB3_coverage_pct,90.0
2010-12-31,NZL,MCV1_measles_coverage_pct,91.0
2010-12-31,OMN,BCG_coverage_pct,99.0
2010-12-31,OMN,DTP3_coverage_pct,99.0
2010-12-31,OMN,HepB3_coverage_pct,99.0
2010-12-31,OMN,MCV1_measles_coverage_pct,99.0
2010-12-31,PAK,BCG_coverage_pct,74.0
2010-12-31,PAK,DTP3_coverage_pct,52.0
2010-12-31,PAK,HepB3_coverage_pct,52.0
2010-12-31,PAK,MCV1_measles_coverage_pct,57.0
2010-12-31,PAN,BCG_coverage_pct,99.0
2010-12-31,PAN,DTP3_coverage_pct,94.0
2010-12-31,PAN,HepB3_coverage_pct,94.0
2010-12-31,PAN,MCV1_measles_coverage_pct,97.0
2010-12-31,PER,BCG_coverage_pct,95.0
2010-12-31,PER,DTP3_coverage_pct,93.0
2010-12-31,PER,HepB3_coverage_pct,93.0
2010-12-31,PER,MCV1_measles_coverage_pct,94.0
2010-12-31,PHL,BCG_coverage_pct,93.0
2010-12-31,PHL,DTP3_coverage_pct,88.0
2010-12-31,PHL,HepB3_coverage_pct,88.0
2010-12-31,PHL,MCV1_measles_coverage_pct,87.0
2010-12-31,PLW,DTP3_coverage_pct,69.0
2010-12-31,PLW,HepB3_coverage_pct,80.0
2010-12-31,PLW,MCV1_measles_coverage_pct,39.0
2010-12-31,PNG,BCG_coverage_pct,88.0
2010-12-31,PNG,DTP3_coverage_pct,55.0
2010-12-31,PNG,HepB3_coverage_pct,55.0
2010-12-31,PNG,MCV1_measles_coverage_pct,63.0
2010-12-31,POL,BCG_coverage_pct,93.0
2010-12-31,POL,DTP3_coverage_pct,99.0
2010-12-31,POL,HepB3_coverage_pct,98.0
2010-12-31,POL,MCV1_measles_coverage_pct,98.0
2010-12-31,PRK,BCG_coverage_pct,98.0
2010-12-31,PRK,DTP3_coverage_pct,93.0
2010-12-31,PRK,HepB3_coverage_pct,93.0
2010-12-31,PRK,MCV1_measles_coverage_pct,99.0
2010-12-31,PRT,BCG_coverage_pct,96.0
2010-12-31,PRT,DTP3_coverage_pct,98.0
2010-12-31,PRT,HepB3_coverage_pct,97.0
2010-12-31,PRT,MCV1_measles_coverage_pct,96.0
2010-12-31,PRY,BCG_coverage_pct,93.0
2010-12-31,PRY,DTP3_coverage_pct,91.0
2010-12-31,PRY,HepB3_coverage_pct,91.0
2010-12-31,PRY,MCV1_measles_coverage_pct,93.0
2010-12-31,PSE,BCG_coverage_pct,98.0
2010-12-31,PSE,DTP3_coverage_pct,99.0
2010-12-31,PSE,HepB3_coverage_pct,98.0
2010-12-31,PSE,MCV1_measles_coverage_pct,98.0
2010-12-31,QAT,BCG_coverage_pct,99.0
2010-12-31,QAT,DTP3_coverage_pct,97.0
2010-12-31,QAT,HepB3_coverage_pct,97.0
2010-12-31,QAT,MCV1_measles_coverage_pct,99.0
2010-12-31,ROU,BCG_coverage_pct,99.0
2010-12-31,ROU,DTP3_coverage_pct,94.0
2010-12-31,ROU,HepB3_coverage_pct,98.0
2010-12-31,ROU,MCV1_measles_coverage_pct,95.0
2010-12-31,RUS,BCG_coverage_pct,96.0
2010-12-31,RUS,DTP3_coverage_pct,97.0
2010-12-31,RUS,HepB3_coverage_pct,97.0
2010-12-31,RUS,MCV1_measles_coverage_pct,98.0
2010-12-31,RWA,BCG_coverage_pct,99.0
2010-12-31,RWA,DTP3_coverage_pct,97.0
2010-12-31,RWA,HepB3_coverage_pct,97.0
2010-12-31,RWA,MCV1_measles_coverage_pct,95.0
2010-12-31,SAU,BCG_coverage_pct,98.0
2010-12-31,SAU,DTP3_coverage_pct,98.0
2010-12-31,SAU,HepB3_coverage_pct,98.0
2010-12-31,SAU,MCV1_measles_coverage_pct,98.0
2010-12-31,SDN,BCG_coverage_pct,90.0
2010-12-31,SDN,DTP3_coverage_pct,90.0
2010-12-31,SDN,HepB3_coverage_pct,75.0
2010-12-31,SDN,MCV1_measles_coverage_pct,90.0
2010-12-31,SEN,BCG_coverage_pct,97.0
2010-12-31,SEN,DTP3_coverage_pct,89.0
2010-12-31,SEN,HepB3_coverage_pct,89.0
2010-12-31,SEN,MCV1_measles_coverage_pct,81.0
2010-12-31,SGP,BCG_coverage_pct,99.0
2010-12-31,SGP,DTP3_coverage_pct,96.0
2010-12-31,SGP,HepB3_coverage_pct,96.0
2010-12-31,SGP,MCV1_measles_coverage_pct,95.0
2010-12-31,SLB,BCG_coverage_pct,91.0
2010-12-31,SLB,DTP3_coverage_pct,83.0
2010-12-31,SLB,HepB3_coverage_pct,87.0
2010-12-31,SLB,MCV1_measles_coverage_pct,74.0
2010-12-31,SLE,BCG_coverage_pct,97.0
2010-12-31,SLE,DTP3_coverage_pct,86.0
2010-12-31,SLE,HepB3_coverage_pct,86.0
2010-12-31,SLE,MCV1_measles_coverage_pct,82.0
2010-12-31,SLV,BCG_coverage_pct,96.0
2010-12-31,SLV,DTP3_coverage_pct,89.0
2010-12-31,SLV,HepB3_coverage_pct,89.0
2010-12-31,SLV,MCV1_measles_coverage_pct,92.0
2010-12-31,SMR,DTP3_coverage_pct,90.0
2010-12-31,SMR,HepB3_coverage_pct,89.0
2010-12-31,SMR,MCV1_measles_coverage_pct,88.0
2010-12-31,SOM,BCG_coverage_pct,41.0
2010-12-31,SOM,DTP3_coverage_pct,45.0
2010-12-31,SOM,HepB3_coverage_pct,0.0
2010-12-31,SOM,MCV1_measles_coverage_pct,46.0
2010-12-31,SRB,BCG_coverage_pct,99.0
2010-12-31,SRB,DTP3_coverage_pct,91.0
2010-12-31,SRB,HepB3_coverage_pct,89.0
2010-12-31,SRB,MCV1_measles_coverage_pct,95.0
2010-12-31,STP,BCG_coverage_pct,99.0
2010-12-31,STP,DTP3_coverage_pct,98.0
2010-12-31,STP,HepB3_coverage_pct,98.0
2010-12-31,STP,MCV1_measles_coverage_pct,92.0
2010-12-31,SUR,DTP3_coverage_pct,94.0
2010-12-31,SUR,HepB3_coverage_pct,84.0
2010-12-31,SUR,MCV1_measles_coverage_pct,87.0
2010-12-31,SVK,BCG_coverage_pct,98.0
2010-12-31,SVK,DTP3_coverage_pct,99.0
2010-12-31,SVK,HepB3_coverage_pct,99.0
2010-12-31,SVK,MCV1_measles_coverage_pct,98.0
2010-12-31,SVN,DTP3_coverage_pct,96.0
2010-12-31,SVN,HepB3_coverage_pct,0.0
2010-12-31,SVN,MCV1_measles_coverage_pct,95.0
2010-12-31,SWE,BCG_coverage_pct,23.0
2010-12-31,SWE,DTP3_coverage_pct,98.0
2010-12-31,SWE,HepB3_coverage_pct,0.0
2010-12-31,SWE,MCV1_measles_coverage_pct,97.0
2010-12-31,SWZ,BCG_coverage_pct,98.0
2010-12-31,SWZ,DTP3_coverage_pct,89.0
2010-12-31,SWZ,HepB3_coverage_pct,89.0
2010-12-31,SWZ,MCV1_measles_coverage_pct,94.0
2010-12-31,SYC,BCG_coverage_pct,99.0
2010-12-31,SYC,DTP3_coverage_pct,99.0
2010-12-31,SYC,HepB3_coverage_pct,99.0
2010-12-31,SYC,MCV1_measles_coverage_pct,99.0
2010-12-31,SYR,BCG_coverage_pct,97.0
2010-12-31,SYR,DTP3_coverage_pct,81.0
2010-12-31,SYR,HepB3_coverage_pct,84.0
2010-12-31,SYR,MCV1_measles_coverage_pct,82.0
2010-12-31,TCD,BCG_coverage_pct,58.0
2010-12-31,TCD,DTP3_coverage_pct,40.0
2010-12-31,TCD,HepB3_coverage_pct,39.0
2010-12-31,TCD,MCV1_measles_coverage_pct,46.0
2010-12-31,TGO,BCG_coverage_pct,97.0
2010-12-31,TGO,DTP3_coverage_pct,83.0
2010-12-31,TGO,HepB3_coverage_pct,83.0
2010-12-31,TGO,MCV1_measles_coverage_pct,68.0
2010-12-31,THA,BCG_coverage_pct,99.0
2010-12-31,THA,DTP3_coverage_pct,99.0
2010-12-31,THA,HepB3_coverage_pct,98.0
2010-12-31,THA,MCV1_measles_coverage_pct,98.0
2010-12-31,TJK,BCG_coverage_pct,97.0
2010-12-31,TJK,DTP3_coverage_pct,91.0
2010-12-31,TJK,HepB3_coverage_pct,90.0
2010-12-31,TJK,MCV1_measles_coverage_pct,90.0
2010-12-31,TKM,BCG_coverage_pct,99.0
2010-12-31,TKM,DTP3_coverage_pct,96.0
2010-12-31,TKM,HepB3_coverage_pct,96.0
2010-12-31,TKM,MCV1_measles_coverage_pct,99.0
2010-12-31,TLS,BCG_coverage_pct,79.0
2010-12-31,TLS,DTP3_coverage_pct,72.0
2010-12-31,TLS,HepB3_coverage_pct,72.0
2010-12-31,TLS,MCV1_measles_coverage_pct,66.0
2010-12-31,TON,BCG_coverage_pct,99.0
2010-12-31,TON,DTP3_coverage_pct,99.0
2010-12-31,TON,HepB3_coverage_pct,99.0
2010-12-31,TON,MCV1_measles_coverage_pct,99.0
2010-12-31,TTO,DTP3_coverage_pct,90.0
2010-12-31,TTO,HepB3_coverage_pct,90.0
2010-12-31,TTO,MCV1_measles_coverage_pct,92.0
2010-12-31,TUN,BCG_coverage_pct,98.0
2010-12-31,TUN,DTP3_coverage_pct,98.0
2010-12-31,TUN,HepB3_coverage_pct,98.0
2010-12-31,TUN,MCV1_measles_coverage_pct,97.0
2010-12-31,TUR,BCG_coverage_pct,97.0
2010-12-31,TUR,DTP3_coverage_pct,97.0
2010-12-31,TUR,HepB3_coverage_pct,96.0
2010-12-31,TUR,MCV1_measles_coverage_pct,97.0
2010-12-31,TUV,BCG_coverage_pct,99.0
2010-12-31,TUV,DTP3_coverage_pct,89.0
2010-12-31,TUV,HepB3_coverage_pct,89.0
2010-12-31,TUV,MCV1_measles_coverage_pct,85.0
2010-12-31,TZA,BCG_coverage_pct,99.0
2010-12-31,TZA,DTP3_coverage_pct,91.0
2010-12-31,TZA,HepB3_coverage_pct,91.0
2010-12-31,TZA,MCV1_measles_coverage_pct,92.0
2010-12-31,UGA,BCG_coverage_pct,86.0
2010-12-31,UGA,DTP3_coverage_pct,80.0
2010-12-31,UGA,HepB3_coverage_pct,80.0
2010-12-31,UGA,MCV1_measles_coverage_pct,73.0
2010-12-31,UKR,BCG_coverage_pct,92.0
2010-12-31,UKR,DTP3_coverage_pct,52.0
2010-12-31,UKR,HepB3_coverage_pct,48.0
2010-12-31,UKR,MCV1_measles_coverage_pct,56.0
2010-12-31,URY,BCG_coverage_pct,99.0
2010-12-31,URY,DTP3_coverage_pct,95.0
2010-12-31,URY,HepB3_coverage_pct,95.0
2010-12-31,URY,MCV1_measles_coverage_pct,95.0
2010-12-31,USA,DTP3_coverage_pct,95.0
2010-12-31,USA,HepB3_coverage_pct,92.0
2010-12-31,USA,MCV1_measles_coverage_pct,92.0
2010-12-31,UZB,BCG_coverage_pct,99.0
2010-12-31,UZB,DTP3_coverage_pct,99.0
2010-12-31,UZB,HepB3_coverage_pct,99.0
2010-12-31,UZB,MCV1_measles_coverage_pct,98.0
2010-12-31,VCT,BCG_coverage_pct,90.0
2010-12-31,VCT,DTP3_coverage_pct,99.0
2010-12-31,VCT,HepB3_coverage_pct,99.0
2010-12-31,VCT,MCV1_measles_coverage_pct,99.0
2010-12-31,VEN,BCG_coverage_pct,92.0
2010-12-31,VEN,DTP3_coverage_pct,78.0
2010-12-31,VEN,HepB3_coverage_pct,78.0
2010-12-31,VEN,MCV1_measles_coverage_pct,79.0
2010-12-31,VNM,BCG_coverage_pct,94.0
2010-12-31,VNM,DTP3_coverage_pct,93.0
2010-12-31,VNM,HepB3_coverage_pct,88.0
2010-12-31,VNM,MCV1_measles_coverage_pct,98.0
2010-12-31,VUT,BCG_coverage_pct,88.0
2010-12-31,VUT,DTP3_coverage_pct,77.0
2010-12-31,VUT,HepB3_coverage_pct,75.0
2010-12-31,VUT,MCV1_measles_coverage_pct,71.0
2010-12-31,WSM,BCG_coverage_pct,87.0
2010-12-31,WSM,DTP3_coverage_pct,78.0
2010-12-31,WSM,HepB3_coverage_pct,72.0
2010-12-31,WSM,MCV1_measles_coverage_pct,56.0
2010-12-31,YEM,BCG_coverage_pct,65.0
2010-12-31,YEM,DTP3_coverage_pct,76.0
2010-12-31,YEM,HepB3_coverage_pct,76.0
2010-12-31,YEM,MCV1_measles_coverage_pct,68.0
2010-12-31,ZAF,BCG_coverage_pct,81.0
2010-12-31,ZAF,DTP3_coverage_pct,77.0
2010-12-31,ZAF,HepB3_coverage_pct,71.0
2010-12-31,ZAF,MCV1_measles_coverage_pct,72.0
2010-12-31,ZMB,BCG_coverage_pct,92.0
2010-12-31,ZMB,DTP3_coverage_pct,83.0
2010-12-31,ZMB,HepB3_coverage_pct,83.0
2010-12-31,ZMB,MCV1_measles_coverage_pct,96.0
2010-12-31,ZWE,BCG_coverage_pct,99.0
2010-12-31,ZWE,DTP3_coverage_pct,89.0
2010-12-31,ZWE,HepB3_coverage_pct,90.0
2010-12-31,ZWE,MCV1_measles_coverage_pct,90.0
2011-12-31,AFG,BCG_coverage_pct,73.0
2011-12-31,AFG,DTP3_coverage_pct,68.0
2011-12-31,AFG,HepB3_coverage_pct,68.0
2011-12-31,AFG,MCV1_measles_coverage_pct,64.0
2011-12-31,AGO,BCG_coverage_pct,72.0
2011-12-31,AGO,DTP3_coverage_pct,50.0
2011-12-31,AGO,HepB3_coverage_pct,50.0
2011-12-31,AGO,MCV1_measles_coverage_pct,59.0
2011-12-31,ALB,BCG_coverage_pct,97.0
2011-12-31,ALB,DTP3_coverage_pct,99.0
2011-12-31,ALB,HepB3_coverage_pct,99.0
2011-12-31,ALB,MCV1_measles_coverage_pct,99.0
2011-12-31,AND,DTP3_coverage_pct,99.0
2011-12-31,AND,HepB3_coverage_pct,99.0
2011-12-31,AND,MCV1_measles_coverage_pct,99.0
2011-12-31,ARE,BCG_coverage_pct,96.0
2011-12-31,ARE,DTP3_coverage_pct,95.0
2011-12-31,ARE,HepB3_coverage_pct,95.0
2011-12-31,ARE,MCV1_measles_coverage_pct,95.0
2011-12-31,ARG,BCG_coverage_pct,99.0
2011-12-31,ARG,DTP3_coverage_pct,91.0
2011-12-31,ARG,HepB3_coverage_pct,91.0
2011-12-31,ARG,MCV1_measles_coverage_pct,95.0
2011-12-31,ARM,BCG_coverage_pct,96.0
2011-12-31,ARM,DTP3_coverage_pct,95.0
2011-12-31,ARM,HepB3_coverage_pct,95.0
2011-12-31,ARM,MCV1_measles_coverage_pct,97.0
2011-12-31,ATG,DTP3_coverage_pct,99.0
2011-12-31,ATG,HepB3_coverage_pct,99.0
2011-12-31,ATG,MCV1_measles_coverage_pct,99.0
2011-12-31,AUS,DTP3_coverage_pct,92.0
2011-12-31,AUS,HepB3_coverage_pct,92.0
2011-12-31,AUS,MCV1_measles_coverage_pct,94.0
2011-12-31,AUT,DTP3_coverage_pct,88.0
2011-12-31,AUT,HepB3_coverage_pct,88.0
2011-12-31,AUT,MCV1_measles_coverage_pct,81.0
2011-12-31,AZE,BCG_coverage_pct,99.0
2011-12-31,AZE,DTP3_coverage_pct,82.0
2011-12-31,AZE,HepB3_coverage_pct,79.0
2011-12-31,AZE,MCV1_measles_coverage_pct,88.0
2011-12-31,BDI,BCG_coverage_pct,90.0
2011-12-31,BDI,DTP3_coverage_pct,96.0
2011-12-31,BDI,HepB3_coverage_pct,96.0
2011-12-31,BDI,MCV1_measles_coverage_pct,93.0
2011-12-31,BEL,DTP3_coverage_pct,98.0
2011-12-31,BEL,HepB3_coverage_pct,97.0
2011-12-31,BEL,MCV1_measles_coverage_pct,95.0
2011-12-31,BEN,BCG_coverage_pct,88.0
2011-12-31,BEN,DTP3_coverage_pct,75.0
2011-12-31,BEN,HepB3_coverage_pct,75.0
2011-12-31,BEN,MCV1_measles_coverage_pct,70.0
2011-12-31,BFA,BCG_coverage_pct,99.0
2011-12-31,BFA,DTP3_coverage_pct,91.0
2011-12-31,BFA,HepB3_coverage_pct,91.0
2011-12-31,BFA,MCV1_measles_coverage_pct,89.0
2011-12-31,BGD,BCG_coverage_pct,99.0
2011-12-31,BGD,DTP3_coverage_pct,96.0
2011-12-31,BGD,HepB3_coverage_pct,96.0
2011-12-31,BGD,MCV1_measles_coverage_pct,93.0
2011-12-31,BGR,BCG_coverage_pct,98.0
2011-12-31,BGR,DTP3_coverage_pct,95.0
2011-12-31,BGR,HepB3_coverage_pct,96.0
2011-12-31,BGR,MCV1_measles_coverage_pct,95.0
2011-12-31,BHR,DTP3_coverage_pct,99.0
2011-12-31,BHR,HepB3_coverage_pct,99.0
2011-12-31,BHR,MCV1_measles_coverage_pct,99.0
2011-12-31,BHS,DTP3_coverage_pct,98.0
2011-12-31,BHS,HepB3_coverage_pct,95.0
2011-12-31,BHS,MCV1_measles_coverage_pct,90.0
2011-12-31,BIH,BCG_coverage_pct,94.0
2011-12-31,BIH,DTP3_coverage_pct,88.0
2011-12-31,BIH,HepB3_coverage_pct,88.0
2011-12-31,BIH,MCV1_measles_coverage_pct,89.0
2011-12-31,BLR,BCG_coverage_pct,99.0
2011-12-31,BLR,DTP3_coverage_pct,98.0
2011-12-31,BLR,HepB3_coverage_pct,98.0
2011-12-31,BLR,MCV1_measles_coverage_pct,99.0
2011-12-31,BLZ,BCG_coverage_pct,98.0
2011-12-31,BLZ,DTP3_coverage_pct,95.0
2011-12-31,BLZ,HepB3_coverage_pct,95.0
2011-12-31,BLZ,MCV1_measles_coverage_pct,98.0
2011-12-31,BOL,BCG_coverage_pct,99.0
2011-12-31,BOL,DTP3_coverage_pct,95.0
2011-12-31,BOL,HepB3_coverage_pct,95.0
2011-12-31,BOL,MCV1_measles_coverage_pct,96.0
2011-12-31,BRA,BCG_coverage_pct,99.0
2011-12-31,BRA,DTP3_coverage_pct,99.0
2011-12-31,BRA,HepB3_coverage_pct,98.0
2011-12-31,BRA,MCV1_measles_coverage_pct,99.0
2011-12-31,BRB,DTP3_coverage_pct,91.0
2011-12-31,BRB,HepB3_coverage_pct,91.0
2011-12-31,BRB,MCV1_measles_coverage_pct,93.0
2011-12-31,BRN,BCG_coverage_pct,96.0
2011-12-31,BRN,DTP3_coverage_pct,97.0
2011-12-31,BRN,HepB3_coverage_pct,93.0
2011-12-31,BRN,MCV1_measles_coverage_pct,91.0
2011-12-31,BTN,BCG_coverage_pct,95.0
2011-12-31,BTN,DTP3_coverage_pct,95.0
2011-12-31,BTN,HepB3_coverage_pct,95.0
2011-12-31,BTN,MCV1_measles_coverage_pct,95.0
2011-12-31,BWA,BCG_coverage_pct,98.0
2011-12-31,BWA,DTP3_coverage_pct,95.0
2011-12-31,BWA,HepB3_coverage_pct,95.0
2011-12-31,BWA,MCV1_measles_coverage_pct,97.0
2011-12-31,CAF,BCG_coverage_pct,74.0
2011-12-31,CAF,DTP3_coverage_pct,47.0
2011-12-31,CAF,HepB3_coverage_pct,47.0
2011-12-31,CAF,MCV1_measles_coverage_pct,49.0
2011-12-31,CAN,DTP3_coverage_pct,87.0
2011-12-31,CAN,HepB3_coverage_pct,70.0
2011-12-31,CAN,MCV1_measles_coverage_pct,88.0
2011-12-31,CHE,DTP3_coverage_pct,96.0
2011-12-31,CHE,HepB3_coverage_pct,0.0
2011-12-31,CHE,MCV1_measles_coverage_pct,93.0
2011-12-31,CHL,BCG_coverage_pct,91.0
2011-12-31,CHL,DTP3_coverage_pct,94.0
2011-12-31,CHL,HepB3_coverage_pct,94.0
2011-12-31,CHL,MCV1_measles_coverage_pct,91.0
2011-12-31,CHN,BCG_coverage_pct,99.0
2011-12-31,CHN,DTP3_coverage_pct,99.0
2011-12-31,CHN,HepB3_coverage_pct,99.0
2011-12-31,CHN,MCV1_measles_coverage_pct,99.0
2011-12-31,CIV,BCG_coverage_pct,76.0
2011-12-31,CIV,DTP3_coverage_pct,61.0
2011-12-31,CIV,HepB3_coverage_pct,62.0
2011-12-31,CIV,MCV1_measles_coverage_pct,49.0
2011-12-31,CMR,BCG_coverage_pct,83.0
2011-12-31,CMR,DTP3_coverage_pct,81.0
2011-12-31,CMR,HepB3_coverage_pct,82.0
2011-12-31,CMR,MCV1_measles_coverage_pct,76.0
2011-12-31,COD,BCG_coverage_pct,65.0
2011-12-31,COD,DTP3_coverage_pct,70.0
2011-12-31,COD,HepB3_coverage_pct,70.0
2011-12-31,COD,MCV1_measles_coverage_pct,66.0
2011-12-31,COG,BCG_coverage_pct,95.0
2011-12-31,COG,DTP3_coverage_pct,83.0
2011-12-31,COG,HepB3_coverage_pct,70.0
2011-12-31,COG,MCV1_measles_coverage_pct,83.0
2011-12-31,COK,BCG_coverage_pct,98.0
2011-12-31,COK,DTP3_coverage_pct,93.0
2011-12-31,COK,HepB3_coverage_pct,93.0
2011-12-31,COK,MCV1_measles_coverage_pct,89.0
2011-12-31,COL,BCG_coverage_pct,87.0
2011-12-31,COL,DTP3_coverage_pct,85.0
2011-12-31,COL,HepB3_coverage_pct,85.0
2011-12-31,COL,MCV1_measles_coverage_pct,88.0
2011-12-31,COM,BCG_coverage_pct,78.0
2011-12-31,COM,DTP3_coverage_pct,83.0
2011-12-31,COM,HepB3_coverage_pct,83.0
2011-12-31,COM,MCV1_measles_coverage_pct,79.0
2011-12-31,CPV,BCG_coverage_pct,99.0
2011-12-31,CPV,DTP3_coverage_pct,90.0
2011-12-31,CPV,HepB3_coverage_pct,90.0
2011-12-31,CPV,MCV1_measles_coverage_pct,96.0
2011-12-31,CRI,BCG_coverage_pct,90.0
2011-12-31,CRI,DTP3_coverage_pct,85.0
2011-12-31,CRI,HepB3_coverage_pct,84.0
2011-12-31,CRI,MCV1_measles_coverage_pct,83.0
2011-12-31,CUB,BCG_coverage_pct,99.0
2011-12-31,CUB,DTP3_coverage_pct,97.0
2011-12-31,CUB,HepB3_coverage_pct,96.0
2011-12-31,CUB,MCV1_measles_coverage_pct,99.0
2011-12-31,CYP,DTP3_coverage_pct,99.0
2011-12-31,CYP,HepB3_coverage_pct,96.0
2011-12-31,CYP,MCV1_measles_coverage_pct,87.0
2011-12-31,CZE,DTP3_coverage_pct,99.0
2011-12-31,CZE,HepB3_coverage_pct,99.0
2011-12-31,CZE,MCV1_measles_coverage_pct,98.0
2011-12-31,DEU,DTP3_coverage_pct,95.0
2011-12-31,DEU,HepB3_coverage_pct,87.0
2011-12-31,DEU,MCV1_measles_coverage_pct,97.0
2011-12-31,DJI,BCG_coverage_pct,89.0
2011-12-31,DJI,DTP3_coverage_pct,87.0
2011-12-31,DJI,HepB3_coverage_pct,87.0
2011-12-31,DJI,MCV1_measles_coverage_pct,84.0
2011-12-31,DMA,BCG_coverage_pct,98.0
2011-12-31,DMA,DTP3_coverage_pct,98.0
2011-12-31,DMA,HepB3_coverage_pct,98.0
2011-12-31,DMA,MCV1_measles_coverage_pct,99.0
2011-12-31,DNK,DTP3_coverage_pct,91.0
2011-12-31,DNK,HepB3_coverage_pct,0.0
2011-12-31,DNK,MCV1_measles_coverage_pct,87.0
2011-12-31,DOM,BCG_coverage_pct,99.0
2011-12-31,DOM,DTP3_coverage_pct,84.0
2011-12-31,DOM,HepB3_coverage_pct,80.0
2011-12-31,DOM,MCV1_measles_coverage_pct,87.0
2011-12-31,DZA,BCG_coverage_pct,99.0
2011-12-31,DZA,DTP3_coverage_pct,95.0
2011-12-31,DZA,HepB3_coverage_pct,95.0
2011-12-31,DZA,MCV1_measles_coverage_pct,95.0
2011-12-31,ECU,BCG_coverage_pct,98.0
2011-12-31,ECU,DTP3_coverage_pct,88.0
2011-12-31,ECU,HepB3_coverage_pct,88.0
2011-12-31,ECU,MCV1_measles_coverage_pct,94.0
2011-12-31,EGY,BCG_coverage_pct,98.0
2011-12-31,EGY,DTP3_coverage_pct,96.0
2011-12-31,EGY,HepB3_coverage_pct,96.0
2011-12-31,EGY,MCV1_measles_coverage_pct,96.0
2011-12-31,ERI,BCG_coverage_pct,97.0
2011-12-31,ERI,DTP3_coverage_pct,94.0
2011-12-31,ERI,HepB3_coverage_pct,94.0
2011-12-31,ERI,MCV1_measles_coverage_pct,96.0
2011-12-31,ESP,DTP3_coverage_pct,97.0
2011-12-31,ESP,HepB3_coverage_pct,97.0
2011-12-31,ESP,MCV1_measles_coverage_pct,97.0
2011-12-31,EST,BCG_coverage_pct,99.0
2011-12-31,EST,DTP3_coverage_pct,93.0
2011-12-31,EST,HepB3_coverage_pct,94.0
2011-12-31,EST,MCV1_measles_coverage_pct,94.0
2011-12-31,ETH,BCG_coverage_pct,74.0
2011-12-31,ETH,DTP3_coverage_pct,65.0
2011-12-31,ETH,HepB3_coverage_pct,65.0
2011-12-31,ETH,MCV1_measles_coverage_pct,68.0
2011-12-31,FIN,DTP3_coverage_pct,99.0
2011-12-31,FIN,HepB3_coverage_pct,0.0
2011-12-31,FIN,MCV1_measles_coverage_pct,97.0
2011-12-31,FJI,BCG_coverage_pct,99.0
2011-12-31,FJI,DTP3_coverage_pct,99.0
2011-12-31,FJI,HepB3_coverage_pct,99.0
2011-12-31,FJI,MCV1_measles_coverage_pct,96.0
2011-12-31,FRA,DTP3_coverage_pct,99.0
2011-12-31,FRA,HepB3_coverage_pct,74.0
2011-12-31,FRA,MCV1_measles_coverage_pct,89.0
2011-12-31,FSM,BCG_coverage_pct,75.0
2011-12-31,FSM,DTP3_coverage_pct,84.0
2011-12-31,FSM,HepB3_coverage_pct,83.0
2011-12-31,FSM,MCV1_measles_coverage_pct,92.0
2011-12-31,GAB,BCG_coverage_pct,94.0
2011-12-31,GAB,DTP3_coverage_pct,75.0
2011-12-31,GAB,HepB3_coverage_pct,75.0
2011-12-31,GAB,MCV1_measles_coverage_pct,72.0
2011-12-31,GBR,DTP3_coverage_pct,95.0
2011-12-31,GBR,HepB3_coverage_pct,0.0
2011-12-31,GBR,MCV1_measles_coverage_pct,90.0
2011-12-31,GEO,BCG_coverage_pct,96.0
2011-12-31,GEO,DTP3_coverage_pct,94.0
2011-12-31,GEO,HepB3_coverage_pct,89.0
2011-12-31,GEO,MCV1_measles_coverage_pct,91.0
2011-12-31,GHA,BCG_coverage_pct,98.0
2011-12-31,GHA,DTP3_coverage_pct,91.0
2011-12-31,GHA,HepB3_coverage_pct,91.0
2011-12-31,GHA,MCV1_measles_coverage_pct,91.0
2011-12-31,GIN,BCG_coverage_pct,82.0
2011-12-31,GIN,DTP3_coverage_pct,63.0
2011-12-31,GIN,HepB3_coverage_pct,63.0
2011-12-31,GIN,MCV1_measles_coverage_pct,62.0
2011-12-31,GMB,BCG_coverage_pct,90.0
2011-12-31,GMB,DTP3_coverage_pct,96.0
2011-12-31,GMB,HepB3_coverage_pct,96.0
2011-12-31,GMB,MCV1_measles_coverage_pct,91.0
2011-12-31,GNB,BCG_coverage_pct,92.0
2011-12-31,GNB,DTP3_coverage_pct,86.0
2011-12-31,GNB,HepB3_coverage_pct,89.0
2011-12-31,GNB,MCV1_measles_coverage_pct,83.0
2011-12-31,GNQ,BCG_coverage_pct,75.0
2011-12-31,GNQ,DTP3_coverage_pct,54.0
2011-12-31,GNQ,HepB3_coverage_pct,0.0
2011-12-31,GNQ,MCV1_measles_coverage_pct,46.0
2011-12-31,GRC,DTP3_coverage_pct,99.0
2011-12-31,GRC,HepB3_coverage_pct,95.0
2011-12-31,GRC,MCV1_measles_coverage_pct,99.0
2011-12-31,GRD,DTP3_coverage_pct,95.0
2011-12-31,GRD,HepB3_coverage_pct,94.0
2011-12-31,GRD,MCV1_measles_coverage_pct,95.0
2011-12-31,GTM,BCG_coverage_pct,91.0
2011-12-31,GTM,DTP3_coverage_pct,88.0
2011-12-31,GTM,HepB3_coverage_pct,88.0
2011-12-31,GTM,MCV1_measles_coverage_pct,89.0
2011-12-31,GUY,BCG_coverage_pct,97.0
2011-12-31,GUY,DTP3_coverage_pct,93.0
2011-12-31,GUY,HepB3_coverage_pct,93.0
2011-12-31,GUY,MCV1_measles_coverage_pct,98.0
2011-12-31,HND,BCG_coverage_pct,99.0
2011-12-31,HND,DTP3_coverage_pct,97.0
2011-12-31,HND,HepB3_coverage_pct,97.0
2011-12-31,HND,MCV1_measles_coverage_pct,97.0
2011-12-31,HRV,BCG_coverage_pct,99.0
2011-12-31,HRV,DTP3_coverage_pct,96.0
2011-12-31,HRV,HepB3_coverage_pct,96.0
2011-12-31,HRV,MCV1_measles_coverage_pct,96.0
2011-12-31,HTI,BCG_coverage_pct,77.0
2011-12-31,HTI,DTP3_coverage_pct,68.0
2011-12-31,HTI,HepB3_coverage_pct,0.0
2011-12-31,HTI,MCV1_measles_coverage_pct,65.0
2011-12-31,HUN,BCG_coverage_pct,99.0
2011-12-31,HUN,DTP3_coverage_pct,99.0
2011-12-31,HUN,HepB3_coverage_pct,0.0
2011-12-31,HUN,MCV1_measles_coverage_pct,99.0
2011-12-31,IDN,BCG_coverage_pct,89.0
2011-12-31,IDN,DTP3_coverage_pct,81.0
2011-12-31,IDN,HepB3_coverage_pct,81.0
2011-12-31,IDN,MCV1_measles_coverage_pct,80.0
2011-12-31,IND,BCG_coverage_pct,90.0
2011-12-31,IND,DTP3_coverage_pct,82.0
2011-12-31,IND,HepB3_coverage_pct,44.0
2011-12-31,IND,MCV1_measles_coverage_pct,84.0
2011-12-31,IRL,BCG_coverage_pct,41.0
2011-12-31,IRL,DTP3_coverage_pct,95.0
2011-12-31,IRL,HepB3_coverage_pct,95.0
2011-12-31,IRL,MCV1_measles_coverage_pct,92.0
2011-12-31,IRN,BCG_coverage_pct,99.0
2011-12-31,IRN,DTP3_coverage_pct,99.0
2011-12-31,IRN,HepB3_coverage_pct,99.0
2011-12-31,IRN,MCV1_measles_coverage_pct,99.0
2011-12-31,IRQ,BCG_coverage_pct,94.0
2011-12-31,IRQ,DTP3_coverage_pct,81.0
2011-12-31,IRQ,HepB3_coverage_pct,78.0
2011-12-31,IRQ,MCV1_measles_coverage_pct,80.0
2011-12-31,ISL,DTP3_coverage_pct,95.0
2011-12-31,ISL,HepB3_coverage_pct,0.0
2011-12-31,ISL,MCV1_measles_coverage_pct,94.0
2011-12-31,ISR,DTP3_coverage_pct,94.0
2011-12-31,ISR,HepB3_coverage_pct,98.0
2011-12-31,ISR,MCV1_measles_coverage_pct,97.0
2011-12-31,ITA,DTP3_coverage_pct,96.0
2011-12-31,ITA,HepB3_coverage_pct,96.0
2011-12-31,ITA,MCV1_measles_coverage_pct,90.0
2011-12-31,JAM,BCG_coverage_pct,96.0
2011-12-31,JAM,DTP3_coverage_pct,92.0
2011-12-31,JAM,HepB3_coverage_pct,92.0
2011-12-31,JAM,MCV1_measles_coverage_pct,88.0
2011-12-31,JOR,BCG_coverage_pct,95.0
2011-12-31,JOR,DTP3_coverage_pct,98.0
2011-12-31,JOR,HepB3_coverage_pct,98.0
2011-12-31,JOR,MCV1_measles_coverage_pct,98.0
2011-12-31,JPN,BCG_coverage_pct,94.0
2011-12-31,JPN,DTP3_coverage_pct,97.0
2011-12-31,JPN,HepB3_coverage_pct,0.0
2011-12-31,JPN,MCV1_measles_coverage_pct,94.0
2011-12-31,KAZ,BCG_coverage_pct,96.0
2011-12-31,KAZ,DTP3_coverage_pct,99.0
2011-12-31,KAZ,HepB3_coverage_pct,99.0
2011-12-31,KAZ,MCV1_measles_coverage_pct,99.0
2011-12-31,KEN,BCG_coverage_pct,99.0
2011-12-31,KEN,DTP3_coverage_pct,96.0
2011-12-31,KEN,HepB3_coverage_pct,96.0
2011-12-31,KEN,MCV1_measles_coverage_pct,87.0
2011-12-31,KGZ,BCG_coverage_pct,98.0
2011-12-31,KGZ,DTP3_coverage_pct,96.0
2011-12-31,KGZ,HepB3_coverage_pct,96.0
2011-12-31,KGZ,MCV1_measles_coverage_pct,97.0
2011-12-31,KHM,BCG_coverage_pct,98.0
2011-12-31,KHM,DTP3_coverage_pct,91.0
2011-12-31,KHM,HepB3_coverage_pct,91.0
2011-12-31,KHM,MCV1_measles_coverage_pct,88.0
2011-12-31,KIR,BCG_coverage_pct,86.0
2011-12-31,KIR,DTP3_coverage_pct,99.0
2011-12-31,KIR,HepB3_coverage_pct,95.0
2011-12-31,KIR,MCV1_measles_coverage_pct,90.0
2011-12-31,KNA,BCG_coverage_pct,99.0
2011-12-31,KNA,DTP3_coverage_pct,98.0
2011-12-31,KNA,HepB3_coverage_pct,98.0
2011-12-31,KNA,MCV1_measles_coverage_pct,99.0
2011-12-31,KOR,BCG_coverage_pct,99.0
2011-12-31,KOR,DTP3_coverage_pct,99.0
2011-12-31,KOR,HepB3_coverage_pct,99.0
2011-12-31,KOR,MCV1_measles_coverage_pct,99.0
2011-12-31,KWT,BCG_coverage_pct,99.0
2011-12-31,KWT,DTP3_coverage_pct,99.0
2011-12-31,KWT,HepB3_coverage_pct,99.0
2011-12-31,KWT,MCV1_measles_coverage_pct,99.0
2011-12-31,LAO,BCG_coverage_pct,78.0
2011-12-31,LAO,DTP3_coverage_pct,76.0
2011-12-31,LAO,HepB3_coverage_pct,76.0
2011-12-31,LAO,MCV1_measles_coverage_pct,67.0
2011-12-31,LBN,DTP3_coverage_pct,82.0
2011-12-31,LBN,HepB3_coverage_pct,82.0
2011-12-31,LBN,MCV1_measles_coverage_pct,85.0
2011-12-31,LBR,BCG_coverage_pct,85.0
2011-12-31,LBR,DTP3_coverage_pct,77.0
2011-12-31,LBR,HepB3_coverage_pct,77.0
2011-12-31,LBR,MCV1_measles_coverage_pct,71.0
2011-12-31,LBY,BCG_coverage_pct,99.0
2011-12-31,LBY,DTP3_coverage_pct,98.0
2011-12-31,LBY,HepB3_coverage_pct,98.0
2011-12-31,LBY,MCV1_measles_coverage_pct,98.0
2011-12-31,LCA,BCG_coverage_pct,99.0
2011-12-31,LCA,DTP3_coverage_pct,99.0
2011-12-31,LCA,HepB3_coverage_pct,99.0
2011-12-31,LCA,MCV1_measles_coverage_pct,91.0
2011-12-31,LKA,BCG_coverage_pct,99.0
2011-12-31,LKA,DTP3_coverage_pct,99.0
2011-12-31,LKA,HepB3_coverage_pct,99.0
2011-12-31,LKA,MCV1_measles_coverage_pct,99.0
2011-12-31,LSO,BCG_coverage_pct,87.0
2011-12-31,LSO,DTP3_coverage_pct,96.0
2011-12-31,LSO,HepB3_coverage_pct,96.0
2011-12-31,LSO,MCV1_measles_coverage_pct,92.0
2011-12-31,LTU,BCG_coverage_pct,98.0
2011-12-31,LTU,DTP3_coverage_pct,92.0
2011-12-31,LTU,HepB3_coverage_pct,95.0
2011-12-31,LTU,MCV1_measles_coverage_pct,94.0
2011-12-31,LUX,DTP3_coverage_pct,99.0
2011-12-31,LUX,HepB3_coverage_pct,95.0
2011-12-31,LUX,MCV1_measles_coverage_pct,96.0
2011-12-31,LVA,BCG_coverage_pct,93.0
2011-12-31,LVA,DTP3_coverage_pct,92.0
2011-12-31,LVA,HepB3_coverage_pct,89.0
2011-12-31,LVA,MCV1_measles_coverage_pct,92.0
2011-12-31,MAR,BCG_coverage_pct,99.0
2011-12-31,MAR,DTP3_coverage_pct,99.0
2011-12-31,MAR,HepB3_coverage_pct,98.0
2011-12-31,MAR,MCV1_measles_coverage_pct,99.0
2011-12-31,MCO,DTP3_coverage_pct,99.0
2011-12-31,MCO,HepB3_coverage_pct,99.0
2011-12-31,MCO,MCV1_measles_coverage_pct,91.0
2011-12-31,MDA,BCG_coverage_pct,98.0
2011-12-31,MDA,DTP3_coverage_pct,93.0
2011-12-31,MDA,HepB3_coverage_pct,96.0
2011-12-31,MDA,MCV1_measles_coverage_pct,91.0
2011-12-31,MDG,BCG_coverage_pct,82.0
2011-12-31,MDG,DTP3_coverage_pct,73.0
2011-12-31,MDG,HepB3_coverage_pct,73.0
2011-12-31,MDG,MCV1_measles_coverage_pct,62.0
2011-12-31,MDV,BCG_coverage_pct,98.0
2011-12-31,MDV,DTP3_coverage_pct,96.0
2011-12-31,MDV,HepB3_coverage_pct,96.0
2011-12-31,MDV,MCV1_measles_coverage_pct,96.0
2011-12-31,MEX,BCG_coverage_pct,99.0
2011-12-31,MEX,DTP3_coverage_pct,97.0
2011-12-31,MEX,HepB3_coverage_pct,98.0
2011-12-31,MEX,MCV1_measles_coverage_pct,98.0
2011-12-31,MHL,BCG_coverage_pct,80.0
2011-12-31,MHL,DTP3_coverage_pct,87.0
2011-12-31,MHL,HepB3_coverage_pct,89.0
2011-12-31,MHL,MCV1_measles_coverage_pct,88.0
2011-12-31,MKD,BCG_coverage_pct,94.0
2011-12-31,MKD,DTP3_coverage_pct,96.0
2011-12-31,MKD,HepB3_coverage_pct,96.0
2011-12-31,MKD,MCV1_measles_coverage_pct,97.0
2011-12-31,MLI,BCG_coverage_pct,84.0
2011-12-31,MLI,DTP3_coverage_pct,66.0
2011-12-31,MLI,HepB3_coverage_pct,66.0
2011-12-31,MLI,MCV1_measles_coverage_pct,72.0
2011-12-31,MLT,DTP3_coverage_pct,96.0
2011-12-31,MLT,HepB3_coverage_pct,82.0
2011-12-31,MLT,MCV1_measles_coverage_pct,84.0
2011-12-31,MMR,BCG_coverage_pct,93.0
2011-12-31,MMR,DTP3_coverage_pct,84.0
2011-12-31,MMR,HepB3_coverage_pct,40.0
2011-12-31,MMR,MCV1_measles_coverage_pct,88.0
2011-12-31,MNE,BCG_coverage_pct,97.0
2011-12-31,MNE,DTP3_coverage_pct,95.0
2011-12-31,MNE,HepB3_coverage_pct,91.0
2011-12-31,MNE,MCV1_measles_coverage_pct,91.0
2011-12-31,MNG,BCG_coverage_pct,99.0
2011-12-31,MNG,DTP3_coverage_pct,99.0
2011-12-31,MNG,HepB3_coverage_pct,99.0
2011-12-31,MNG,MCV1_measles_coverage_pct,98.0
2011-12-31,MOZ,BCG_coverage_pct,91.0
2011-12-31,MOZ,DTP3_coverage_pct,77.0
2011-12-31,MOZ,HepB3_coverage_pct,77.0
2011-12-31,MOZ,MCV1_measles_coverage_pct,82.0
2011-12-31,MRT,BCG_coverage_pct,86.0
2011-12-31,MRT,DTP3_coverage_pct,75.0
2011-12-31,MRT,HepB3_coverage_pct,75.0
2011-12-31,MRT,MCV1_measles_coverage_pct,67.0
2011-12-31,MUS,BCG_coverage_pct,99.0
2011-12-31,MUS,DTP3_coverage_pct,98.0
2011-12-31,MUS,HepB3_coverage_pct,98.0
2011-12-31,MUS,MCV1_measles_coverage_pct,99.0
2011-12-31,MWI,BCG_coverage_pct,99.0
2011-12-31,MWI,DTP3_coverage_pct,97.0
2011-12-31,MWI,HepB3_coverage_pct,97.0
2011-12-31,MWI,MCV1_measles_coverage_pct,96.0
2011-12-31,MYS,BCG_coverage_pct,99.0
2011-12-31,MYS,DTP3_coverage_pct,96.0
2011-12-31,MYS,HepB3_coverage_pct,96.0
2011-12-31,MYS,MCV1_measles_coverage_pct,95.0
2011-12-31,NAM,BCG_coverage_pct,89.0
2011-12-31,NAM,DTP3_coverage_pct,82.0
2011-12-31,NAM,HepB3_coverage_pct,82.0
2011-12-31,NAM,MCV1_measles_coverage_pct,74.0
2011-12-31,NER,BCG_coverage_pct,53.0
2011-12-31,NER,DTP3_coverage_pct,75.0
2011-12-31,NER,HepB3_coverage_pct,75.0
2011-12-31,NER,MCV1_measles_coverage_pct,69.0
2011-12-31,NGA,BCG_coverage_pct,57.0
2011-12-31,NGA,DTP3_coverage_pct,49.0
2011-12-31,NGA,HepB3_coverage_pct,45.0
2011-12-31,NGA,MCV1_measles_coverage_pct,49.0
2011-12-31,NIC,BCG_coverage_pct,99.0
2011-12-31,NIC,DTP3_coverage_pct,99.0
2011-12-31,NIC,HepB3_coverage_pct,99.0
2011-12-31,NIC,MCV1_measles_coverage_pct,99.0
2011-12-31,NIU,BCG_coverage_pct,99.0
2011-12-31,NIU,DTP3_coverage_pct,99.0
2011-12-31,NIU,HepB3_coverage_pct,99.0
2011-12-31,NIU,MCV1_measles_coverage_pct,99.0
2011-12-31,NLD,DTP3_coverage_pct,97.0
2011-12-31,NLD,HepB3_coverage_pct,20.0
2011-12-31,NLD,MCV1_measles_coverage_pct,96.0
2011-12-31,NOR,DTP3_coverage_pct,94.0
2011-12-31,NOR,HepB3_coverage_pct,0.0
2011-12-31,NOR,MCV1_measles_coverage_pct,93.0
2011-12-31,NPL,BCG_coverage_pct,97.0
2011-12-31,NPL,DTP3_coverage_pct,92.0
2011-12-31,NPL,HepB3_coverage_pct,92.0
2011-12-31,NPL,MCV1_measles_coverage_pct,88.0
2011-12-31,NRU,BCG_coverage_pct,99.0
2011-12-31,NRU,DTP3_coverage_pct,99.0
2011-12-31,NRU,HepB3_coverage_pct,99.0
2011-12-31,NRU,MCV1_measles_coverage_pct,99.0
2011-12-31,NZL,DTP3_coverage_pct,95.0
2011-12-31,NZL,HepB3_coverage_pct,95.0
2011-12-31,NZL,MCV1_measles_coverage_pct,93.0
2011-12-31,OMN,BCG_coverage_pct,99.0
2011-12-31,OMN,DTP3_coverage_pct,99.0
2011-12-31,OMN,HepB3_coverage_pct,99.0
2011-12-31,OMN,MCV1_measles_coverage_pct,99.0
2011-12-31,PAK,BCG_coverage_pct,83.0
2011-12-31,PAK,DTP3_coverage_pct,63.0
2011-12-31,PAK,HepB3_coverage_pct,63.0
2011-12-31,PAK,MCV1_measles_coverage_pct,59.0
2011-12-31,PAN,BCG_coverage_pct,99.0
2011-12-31,PAN,DTP3_coverage_pct,87.0
2011-12-31,PAN,HepB3_coverage_pct,87.0
2011-12-31,PAN,MCV1_measles_coverage_pct,97.0
2011-12-31,PER,BCG_coverage_pct,91.0
2011-12-31,PER,DTP3_coverage_pct,91.0
2011-12-31,PER,HepB3_coverage_pct,91.0
2011-12-31,PER,MCV1_measles_coverage_pct,96.0
2011-12-31,PHL,BCG_coverage_pct,94.0
2011-12-31,PHL,DTP3_coverage_pct,89.0
2011-12-31,PHL,HepB3_coverage_pct,89.0
2011-12-31,PHL,MCV1_measles_coverage_pct,86.0
2011-12-31,PLW,DTP3_coverage_pct,84.0
2011-12-31,PLW,HepB3_coverage_pct,91.0
2011-12-31,PLW,MCV1_measles_coverage_pct,85.0
2011-12-31,PNG,BCG_coverage_pct,91.0
2011-12-31,PNG,DTP3_coverage_pct,58.0
2011-12-31,PNG,HepB3_coverage_pct,58.0
2011-12-31,PNG,MCV1_measles_coverage_pct,66.0
2011-12-31,POL,BCG_coverage_pct,94.0
2011-12-31,POL,DTP3_coverage_pct,99.0
2011-12-31,POL,HepB3_coverage_pct,98.0
2011-12-31,POL,MCV1_measles_coverage_pct,98.0
2011-12-31,PRK,BCG_coverage_pct,98.0
2011-12-31,PRK,DTP3_coverage_pct,94.0
2011-12-31,PRK,HepB3_coverage_pct,94.0
2011-12-31,PRK,MCV1_measles_coverage_pct,99.0
2011-12-31,PRT,BCG_coverage_pct,97.0
2011-12-31,PRT,DTP3_coverage_pct,97.0
2011-12-31,PRT,HepB3_coverage_pct,97.0
2011-12-31,PRT,MCV1_measles_coverage_pct,97.0
2011-12-31,PRY,BCG_coverage_pct,94.0
2011-12-31,PRY,DTP3_coverage_pct,92.0
2011-12-31,PRY,HepB3_coverage_pct,91.0
2011-12-31,PRY,MCV1_measles_coverage_pct,91.0
2011-12-31,PSE,BCG_coverage_pct,98.0
2011-12-31,PSE,DTP3_coverage_pct,99.0
2011-12-31,PSE,HepB3_coverage_pct,99.0
2011-12-31,PSE,MCV1_measles_coverage_pct,99.0
2011-12-31,QAT,BCG_coverage_pct,97.0
2011-12-31,QAT,DTP3_coverage_pct,93.0
2011-12-31,QAT,HepB3_coverage_pct,93.0
2011-12-31,QAT,MCV1_measles_coverage_pct,98.0
2011-12-31,ROU,BCG_coverage_pct,99.0
2011-12-31,ROU,DTP3_coverage_pct,89.0
2011-12-31,ROU,HepB3_coverage_pct,96.0
2011-12-31,ROU,MCV1_measles_coverage_pct,93.0
2011-12-31,RUS,BCG_coverage_pct,95.0
2011-12-31,RUS,DTP3_coverage_pct,97.0
2011-12-31,RUS,HepB3_coverage_pct,97.0
2011-12-31,RUS,MCV1_measles_coverage_pct,98.0
2011-12-31,RWA,BCG_coverage_pct,99.0
2011-12-31,RWA,DTP3_coverage_pct,97.0
2011-12-31,RWA,HepB3_coverage_pct,97.0
2011-12-31,RWA,MCV1_measles_coverage_pct,95.0
2011-12-31,SAU,BCG_coverage_pct,98.0
2011-12-31,SAU,DTP3_coverage_pct,98.0
2011-12-31,SAU,HepB3_coverage_pct,98.0
2011-12-31,SAU,MCV1_measles_coverage_pct,98.0
2011-12-31,SDN,BCG_coverage_pct,92.0
2011-12-31,SDN,DTP3_coverage_pct,93.0
2011-12-31,SDN,HepB3_coverage_pct,93.0
2011-12-31,SDN,MCV1_measles_coverage_pct,87.0
2011-12-31,SEN,BCG_coverage_pct,97.0
2011-12-31,SEN,DTP3_coverage_pct,92.0
2011-12-31,SEN,HepB3_coverage_pct,92.0
2011-12-31,SEN,MCV1_measles_coverage_pct,84.0
2011-12-31,SGP,BCG_coverage_pct,99.0
2011-12-31,SGP,DTP3_coverage_pct,96.0
2011-12-31,SGP,HepB3_coverage_pct,96.0
2011-12-31,SGP,MCV1_measles_coverage_pct,95.0
2011-12-31,SLB,BCG_coverage_pct,94.0
2011-12-31,SLB,DTP3_coverage_pct,91.0
2011-12-31,SLB,HepB3_coverage_pct,92.0
2011-12-31,SLB,MCV1_measles_coverage_pct,77.0
2011-12-31,SLE,BCG_coverage_pct,97.0
2011-12-31,SLE,DTP3_coverage_pct,89.0
2011-12-31,SLE,HepB3_coverage_pct,89.0
2011-12-31,SLE,MCV1_measles_coverage_pct,84.0
2011-12-31,SLV,BCG_coverage_pct,95.0
2011-12-31,SLV,DTP3_coverage_pct,89.0
2011-12-31,SLV,HepB3_coverage_pct,89.0
2011-12-31,SLV,MCV1_measles_coverage_pct,89.0
2011-12-31,SMR,DTP3_coverage_pct,92.0
2011-12-31,SMR,HepB3_coverage_pct,92.0
2011-12-31,SMR,MCV1_measles_coverage_pct,90.0
2011-12-31,SOM,BCG_coverage_pct,39.0
2011-12-31,SOM,DTP3_coverage_pct,41.0
2011-12-31,SOM,HepB3_coverage_pct,0.0
2011-12-31,SOM,MCV1_measles_coverage_pct,46.0
2011-12-31,SRB,BCG_coverage_pct,99.0
2011-12-31,SRB,DTP3_coverage_pct,94.0
2011-12-31,SRB,HepB3_coverage_pct,94.0
2011-12-31,SRB,MCV1_measles_coverage_pct,93.0
2011-12-31,SSD,BCG_coverage_pct,75.0
2011-12-31,SSD,DTP3_coverage_pct,61.0
2011-12-31,SSD,HepB3_coverage_pct,0.0
2011-12-31,SSD,MCV1_measles_coverage_pct,62.0
2011-12-31,STP,BCG_coverage_pct,99.0
2011-12-31,STP,DTP3_coverage_pct,96.0
2011-12-31,STP,HepB3_coverage_pct,96.0
2011-12-31,STP,MCV1_measles_coverage_pct,91.0
2011-12-31,SUR,DTP3_coverage_pct,80.0
2011-12-31,SUR,HepB3_coverage_pct,80.0
2011-12-31,SUR,MCV1_measles_coverage_pct,79.0
2011-12-31,SVK,BCG_coverage_pct,97.0
2011-12-31,SVK,DTP3_coverage_pct,99.0
2011-12-31,SVK,HepB3_coverage_pct,99.0
2011-12-31,SVK,MCV1_measles_coverage_pct,98.0
2011-12-31,SVN,DTP3_coverage_pct,96.0
2011-12-31,SVN,HepB3_coverage_pct,0.0
2011-12-31,SVN,MCV1_measles_coverage_pct,96.0
2011-12-31,SWE,BCG_coverage_pct,23.0
2011-12-31,SWE,DTP3_coverage_pct,98.0
2011-12-31,SWE,HepB3_coverage_pct,29.0
2011-12-31,SWE,MCV1_measles_coverage_pct,97.0
2011-12-31,SWZ,BCG_coverage_pct,98.0
2011-12-31,SWZ,DTP3_coverage_pct,91.0
2011-12-31,SWZ,HepB3_coverage_pct,91.0
2011-12-31,SWZ,MCV1_measles_coverage_pct,87.0
2011-12-31,SYC,BCG_coverage_pct,99.0
2011-12-31,SYC,DTP3_coverage_pct,99.0
2011-12-31,SYC,HepB3_coverage_pct,99.0
2011-12-31,SYC,MCV1_measles_coverage_pct,99.0
2011-12-31,SYR,BCG_coverage_pct,90.0
2011-12-31,SYR,DTP3_coverage_pct,72.0
2011-12-31,SYR,HepB3_coverage_pct,66.0
2011-12-31,SYR,MCV1_measles_coverage_pct,80.0
2011-12-31,TCD,BCG_coverage_pct,53.0
2011-12-31,TCD,DTP3_coverage_pct,33.0
2011-12-31,TCD,HepB3_coverage_pct,33.0
2011-12-31,TCD,MCV1_measles_coverage_pct,54.0
2011-12-31,TGO,BCG_coverage_pct,97.0
2011-12-31,TGO,DTP3_coverage_pct,85.0
2011-12-31,TGO,HepB3_coverage_pct,85.0
2011-12-31,TGO,MCV1_measles_coverage_pct,72.0
2011-12-31,THA,BCG_coverage_pct,99.0
2011-12-31,THA,DTP3_coverage_pct,99.0
2011-12-31,THA,HepB3_coverage_pct,98.0
2011-12-31,THA,MCV1_measles_coverage_pct,98.0
2011-12-31,TJK,BCG_coverage_pct,96.0
2011-12-31,TJK,DTP3_coverage_pct,93.0
2011-12-31,TJK,HepB3_coverage_pct,93.0
2011-12-31,TJK,MCV1_measles_coverage_pct,93.0
2011-12-31,TKM,BCG_coverage_pct,98.0
2011-12-31,TKM,DTP3_coverage_pct,97.0
2011-12-31,TKM,HepB3_coverage_pct,97.0
2011-12-31,TKM,MCV1_measles_coverage_pct,99.0
2011-12-31,TLS,BCG_coverage_pct,79.0
2011-12-31,TLS,DTP3_coverage_pct,67.0
2011-12-31,TLS,HepB3_coverage_pct,67.0
2011-12-31,TLS,MCV1_measles_coverage_pct,62.0
2011-12-31,TON,BCG_coverage_pct,99.0
2011-12-31,TON,DTP3_coverage_pct,99.0
2011-12-31,TON,HepB3_coverage_pct,99.0
2011-12-31,TON,MCV1_measles_coverage_pct,99.0
2011-12-31,TTO,DTP3_coverage_pct,90.0
2011-12-31,TTO,HepB3_coverage_pct,90.0
2011-12-31,TTO,MCV1_measles_coverage_pct,92.0
2011-12-31,TUN,BCG_coverage_pct,98.0
2011-12-31,TUN,DTP3_coverage_pct,98.0
2011-12-31,TUN,HepB3_coverage_pct,98.0
2011-12-31,TUN,MCV1_measles_coverage_pct,96.0
2011-12-31,TUR,BCG_coverage_pct,96.0
2011-12-31,TUR,DTP3_coverage_pct,97.0
2011-12-31,TUR,HepB3_coverage_pct,96.0
2011-12-31,TUR,MCV1_measles_coverage_pct,98.0
2011-12-31,TUV,BCG_coverage_pct,99.0
2011-12-31,TUV,DTP3_coverage_pct,96.0
2011-12-31,TUV,HepB3_coverage_pct,96.0
2011-12-31,TUV,MCV1_measles_coverage_pct,98.0
2011-12-31,TZA,BCG_coverage_pct,99.0
2011-12-31,TZA,DTP3_coverage_pct,90.0
2011-12-31,TZA,HepB3_coverage_pct,90.0
2011-12-31,TZA,MCV1_measles_coverage_pct,93.0
2011-12-31,UGA,BCG_coverage_pct,97.0
2011-12-31,UGA,DTP3_coverage_pct,82.0
2011-12-31,UGA,HepB3_coverage_pct,82.0
2011-12-31,UGA,MCV1_measles_coverage_pct,75.0
2011-12-31,UKR,BCG_coverage_pct,90.0
2011-12-31,UKR,DTP3_coverage_pct,50.0
2011-12-31,UKR,HepB3_coverage_pct,21.0
2011-12-31,UKR,MCV1_measles_coverage_pct,67.0
2011-12-31,URY,BCG_coverage_pct,99.0
2011-12-31,URY,DTP3_coverage_pct,95.0
2011-12-31,URY,HepB3_coverage_pct,95.0
2011-12-31,URY,MCV1_measles_coverage_pct,95.0
2011-12-31,USA,DTP3_coverage_pct,96.0
2011-12-31,USA,HepB3_coverage_pct,91.0
2011-12-31,USA,MCV1_measles_coverage_pct,92.0
2011-12-31,UZB,BCG_coverage_pct,99.0
2011-12-31,UZB,DTP3_coverage_pct,99.0
2011-12-31,UZB,HepB3_coverage_pct,99.0
2011-12-31,UZB,MCV1_measles_coverage_pct,99.0
2011-12-31,VCT,BCG_coverage_pct,99.0
2011-12-31,VCT,DTP3_coverage_pct,96.0
2011-12-31,VCT,HepB3_coverage_pct,96.0
2011-12-31,VCT,MCV1_measles_coverage_pct,97.0
2011-12-31,VEN,BCG_coverage_pct,95.0
2011-12-31,VEN,DTP3_coverage_pct,78.0
2011-12-31,VEN,HepB3_coverage_pct,78.0
2011-12-31,VEN,MCV1_measles_coverage_pct,86.0
2011-12-31,VNM,BCG_coverage_pct,98.0
2011-12-31,VNM,DTP3_coverage_pct,95.0
2011-12-31,VNM,HepB3_coverage_pct,95.0
2011-12-31,VNM,MCV1_measles_coverage_pct,96.0
2011-12-31,VUT,BCG_coverage_pct,90.0
2011-12-31,VUT,DTP3_coverage_pct,79.0
2011-12-31,VUT,HepB3_coverage_pct,79.0
2011-12-31,VUT,MCV1_measles_coverage_pct,75.0
2011-12-31,WSM,BCG_coverage_pct,95.0
2011-12-31,WSM,DTP3_coverage_pct,82.0
2011-12-31,WSM,HepB3_coverage_pct,75.0
2011-12-31,WSM,MCV1_measles_coverage_pct,59.0
2011-12-31,YEM,BCG_coverage_pct,59.0
2011-12-31,YEM,DTP3_coverage_pct,69.0
2011-12-31,YEM,HepB3_coverage_pct,69.0
2011-12-31,YEM,MCV1_measles_coverage_pct,66.0
2011-12-31,ZAF,BCG_coverage_pct,84.0
2011-12-31,ZAF,DTP3_coverage_pct,75.0
2011-12-31,ZAF,HepB3_coverage_pct,76.0
2011-12-31,ZAF,MCV1_measles_coverage_pct,77.0
2011-12-31,ZMB,BCG_coverage_pct,92.0
2011-12-31,ZMB,DTP3_coverage_pct,81.0
2011-12-31,ZMB,HepB3_coverage_pct,81.0
2011-12-31,ZMB,MCV1_measles_coverage_pct,83.0
2011-12-31,ZWE,BCG_coverage_pct,98.0
2011-12-31,ZWE,DTP3_coverage_pct,93.0
2011-12-31,ZWE,HepB3_coverage_pct,94.0
2011-12-31,ZWE,MCV1_measles_coverage_pct,92.0
2012-12-31,AFG,BCG_coverage_pct,78.0
2012-12-31,AFG,DTP3_coverage_pct,67.0
2012-12-31,AFG,HepB3_coverage_pct,67.0
2012-12-31,AFG,MCV1_measles_coverage_pct,59.0
2012-12-31,AGO,BCG_coverage_pct,72.0
2012-12-31,AGO,DTP3_coverage_pct,52.0
2012-12-31,AGO,HepB3_coverage_pct,52.0
2012-12-31,AGO,MCV1_measles_coverage_pct,59.0
2012-12-31,ALB,BCG_coverage_pct,96.0
2012-12-31,ALB,DTP3_coverage_pct,99.0
2012-12-31,ALB,HepB3_coverage_pct,99.0
2012-12-31,ALB,MCV1_measles_coverage_pct,98.0
2012-12-31,AND,DTP3_coverage_pct,99.0
2012-12-31,AND,HepB3_coverage_pct,97.0
2012-12-31,AND,MCV1_measles_coverage_pct,98.0
2012-12-31,ARE,BCG_coverage_pct,94.0
2012-12-31,ARE,DTP3_coverage_pct,96.0
2012-12-31,ARE,HepB3_coverage_pct,96.0
2012-12-31,ARE,MCV1_measles_coverage_pct,96.0
2012-12-31,ARG,BCG_coverage_pct,99.0
2012-12-31,ARG,DTP3_coverage_pct,91.0
2012-12-31,ARG,HepB3_coverage_pct,91.0
2012-12-31,ARG,MCV1_measles_coverage_pct,94.0
2012-12-31,ARM,BCG_coverage_pct,96.0
2012-12-31,ARM,DTP3_coverage_pct,95.0
2012-12-31,ARM,HepB3_coverage_pct,95.0
2012-12-31,ARM,MCV1_measles_coverage_pct,97.0
2012-12-31,ATG,DTP3_coverage_pct,98.0
2012-12-31,ATG,HepB3_coverage_pct,98.0
2012-12-31,ATG,MCV1_measles_coverage_pct,98.0
2012-12-31,AUS,DTP3_coverage_pct,92.0
2012-12-31,AUS,HepB3_coverage_pct,92.0
2012-12-31,AUS,MCV1_measles_coverage_pct,94.0
2012-12-31,AUT,DTP3_coverage_pct,90.0
2012-12-31,AUT,HepB3_coverage_pct,90.0
2012-12-31,AUT,MCV1_measles_coverage_pct,83.0
2012-12-31,AZE,BCG_coverage_pct,98.0
2012-12-31,AZE,DTP3_coverage_pct,79.0
2012-12-31,AZE,HepB3_coverage_pct,78.0
2012-12-31,AZE,MCV1_measles_coverage_pct,86.0
2012-12-31,BDI,BCG_coverage_pct,98.0
2012-12-31,BDI,DTP3_coverage_pct,96.0
2012-12-31,BDI,HepB3_coverage_pct,96.0
2012-12-31,BDI,MCV1_measles_coverage_pct,93.0
2012-12-31,BEL,DTP3_coverage_pct,99.0
2012-12-31,BEL,HepB3_coverage_pct,98.0
2012-12-31,BEL,MCV1_measles_coverage_pct,96.0
2012-12-31,BEN,BCG_coverage_pct,96.0
2012-12-31,BEN,DTP3_coverage_pct,80.0
2012-12-31,BEN,HepB3_coverage_pct,80.0
2012-12-31,BEN,MCV1_measles_coverage_pct,74.0
2012-12-31,BFA,BCG_coverage_pct,97.0
2012-12-31,BFA,DTP3_coverage_pct,90.0
2012-12-31,BFA,HepB3_coverage_pct,90.0
2012-12-31,BFA,MCV1_measles_coverage_pct,87.0
2012-12-31,BGD,BCG_coverage_pct,98.0
2012-12-31,BGD,DTP3_coverage_pct,94.0
2012-12-31,BGD,HepB3_coverage_pct,94.0
2012-12-31,BGD,MCV1_measles_coverage_pct,88.0
2012-12-31,BGR,BCG_coverage_pct,97.0
2012-12-31,BGR,DTP3_coverage_pct,95.0
2012-12-31,BGR,HepB3_coverage_pct,95.0
2012-12-31,BGR,MCV1_measles_coverage_pct,94.0
2012-12-31,BHR,DTP3_coverage_pct,99.0
2012-12-31,BHR,HepB3_coverage_pct,99.0
2012-12-31,BHR,MCV1_measles_coverage_pct,99.0
2012-12-31,BHS,DTP3_coverage_pct,98.0
2012-12-31,BHS,HepB3_coverage_pct,96.0
2012-12-31,BHS,MCV1_measles_coverage_pct,91.0
2012-12-31,BIH,BCG_coverage_pct,96.0
2012-12-31,BIH,DTP3_coverage_pct,92.0
2012-12-31,BIH,HepB3_coverage_pct,92.0
2012-12-31,BIH,MCV1_measles_coverage_pct,94.0
2012-12-31,BLR,BCG_coverage_pct,98.0
2012-12-31,BLR,DTP3_coverage_pct,98.0
2012-12-31,BLR,HepB3_coverage_pct,97.0
2012-12-31,BLR,MCV1_measles_coverage_pct,98.0
2012-12-31,BLZ,BCG_coverage_pct,98.0
2012-12-31,BLZ,DTP3_coverage_pct,98.0
2012-12-31,BLZ,HepB3_coverage_pct,98.0
2012-12-31,BLZ,MCV1_measles_coverage_pct,96.0
2012-12-31,BOL,BCG_coverage_pct,99.0
2012-12-31,BOL,DTP3_coverage_pct,93.0
2012-12-31,BOL,HepB3_coverage_pct,93.0
2012-12-31,BOL,MCV1_measles_coverage_pct,92.0
2012-12-31,BRA,BCG_coverage_pct,99.0
2012-12-31,BRA,DTP3_coverage_pct,95.0
2012-12-31,BRA,HepB3_coverage_pct,96.0
2012-12-31,BRA,MCV1_measles_coverage_pct,99.0
2012-12-31,BRB,DTP3_coverage_pct,87.0
2012-12-31,BRB,HepB3_coverage_pct,87.0
2012-12-31,BRB,MCV1_measles_coverage_pct,90.0
2012-12-31,BRN,BCG_coverage_pct,99.0
2012-12-31,BRN,DTP3_coverage_pct,95.0
2012-12-31,BRN,HepB3_coverage_pct,99.0
2012-12-31,BRN,MCV1_measles_coverage_pct,95.0
2012-12-31,BTN,BCG_coverage_pct,95.0
2012-12-31,BTN,DTP3_coverage_pct,97.0
2012-12-31,BTN,HepB3_coverage_pct,97.0
2012-12-31,BTN,MCV1_measles_coverage_pct,95.0
2012-12-31,BWA,BCG_coverage_pct,98.0
2012-12-31,BWA,DTP3_coverage_pct,95.0
2012-12-31,BWA,HepB3_coverage_pct,95.0
2012-12-31,BWA,MCV1_measles_coverage_pct,97.0
2012-12-31,CAF,BCG_coverage_pct,74.0
2012-12-31,CAF,DTP3_coverage_pct,47.0
2012-12-31,CAF,HepB3_coverage_pct,47.0
2012-12-31,CAF,MCV1_measles_coverage_pct,48.0
2012-12-31,CAN,DTP3_coverage_pct,91.0
2012-12-31,CAN,HepB3_coverage_pct,70.0
2012-12-31,CAN,MCV1_measles_coverage_pct,89.0
2012-12-31,CHE,DTP3_coverage_pct,96.0
2012-12-31,CHE,HepB3_coverage_pct,0.0
2012-12-31,CHE,MCV1_measles_coverage_pct,93.0
2012-12-31,CHL,BCG_coverage_pct,92.0
2012-12-31,CHL,DTP3_coverage_pct,90.0
2012-12-31,CHL,HepB3_coverage_pct,90.0
2012-12-31,CHL,MCV1_measles_coverage_pct,90.0
2012-12-31,CHN,BCG_coverage_pct,99.0
2012-12-31,CHN,DTP3_coverage_pct,99.0
2012-12-31,CHN,HepB3_coverage_pct,99.0
2012-12-31,CHN,MCV1_measles_coverage_pct,99.0
2012-12-31,CIV,BCG_coverage_pct,93.0
2012-12-31,CIV,DTP3_coverage_pct,82.0
2012-12-31,CIV,HepB3_coverage_pct,82.0
2012-12-31,CIV,MCV1_measles_coverage_pct,74.0
2012-12-31,CMR,BCG_coverage_pct,84.0
2012-12-31,CMR,DTP3_coverage_pct,79.0
2012-12-31,CMR,HepB3_coverage_pct,85.0
2012-12-31,CMR,MCV1_measles_coverage_pct,74.0
2012-12-31,COD,BCG_coverage_pct,83.0
2012-12-31,COD,DTP3_coverage_pct,71.0
2012-12-31,COD,HepB3_coverage_pct,71.0
2012-12-31,COD,MCV1_measles_coverage_pct,69.0
2012-12-31,COG,BCG_coverage_pct,92.0
2012-12-31,COG,DTP3_coverage_pct,85.0
2012-12-31,COG,HepB3_coverage_pct,62.0
2012-12-31,COG,MCV1_measles_coverage_pct,80.0
2012-12-31,COK,BCG_coverage_pct,98.0
2012-12-31,COK,DTP3_coverage_pct,98.0
2012-12-31,COK,HepB3_coverage_pct,98.0
2012-12-31,COK,MCV1_measles_coverage_pct,97.0
2012-12-31,COL,BCG_coverage_pct,89.0
2012-12-31,COL,DTP3_coverage_pct,92.0
2012-12-31,COL,HepB3_coverage_pct,92.0
2012-12-31,COL,MCV1_measles_coverage_pct,94.0
2012-12-31,COM,BCG_coverage_pct,79.0
2012-12-31,COM,DTP3_coverage_pct,86.0
2012-12-31,COM,HepB3_coverage_pct,86.0
2012-12-31,COM,MCV1_measles_coverage_pct,85.0
2012-12-31,CPV,BCG_coverage_pct,99.0
2012-12-31,CPV,DTP3_coverage_pct,94.0
2012-12-31,CPV,HepB3_coverage_pct,94.0
2012-12-31,CPV,MCV1_measles_coverage_pct,91.0
2012-12-31,CRI,BCG_coverage_pct,91.0
2012-12-31,CRI,DTP3_coverage_pct,91.0
2012-12-31,CRI,HepB3_coverage_pct,91.0
2012-12-31,CRI,MCV1_measles_coverage_pct,90.0
2012-12-31,CUB,BCG_coverage_pct,99.0
2012-12-31,CUB,DTP3_coverage_pct,99.0
2012-12-31,CUB,HepB3_coverage_pct,96.0
2012-12-31,CUB,MCV1_measles_coverage_pct,99.0
2012-12-31,CYP,DTP3_coverage_pct,99.0
2012-12-31,CYP,HepB3_coverage_pct,96.0
2012-12-31,CYP,MCV1_measles_coverage_pct,86.0
2012-12-31,CZE,DTP3_coverage_pct,99.0
2012-12-31,CZE,HepB3_coverage_pct,99.0
2012-12-31,CZE,MCV1_measles_coverage_pct,98.0
2012-12-31,DEU,DTP3_coverage_pct,95.0
2012-12-31,DEU,HepB3_coverage_pct,87.0
2012-12-31,DEU,MCV1_measles_coverage_pct,97.0
2012-12-31,DJI,BCG_coverage_pct,87.0
2012-12-31,DJI,DTP3_coverage_pct,81.0
2012-12-31,DJI,HepB3_coverage_pct,81.0
2012-12-31,DJI,MCV1_measles_coverage_pct,83.0
2012-12-31,DMA,BCG_coverage_pct,98.0
2012-12-31,DMA,DTP3_coverage_pct,97.0
2012-12-31,DMA,HepB3_coverage_pct,97.0
2012-12-31,DMA,MCV1_measles_coverage_pct,99.0
2012-12-31,DNK,DTP3_coverage_pct,94.0
2012-12-31,DNK,HepB3_coverage_pct,0.0
2012-12-31,DNK,MCV1_measles_coverage_pct,90.0
2012-12-31,DOM,BCG_coverage_pct,99.0
2012-12-31,DOM,DTP3_coverage_pct,85.0
2012-12-31,DOM,HepB3_coverage_pct,74.0
2012-12-31,DOM,MCV1_measles_coverage_pct,88.0
2012-12-31,DZA,BCG_coverage_pct,99.0
2012-12-31,DZA,DTP3_coverage_pct,95.0
2012-12-31,DZA,HepB3_coverage_pct,95.0
2012-12-31,DZA,MCV1_measles_coverage_pct,95.0
2012-12-31,ECU,BCG_coverage_pct,94.0
2012-12-31,ECU,DTP3_coverage_pct,87.0
2012-12-31,ECU,HepB3_coverage_pct,88.0
2012-12-31,ECU,MCV1_measles_coverage_pct,96.0
2012-12-31,EGY,BCG_coverage_pct,95.0
2012-12-31,EGY,DTP3_coverage_pct,93.0
2012-12-31,EGY,HepB3_coverage_pct,93.0
2012-12-31,EGY,MCV1_measles_coverage_pct,93.0
2012-12-31,ERI,BCG_coverage_pct,97.0
2012-12-31,ERI,DTP3_coverage_pct,94.0
2012-12-31,ERI,HepB3_coverage_pct,94.0
2012-12-31,ERI,MCV1_measles_coverage_pct,98.0
2012-12-31,ESP,DTP3_coverage_pct,96.0
2012-12-31,ESP,HepB3_coverage_pct,96.0
2012-12-31,ESP,MCV1_measles_coverage_pct,97.0
2012-12-31,EST,BCG_coverage_pct,97.0
2012-12-31,EST,DTP3_coverage_pct,94.0
2012-12-31,EST,HepB3_coverage_pct,94.0
2012-12-31,EST,MCV1_measles_coverage_pct,94.0
2012-12-31,ETH,BCG_coverage_pct,70.0
2012-12-31,ETH,DTP3_coverage_pct,61.0
2012-12-31,ETH,HepB3_coverage_pct,62.0
2012-12-31,ETH,MCV1_measles_coverage_pct,62.0
2012-12-31,FIN,DTP3_coverage_pct,99.0
2012-12-31,FIN,HepB3_coverage_pct,0.0
2012-12-31,FIN,MCV1_measles_coverage_pct,97.0
2012-12-31,FJI,BCG_coverage_pct,99.0
2012-12-31,FJI,DTP3_coverage_pct,99.0
2012-12-31,FJI,HepB3_coverage_pct,99.0
2012-12-31,FJI,MCV1_measles_coverage_pct,98.0
2012-12-31,FRA,DTP3_coverage_pct,99.0
2012-12-31,FRA,HepB3_coverage_pct,78.0
2012-12-31,FRA,MCV1_measles_coverage_pct,91.0
2012-12-31,FSM,BCG_coverage_pct,78.0
2012-12-31,FSM,DTP3_coverage_pct,81.0
2012-12-31,FSM,HepB3_coverage_pct,82.0
2012-12-31,FSM,MCV1_measles_coverage_pct,91.0
2012-12-31,GAB,BCG_coverage_pct,96.0
2012-12-31,GAB,DTP3_coverage_pct,82.0
2012-12-31,GAB,HepB3_coverage_pct,82.0
2012-12-31,GAB,MCV1_measles_coverage_pct,71.0
2012-12-31,GBR,DTP3_coverage_pct,95.0
2012-12-31,GBR,HepB3_coverage_pct,0.0
2012-12-31,GBR,MCV1_measles_coverage_pct,92.0
2012-12-31,GEO,BCG_coverage_pct,95.0
2012-12-31,GEO,DTP3_coverage_pct,92.0
2012-12-31,GEO,HepB3_coverage_pct,92.0
2012-12-31,GEO,MCV1_measles_coverage_pct,93.0
2012-12-31,GHA,BCG_coverage_pct,98.0
2012-12-31,GHA,DTP3_coverage_pct,92.0
2012-12-31,GHA,HepB3_coverage_pct,92.0
2012-12-31,GHA,MCV1_measles_coverage_pct,89.0
2012-12-31,GIN,BCG_coverage_pct,77.0
2012-12-31,GIN,DTP3_coverage_pct,57.0
2012-12-31,GIN,HepB3_coverage_pct,57.0
2012-12-31,GIN,MCV1_measles_coverage_pct,58.0
2012-12-31,GMB,BCG_coverage_pct,98.0
2012-12-31,GMB,DTP3_coverage_pct,98.0
2012-12-31,GMB,HepB3_coverage_pct,98.0
2012-12-31,GMB,MCV1_measles_coverage_pct,95.0
2012-12-31,GNB,BCG_coverage_pct,94.0
2012-12-31,GNB,DTP3_coverage_pct,87.0
2012-12-31,GNB,HepB3_coverage_pct,87.0
2012-12-31,GNB,MCV1_measles_coverage_pct,81.0
2012-12-31,GNQ,BCG_coverage_pct,78.0
2012-12-31,GNQ,DTP3_coverage_pct,54.0
2012-12-31,GNQ,HepB3_coverage_pct,0.0
2012-12-31,GNQ,MCV1_measles_coverage_pct,49.0
2012-12-31,GRC,DTP3_coverage_pct,99.0
2012-12-31,GRC,HepB3_coverage_pct,98.0
2012-12-31,GRC,MCV1_measles_coverage_pct,99.0
2012-12-31,GRD,DTP3_coverage_pct,97.0
2012-12-31,GRD,HepB3_coverage_pct,97.0
2012-12-31,GRD,MCV1_measles_coverage_pct,94.0
2012-12-31,GTM,BCG_coverage_pct,94.0
2012-12-31,GTM,DTP3_coverage_pct,96.0
2012-12-31,GTM,HepB3_coverage_pct,96.0
2012-12-31,GTM,MCV1_measles_coverage_pct,93.0
2012-12-31,GUY,BCG_coverage_pct,98.0
2012-12-31,GUY,DTP3_coverage_pct,97.0
2012-12-31,GUY,HepB3_coverage_pct,97.0
2012-12-31,GUY,MCV1_measles_coverage_pct,99.0
2012-12-31,HND,BCG_coverage_pct,98.0
2012-12-31,HND,DTP3_coverage_pct,98.0
2012-12-31,HND,HepB3_coverage_pct,98.0
2012-12-31,HND,MCV1_measles_coverage_pct,97.0
2012-12-31,HRV,BCG_coverage_pct,99.0
2012-12-31,HRV,DTP3_coverage_pct,96.0
2012-12-31,HRV,HepB3_coverage_pct,96.0
2012-12-31,HRV,MCV1_measles_coverage_pct,95.0
2012-12-31,HTI,BCG_coverage_pct,80.0
2012-12-31,HTI,DTP3_coverage_pct,66.0
2012-12-31,HTI,HepB3_coverage_pct,0.0
2012-12-31,HTI,MCV1_measles_coverage_pct,66.0
2012-12-31,HUN,BCG_coverage_pct,99.0
2012-12-31,HUN,DTP3_coverage_pct,99.0
2012-12-31,HUN,HepB3_coverage_pct,0.0
2012-12-31,HUN,MCV1_measles_coverage_pct,99.0
2012-12-31,IDN,BCG_coverage_pct,88.0
2012-12-31,IDN,DTP3_coverage_pct,87.0
2012-12-31,IDN,HepB3_coverage_pct,85.0
2012-12-31,IDN,MCV1_measles_coverage_pct,82.0
2012-12-31,IND,BCG_coverage_pct,90.0
2012-12-31,IND,DTP3_coverage_pct,82.0
2012-12-31,IND,HepB3_coverage_pct,70.0
2012-12-31,IND,MCV1_measles_coverage_pct,83.0
2012-12-31,IRL,BCG_coverage_pct,42.0
2012-12-31,IRL,DTP3_coverage_pct,95.0
2012-12-31,IRL,HepB3_coverage_pct,95.0
2012-12-31,IRL,MCV1_measles_coverage_pct,92.0
2012-12-31,IRN,BCG_coverage_pct,99.0
2012-12-31,IRN,DTP3_coverage_pct,99.0
2012-12-31,IRN,HepB3_coverage_pct,98.0
2012-12-31,IRN,MCV1_measles_coverage_pct,98.0
2012-12-31,IRQ,BCG_coverage_pct,99.0
2012-12-31,IRQ,DTP3_coverage_pct,72.0
2012-12-31,IRQ,HepB3_coverage_pct,65.0
2012-12-31,IRQ,MCV1_measles_coverage_pct,74.0
2012-12-31,ISL,DTP3_coverage_pct,89.0
2012-12-31,ISL,HepB3_coverage_pct,0.0
2012-12-31,ISL,MCV1_measles_coverage_pct,90.0
2012-12-31,ISR,DTP3_coverage_pct,94.0
2012-12-31,ISR,HepB3_coverage_pct,97.0
2012-12-31,ISR,MCV1_measles_coverage_pct,96.0
2012-12-31,ITA,DTP3_coverage_pct,97.0
2012-12-31,ITA,HepB3_coverage_pct,96.0
2012-12-31,ITA,MCV1_measles_coverage_pct,90.0
2012-12-31,JAM,BCG_coverage_pct,96.0
2012-12-31,JAM,DTP3_coverage_pct,96.0
2012-12-31,JAM,HepB3_coverage_pct,96.0
2012-12-31,JAM,MCV1_measles_coverage_pct,93.0
2012-12-31,JOR,BCG_coverage_pct,96.0
2012-12-31,JOR,DTP3_coverage_pct,98.0
2012-12-31,JOR,HepB3_coverage_pct,98.0
2012-12-31,JOR,MCV1_measles_coverage_pct,98.0
2012-12-31,JPN,BCG_coverage_pct,95.0
2012-12-31,JPN,DTP3_coverage_pct,97.0
2012-12-31,JPN,HepB3_coverage_pct,0.0
2012-12-31,JPN,MCV1_measles_coverage_pct,96.0
2012-12-31,KAZ,BCG_coverage_pct,95.0
2012-12-31,KAZ,DTP3_coverage_pct,99.0
2012-12-31,KAZ,HepB3_coverage_pct,95.0
2012-12-31,KAZ,MCV1_measles_coverage_pct,96.0
2012-12-31,KEN,BCG_coverage_pct,97.0
2012-12-31,KEN,DTP3_coverage_pct,94.0
2012-12-31,KEN,HepB3_coverage_pct,94.0
2012-12-31,KEN,MCV1_measles_coverage_pct,93.0
2012-12-31,KGZ,BCG_coverage_pct,98.0
2012-12-31,KGZ,DTP3_coverage_pct,96.0
2012-12-31,KGZ,HepB3_coverage_pct,96.0
2012-12-31,KGZ,MCV1_measles_coverage_pct,98.0
2012-12-31,KHM,BCG_coverage_pct,99.0
2012-12-31,KHM,DTP3_coverage_pct,90.0
2012-12-31,KHM,HepB3_coverage_pct,91.0
2012-12-31,KHM,MCV1_measles_coverage_pct,84.0
2012-12-31,KIR,BCG_coverage_pct,95.0
2012-12-31,KIR,DTP3_coverage_pct,94.0
2012-12-31,KIR,HepB3_coverage_pct,94.0
2012-12-31,KIR,MCV1_measles_coverage_pct,91.0
2012-12-31,KNA,BCG_coverage_pct,95.0
2012-12-31,KNA,DTP3_coverage_pct,98.0
2012-12-31,KNA,HepB3_coverage_pct,98.0
2012-12-31,KNA,MCV1_measles_coverage_pct,95.0
2012-12-31,KOR,BCG_coverage_pct,99.0
2012-12-31,KOR,DTP3_coverage_pct,99.0
2012-12-31,KOR,HepB3_coverage_pct,99.0
2012-12-31,KOR,MCV1_measles_coverage_pct,99.0
2012-12-31,KWT,BCG_coverage_pct,97.0
2012-12-31,KWT,DTP3_coverage_pct,98.0
2012-12-31,KWT,HepB3_coverage_pct,98.0
2012-12-31,KWT,MCV1_measles_coverage_pct,99.0
2012-12-31,LAO,BCG_coverage_pct,85.0
2012-12-31,LAO,DTP3_coverage_pct,77.0
2012-12-31,LAO,HepB3_coverage_pct,77.0
2012-12-31,LAO,MCV1_measles_coverage_pct,69.0
2012-12-31,LBN,DTP3_coverage_pct,83.0
2012-12-31,LBN,HepB3_coverage_pct,83.0
2012-12-31,LBN,MCV1_measles_coverage_pct,83.0
2012-12-31,LBR,BCG_coverage_pct,85.0
2012-12-31,LBR,DTP3_coverage_pct,80.0
2012-12-31,LBR,HepB3_coverage_pct,80.0
2012-12-31,LBR,MCV1_measles_coverage_pct,80.0
2012-12-31,LBY,BCG_coverage_pct,99.0
2012-12-31,LBY,DTP3_coverage_pct,98.0
2012-12-31,LBY,HepB3_coverage_pct,98.0
2012-12-31,LBY,MCV1_measles_coverage_pct,98.0
2012-12-31,LCA,BCG_coverage_pct,99.0
2012-12-31,LCA,DTP3_coverage_pct,98.0
2012-12-31,LCA,HepB3_coverage_pct,98.0
2012-12-31,LCA,MCV1_measles_coverage_pct,99.0
2012-12-31,LKA,BCG_coverage_pct,99.0
2012-12-31,LKA,DTP3_coverage_pct,99.0
2012-12-31,LKA,HepB3_coverage_pct,99.0
2012-12-31,LKA,MCV1_measles_coverage_pct,99.0
2012-12-31,LSO,BCG_coverage_pct,93.0
2012-12-31,LSO,DTP3_coverage_pct,95.0
2012-12-31,LSO,HepB3_coverage_pct,95.0
2012-12-31,LSO,MCV1_measles_coverage_pct,91.0
2012-12-31,LTU,BCG_coverage_pct,98.0
2012-12-31,LTU,DTP3_coverage_pct,93.0
2012-12-31,LTU,HepB3_coverage_pct,93.0
2012-12-31,LTU,MCV1_measles_coverage_pct,93.0
2012-12-31,LUX,DTP3_coverage_pct,99.0
2012-12-31,LUX,HepB3_coverage_pct,94.0
2012-12-31,LUX,MCV1_measles_coverage_pct,99.0
2012-12-31,LVA,BCG_coverage_pct,94.0
2012-12-31,LVA,DTP3_coverage_pct,91.0
2012-12-31,LVA,HepB3_coverage_pct,90.0
2012-12-31,LVA,MCV1_measles_coverage_pct,90.0
2012-12-31,MAR,BCG_coverage_pct,99.0
2012-12-31,MAR,DTP3_coverage_pct,99.0
2012-12-31,MAR,HepB3_coverage_pct,99.0
2012-12-31,MAR,MCV1_measles_coverage_pct,99.0
2012-12-31,MCO,DTP3_coverage_pct,99.0
2012-12-31,MCO,HepB3_coverage_pct,99.0
2012-12-31,MCO,MCV1_measles_coverage_pct,91.0
2012-12-31,MDA,BCG_coverage_pct,99.0
2012-12-31,MDA,DTP3_coverage_pct,92.0
2012-12-31,MDA,HepB3_coverage_pct,94.0
2012-12-31,MDA,MCV1_measles_coverage_pct,91.0
2012-12-31,MDG,BCG_coverage_pct,74.0
2012-12-31,MDG,DTP3_coverage_pct,68.0
2012-12-31,MDG,HepB3_coverage_pct,68.0
2012-12-31,MDG,MCV1_measles_coverage_pct,63.0
2012-12-31,MDV,BCG_coverage_pct,99.0
2012-12-31,MDV,DTP3_coverage_pct,99.0
2012-12-31,MDV,HepB3_coverage_pct,99.0
2012-12-31,MDV,MCV1_measles_coverage_pct,98.0
2012-12-31,MEX,BCG_coverage_pct,99.0
2012-12-31,MEX,DTP3_coverage_pct,99.0
2012-12-31,MEX,HepB3_coverage_pct,99.0
2012-12-31,MEX,MCV1_measles_coverage_pct,99.0
2012-12-31,MHL,BCG_coverage_pct,97.0
2012-12-31,MHL,DTP3_coverage_pct,80.0
2012-12-31,MHL,HepB3_coverage_pct,80.0
2012-12-31,MHL,MCV1_measles_coverage_pct,78.0
2012-12-31,MKD,BCG_coverage_pct,95.0
2012-12-31,MKD,DTP3_coverage_pct,95.0
2012-12-31,MKD,HepB3_coverage_pct,98.0
2012-12-31,MKD,MCV1_measles_coverage_pct,96.0
2012-12-31,MLI,BCG_coverage_pct,77.0
2012-12-31,MLI,DTP3_coverage_pct,65.0
2012-12-31,MLI,HepB3_coverage_pct,65.0
2012-12-31,MLI,MCV1_measles_coverage_pct,67.0
2012-12-31,MLT,DTP3_coverage_pct,99.0
2012-12-31,MLT,HepB3_coverage_pct,93.0
2012-12-31,MLT,MCV1_measles_coverage_pct,93.0
2012-12-31,MMR,BCG_coverage_pct,87.0
2012-12-31,MMR,DTP3_coverage_pct,84.0
2012-12-31,MMR,HepB3_coverage_pct,58.0
2012-12-31,MMR,MCV1_measles_coverage_pct,84.0
2012-12-31,MNE,BCG_coverage_pct,95.0
2012-12-31,MNE,DTP3_coverage_pct,94.0
2012-12-31,MNE,HepB3_coverage_pct,90.0
2012-12-31,MNE,MCV1_measles_coverage_pct,90.0
2012-12-31,MNG,BCG_coverage_pct,99.0
2012-12-31,MNG,DTP3_coverage_pct,99.0
2012-12-31,MNG,HepB3_coverage_pct,99.0
2012-12-31,MNG,MCV1_measles_coverage_pct,99.0
2012-12-31,MOZ,BCG_coverage_pct,92.0
2012-12-31,MOZ,DTP3_coverage_pct,80.0
2012-12-31,MOZ,HepB3_coverage_pct,80.0
2012-12-31,MOZ,MCV1_measles_coverage_pct,83.0
2012-12-31,MRT,BCG_coverage_pct,95.0
2012-12-31,MRT,DTP3_coverage_pct,80.0
2012-12-31,MRT,HepB3_coverage_pct,80.0
2012-12-31,MRT,MCV1_measles_coverage_pct,75.0
2012-12-31,MUS,BCG_coverage_pct,99.0
2012-12-31,MUS,DTP3_coverage_pct,98.0
2012-12-31,MUS,HepB3_coverage_pct,98.0
2012-12-31,MUS,MCV1_measles_coverage_pct,99.0
2012-12-31,MWI,BCG_coverage_pct,99.0
2012-12-31,MWI,DTP3_coverage_pct,96.0
2012-12-31,MWI,HepB3_coverage_pct,96.0
2012-12-31,MWI,MCV1_measles_coverage_pct,90.0
2012-12-31,MYS,BCG_coverage_pct,99.0
2012-12-31,MYS,DTP3_coverage_pct,97.0
2012-12-31,MYS,HepB3_coverage_pct,97.0
2012-12-31,MYS,MCV1_measles_coverage_pct,95.0
2012-12-31,NAM,BCG_coverage_pct,90.0
2012-12-31,NAM,DTP3_coverage_pct,84.0
2012-12-31,NAM,HepB3_coverage_pct,84.0
2012-12-31,NAM,MCV1_measles_coverage_pct,76.0
2012-12-31,NER,BCG_coverage_pct,85.0
2012-12-31,NER,DTP3_coverage_pct,73.0
2012-12-31,NER,HepB3_coverage_pct,73.0
2012-12-31,NER,MCV1_measles_coverage_pct,75.0
2012-12-31,NGA,BCG_coverage_pct,51.0
2012-12-31,NGA,DTP3_coverage_pct,42.0
2012-12-31,NGA,HepB3_coverage_pct,42.0
2012-12-31,NGA,MCV1_measles_coverage_pct,42.0
2012-12-31,NIC,BCG_coverage_pct,99.0
2012-12-31,NIC,DTP3_coverage_pct,99.0
2012-12-31,NIC,HepB3_coverage_pct,99.0
2012-12-31,NIC,MCV1_measles_coverage_pct,99.0
2012-12-31,NIU,BCG_coverage_pct,99.0
2012-12-31,NIU,DTP3_coverage_pct,99.0
2012-12-31,NIU,HepB3_coverage_pct,99.0
2012-12-31,NIU,MCV1_measles_coverage_pct,99.0
2012-12-31,NLD,DTP3_coverage_pct,97.0
2012-12-31,NLD,HepB3_coverage_pct,20.0
2012-12-31,NLD,MCV1_measles_coverage_pct,96.0
2012-12-31,NOR,DTP3_coverage_pct,95.0
2012-12-31,NOR,HepB3_coverage_pct,0.0
2012-12-31,NOR,MCV1_measles_coverage_pct,94.0
2012-12-31,NPL,BCG_coverage_pct,96.0
2012-12-31,NPL,DTP3_coverage_pct,90.0
2012-12-31,NPL,HepB3_coverage_pct,90.0
2012-12-31,NPL,MCV1_measles_coverage_pct,86.0
2012-12-31,NRU,BCG_coverage_pct,99.0
2012-12-31,NRU,DTP3_coverage_pct,79.0
2012-12-31,NRU,HepB3_coverage_pct,79.0
2012-12-31,NRU,MCV1_measles_coverage_pct,96.0
2012-12-31,NZL,DTP3_coverage_pct,93.0
2012-12-31,NZL,HepB3_coverage_pct,93.0
2012-12-31,NZL,MCV1_measles_coverage_pct,92.0
2012-12-31,OMN,BCG_coverage_pct,99.0
2012-12-31,OMN,DTP3_coverage_pct,98.0
2012-12-31,OMN,HepB3_coverage_pct,98.0
2012-12-31,OMN,MCV1_measles_coverage_pct,99.0
2012-12-31,PAK,BCG_coverage_pct,84.0
2012-12-31,PAK,DTP3_coverage_pct,64.0
2012-12-31,PAK,HepB3_coverage_pct,64.0
2012-12-31,PAK,MCV1_measles_coverage_pct,63.0
2012-12-31,PAN,BCG_coverage_pct,98.0
2012-12-31,PAN,DTP3_coverage_pct,85.0
2012-12-31,PAN,HepB3_coverage_pct,85.0
2012-12-31,PAN,MCV1_measles_coverage_pct,98.0
2012-12-31,PER,BCG_coverage_pct,95.0
2012-12-31,PER,DTP3_coverage_pct,95.0
2012-12-31,PER,HepB3_coverage_pct,95.0
2012-12-31,PER,MCV1_measles_coverage_pct,94.0
2012-12-31,PHL,BCG_coverage_pct,95.0
2012-12-31,PHL,DTP3_coverage_pct,89.0
2012-12-31,PHL,HepB3_coverage_pct,89.0
2012-12-31,PHL,MCV1_measles_coverage_pct,84.0
2012-12-31,PLW,DTP3_coverage_pct,89.0
2012-12-31,PLW,HepB3_coverage_pct,89.0
2012-12-31,PLW,MCV1_measles_coverage_pct,91.0
2012-12-31,PNG,BCG_coverage_pct,91.0
2012-12-31,PNG,DTP3_coverage_pct,57.0
2012-12-31,PNG,HepB3_coverage_pct,57.0
2012-12-31,PNG,MCV1_measles_coverage_pct,71.0
2012-12-31,POL,BCG_coverage_pct,94.0
2012-12-31,POL,DTP3_coverage_pct,99.0
2012-12-31,POL,HepB3_coverage_pct,97.0
2012-12-31,POL,MCV1_measles_coverage_pct,98.0
2012-12-31,PRK,BCG_coverage_pct,98.0
2012-12-31,PRK,DTP3_coverage_pct,96.0
2012-12-31,PRK,HepB3_coverage_pct,96.0
2012-12-31,PRK,MCV1_measles_coverage_pct,99.0
2012-12-31,PRT,BCG_coverage_pct,99.0
2012-12-31,PRT,DTP3_coverage_pct,98.0
2012-12-31,PRT,HepB3_coverage_pct,98.0
2012-12-31,PRT,MCV1_measles_coverage_pct,97.0
2012-12-31,PRY,BCG_coverage_pct,93.0
2012-12-31,PRY,DTP3_coverage_pct,91.0
2012-12-31,PRY,HepB3_coverage_pct,91.0
2012-12-31,PRY,MCV1_measles_coverage_pct,88.0
2012-12-31,PSE,BCG_coverage_pct,98.0
2012-12-31,PSE,DTP3_coverage_pct,97.0
2012-12-31,PSE,HepB3_coverage_pct,99.0
2012-12-31,PSE,MCV1_measles_coverage_pct,98.0
2012-12-31,QAT,BCG_coverage_pct,97.0
2012-12-31,QAT,DTP3_coverage_pct,92.0
2012-12-31,QAT,HepB3_coverage_pct,93.0
2012-12-31,QAT,MCV1_measles_coverage_pct,97.0
2012-12-31,ROU,BCG_coverage_pct,99.0
2012-12-31,ROU,DTP3_coverage_pct,91.0
2012-12-31,ROU,HepB3_coverage_pct,96.0
2012-12-31,ROU,MCV1_measles_coverage_pct,94.0
2012-12-31,RUS,BCG_coverage_pct,96.0
2012-12-31,RUS,DTP3_coverage_pct,97.0
2012-12-31,RUS,HepB3_coverage_pct,97.0
2012-12-31,RUS,MCV1_measles_coverage_pct,98.0
2012-12-31,RWA,BCG_coverage_pct,99.0
2012-12-31,RWA,DTP3_coverage_pct,98.0
2012-12-31,RWA,HepB3_coverage_pct,98.0
2012-12-31,RWA,MCV1_measles_coverage_pct,97.0
2012-12-31,SAU,BCG_coverage_pct,99.0
2012-12-31,SAU,DTP3_coverage_pct,98.0
2012-12-31,SAU,HepB3_coverage_pct,98.0
2012-12-31,SAU,MCV1_measles_coverage_pct,98.0
2012-12-31,SDN,BCG_coverage_pct,92.0
2012-12-31,SDN,DTP3_coverage_pct,92.0
2012-12-31,SDN,HepB3_coverage_pct,92.0
2012-12-31,SDN,MCV1_measles_coverage_pct,85.0
2012-12-31,SEN,BCG_coverage_pct,97.0
2012-12-31,SEN,DTP3_coverage_pct,91.0
2012-12-31,SEN,HepB3_coverage_pct,91.0
2012-12-31,SEN,MCV1_measles_coverage_pct,83.0
2012-12-31,SGP,BCG_coverage_pct,99.0
2012-12-31,SGP,DTP3_coverage_pct,97.0
2012-12-31,SGP,HepB3_coverage_pct,97.0
2012-12-31,SGP,MCV1_measles_coverage_pct,95.0
2012-12-31,SLB,BCG_coverage_pct,85.0
2012-12-31,SLB,DTP3_coverage_pct,92.0
2012-12-31,SLB,HepB3_coverage_pct,92.0
2012-12-31,SLB,MCV1_measles_coverage_pct,87.0
2012-12-31,SLE,BCG_coverage_pct,98.0
2012-12-31,SLE,DTP3_coverage_pct,91.0
2012-12-31,SLE,HepB3_coverage_pct,91.0
2012-12-31,SLE,MCV1_measles_coverage_pct,86.0
2012-12-31,SLV,BCG_coverage_pct,90.0
2012-12-31,SLV,DTP3_coverage_pct,93.0
2012-12-31,SLV,HepB3_coverage_pct,92.0
2012-12-31,SLV,MCV1_measles_coverage_pct,93.0
2012-12-31,SMR,DTP3_coverage_pct,89.0
2012-12-31,SMR,HepB3_coverage_pct,88.0
2012-12-31,SMR,MCV1_measles_coverage_pct,84.0
2012-12-31,SOM,BCG_coverage_pct,37.0
2012-12-31,SOM,DTP3_coverage_pct,42.0
2012-12-31,SOM,HepB3_coverage_pct,0.0
2012-12-31,SOM,MCV1_measles_coverage_pct,46.0
2012-12-31,SRB,BCG_coverage_pct,98.0
2012-12-31,SRB,DTP3_coverage_pct,91.0
2012-12-31,SRB,HepB3_coverage_pct,97.0
2012-12-31,SRB,MCV1_measles_coverage_pct,87.0
2012-12-31,SSD,BCG_coverage_pct,65.0
2012-12-31,SSD,DTP3_coverage_pct,63.0
2012-12-31,SSD,HepB3_coverage_pct,0.0
2012-12-31,SSD,MCV1_measles_coverage_pct,59.0
2012-12-31,STP,BCG_coverage_pct,99.0
2012-12-31,STP,DTP3_coverage_pct,96.0
2012-12-31,STP,HepB3_coverage_pct,96.0
2012-12-31,STP,MCV1_measles_coverage_pct,92.0
2012-12-31,SUR,DTP3_coverage_pct,76.0
2012-12-31,SUR,HepB3_coverage_pct,76.0
2012-12-31,SUR,MCV1_measles_coverage_pct,64.0
2012-12-31,SVK,BCG_coverage_pct,90.0
2012-12-31,SVK,DTP3_coverage_pct,99.0
2012-12-31,SVK,HepB3_coverage_pct,99.0
2012-12-31,SVK,MCV1_measles_coverage_pct,99.0
2012-12-31,SVN,DTP3_coverage_pct,96.0
2012-12-31,SVN,HepB3_coverage_pct,0.0
2012-12-31,SVN,MCV1_measles_coverage_pct,95.0
2012-12-31,SWE,BCG_coverage_pct,24.0
2012-12-31,SWE,DTP3_coverage_pct,98.0
2012-12-31,SWE,HepB3_coverage_pct,30.0
2012-12-31,SWE,MCV1_measles_coverage_pct,97.0
2012-12-31,SWZ,BCG_coverage_pct,99.0
2012-12-31,SWZ,DTP3_coverage_pct,95.0
2012-12-31,SWZ,HepB3_coverage_pct,95.0
2012-12-31,SWZ,MCV1_measles_coverage_pct,88.0
2012-12-31,SYC,BCG_coverage_pct,99.0
2012-12-31,SYC,DTP3_coverage_pct,98.0
2012-12-31,SYC,HepB3_coverage_pct,98.0
2012-12-31,SYC,MCV1_measles_coverage_pct,98.0
2012-12-31,SYR,BCG_coverage_pct,82.0
2012-12-31,SYR,DTP3_coverage_pct,58.0
2012-12-31,SYR,HepB3_coverage_pct,52.0
2012-12-31,SYR,MCV1_measles_coverage_pct,72.0
2012-12-31,TCD,BCG_coverage_pct,62.0
2012-12-31,TCD,DTP3_coverage_pct,40.0
2012-12-31,TCD,HepB3_coverage_pct,40.0
2012-12-31,TCD,MCV1_measles_coverage_pct,63.0
2012-12-31,TGO,BCG_coverage_pct,97.0
2012-12-31,TGO,DTP3_coverage_pct,84.0
2012-12-31,TGO,HepB3_coverage_pct,84.0
2012-12-31,TGO,MCV1_measles_coverage_pct,72.0
2012-12-31,THA,BCG_coverage_pct,99.0
2012-12-31,THA,DTP3_coverage_pct,99.0
2012-12-31,THA,HepB3_coverage_pct,98.0
2012-12-31,THA,MCV1_measles_coverage_pct,98.0
2012-12-31,TJK,BCG_coverage_pct,95.0
2012-12-31,TJK,DTP3_coverage_pct,91.0
2012-12-31,TJK,HepB3_coverage_pct,90.0
2012-12-31,TJK,MCV1_measles_coverage_pct,90.0
2012-12-31,TKM,BCG_coverage_pct,99.0
2012-12-31,TKM,DTP3_coverage_pct,97.0
2012-12-31,TKM,HepB3_coverage_pct,98.0
2012-12-31,TKM,MCV1_measles_coverage_pct,99.0
2012-12-31,TLS,BCG_coverage_pct,86.0
2012-12-31,TLS,DTP3_coverage_pct,83.0
2012-12-31,TLS,HepB3_coverage_pct,83.0
2012-12-31,TLS,MCV1_measles_coverage_pct,73.0
2012-12-31,TON,BCG_coverage_pct,95.0
2012-12-31,TON,DTP3_coverage_pct,95.0
2012-12-31,TON,HepB3_coverage_pct,95.0
2012-12-31,TON,MCV1_measles_coverage_pct,95.0
2012-12-31,TTO,DTP3_coverage_pct,92.0
2012-12-31,TTO,HepB3_coverage_pct,92.0
2012-12-31,TTO,MCV1_measles_coverage_pct,85.0
2012-12-31,TUN,BCG_coverage_pct,99.0
2012-12-31,TUN,DTP3_coverage_pct,97.0
2012-12-31,TUN,HepB3_coverage_pct,97.0
2012-12-31,TUN,MCV1_measles_coverage_pct,96.0
2012-12-31,TUR,BCG_coverage_pct,96.0
2012-12-31,TUR,DTP3_coverage_pct,97.0
2012-12-31,TUR,HepB3_coverage_pct,97.0
2012-12-31,TUR,MCV1_measles_coverage_pct,96.0
2012-12-31,TUV,BCG_coverage_pct,99.0
2012-12-31,TUV,DTP3_coverage_pct,97.0
2012-12-31,TUV,HepB3_coverage_pct,97.0
2012-12-31,TUV,MCV1_measles_coverage_pct,98.0
2012-12-31,TZA,BCG_coverage_pct,99.0
2012-12-31,TZA,DTP3_coverage_pct,92.0
2012-12-31,TZA,HepB3_coverage_pct,92.0
2012-12-31,TZA,MCV1_measles_coverage_pct,97.0
2012-12-31,UGA,BCG_coverage_pct,95.0
2012-12-31,UGA,DTP3_coverage_pct,83.0
2012-12-31,UGA,HepB3_coverage_pct,83.0
2012-12-31,UGA,MCV1_measles_coverage_pct,80.0
2012-12-31,UKR,BCG_coverage_pct,95.0
2012-12-31,UKR,DTP3_coverage_pct,76.0
2012-12-31,UKR,HepB3_coverage_pct,46.0
2012-12-31,UKR,MCV1_measles_coverage_pct,79.0
2012-12-31,URY,BCG_coverage_pct,99.0
2012-12-31,URY,DTP3_coverage_pct,95.0
2012-12-31,URY,HepB3_coverage_pct,95.0
2012-12-31,URY,MCV1_measles_coverage_pct,96.0
2012-12-31,USA,DTP3_coverage_pct,94.0
2012-12-31,USA,HepB3_coverage_pct,90.0
2012-12-31,USA,MCV1_measles_coverage_pct,91.0
2012-12-31,UZB,BCG_coverage_pct,99.0
2012-12-31,UZB,DTP3_coverage_pct,99.0
2012-12-31,UZB,HepB3_coverage_pct,99.0
2012-12-31,UZB,MCV1_measles_coverage_pct,99.0
2012-12-31,VCT,BCG_coverage_pct,97.0
2012-12-31,VCT,DTP3_coverage_pct,96.0
2012-12-31,VCT,HepB3_coverage_pct,96.0
2012-12-31,VCT,MCV1_measles_coverage_pct,94.0
2012-12-31,VEN,BCG_coverage_pct,96.0
2012-12-31,VEN,DTP3_coverage_pct,81.0
2012-12-31,VEN,HepB3_coverage_pct,81.0
2012-12-31,VEN,MCV1_measles_coverage_pct,87.0
2012-12-31,VNM,BCG_coverage_pct,98.0
2012-12-31,VNM,DTP3_coverage_pct,97.0
2012-12-31,VNM,HepB3_coverage_pct,97.0
2012-12-31,VNM,MCV1_measles_coverage_pct,96.0
2012-12-31,VUT,BCG_coverage_pct,92.0
2012-12-31,VUT,DTP3_coverage_pct,82.0
2012-12-31,VUT,HepB3_coverage_pct,82.0
2012-12-31,VUT,MCV1_measles_coverage_pct,80.0
2012-12-31,WSM,BCG_coverage_pct,90.0
2012-12-31,WSM,DTP3_coverage_pct,82.0
2012-12-31,WSM,HepB3_coverage_pct,82.0
2012-12-31,WSM,MCV1_measles_coverage_pct,76.0
2012-12-31,YEM,BCG_coverage_pct,64.0
2012-12-31,YEM,DTP3_coverage_pct,67.0
2012-12-31,YEM,HepB3_coverage_pct,67.0
2012-12-31,YEM,MCV1_measles_coverage_pct,63.0
2012-12-31,ZAF,BCG_coverage_pct,86.0
2012-12-31,ZAF,DTP3_coverage_pct,71.0
2012-12-31,ZAF,HepB3_coverage_pct,70.0
2012-12-31,ZAF,MCV1_measles_coverage_pct,79.0
2012-12-31,ZMB,BCG_coverage_pct,92.0
2012-12-31,ZMB,DTP3_coverage_pct,78.0
2012-12-31,ZMB,HepB3_coverage_pct,78.0
2012-12-31,ZMB,MCV1_measles_coverage_pct,82.0
2012-12-31,ZWE,BCG_coverage_pct,98.0
2012-12-31,ZWE,DTP3_coverage_pct,95.0
2012-12-31,ZWE,HepB3_coverage_pct,97.0
2012-12-31,ZWE,MCV1_measles_coverage_pct,97.0
2013-12-31,AFG,BCG_coverage_pct,72.0
2013-12-31,AFG,DTP3_coverage_pct,64.0
2013-12-31,AFG,HepB3_coverage_pct,64.0
2013-12-31,AFG,MCV1_measles_coverage_pct,57.0
2013-12-31,AGO,BCG_coverage_pct,71.0
2013-12-31,AGO,DTP3_coverage_pct,54.0
2013-12-31,AGO,HepB3_coverage_pct,54.0
2013-12-31,AGO,MCV1_measles_coverage_pct,59.0
2013-12-31,ALB,BCG_coverage_pct,99.0
2013-12-31,ALB,DTP3_coverage_pct,99.0
2013-12-31,ALB,HepB3_coverage_pct,99.0
2013-12-31,ALB,MCV1_measles_coverage_pct,99.0
2013-12-31,AND,DTP3_coverage_pct,96.0
2013-12-31,AND,HepB3_coverage_pct,94.0
2013-12-31,AND,MCV1_measles_coverage_pct,95.0
2013-12-31,ARE,BCG_coverage_pct,94.0
2013-12-31,ARE,DTP3_coverage_pct,98.0
2013-12-31,ARE,HepB3_coverage_pct,98.0
2013-12-31,ARE,MCV1_measles_coverage_pct,98.0
2013-12-31,ARG,BCG_coverage_pct,99.0
2013-12-31,ARG,DTP3_coverage_pct,94.0
2013-12-31,ARG,HepB3_coverage_pct,94.0
2013-12-31,ARG,MCV1_measles_coverage_pct,94.0
2013-12-31,ARM,BCG_coverage_pct,99.0
2013-12-31,ARM,DTP3_coverage_pct,95.0
2013-12-31,ARM,HepB3_coverage_pct,95.0
2013-12-31,ARM,MCV1_measles_coverage_pct,97.0
2013-12-31,ATG,DTP3_coverage_pct,99.0
2013-12-31,ATG,HepB3_coverage_pct,99.0
2013-12-31,ATG,MCV1_measles_coverage_pct,96.0
2013-12-31,AUS,DTP3_coverage_pct,91.0
2013-12-31,AUS,HepB3_coverage_pct,91.0
2013-12-31,AUS,MCV1_measles_coverage_pct,94.0
2013-12-31,AUT,DTP3_coverage_pct,93.0
2013-12-31,AUT,HepB3_coverage_pct,93.0
2013-12-31,AUT,MCV1_measles_coverage_pct,86.0
2013-12-31,AZE,BCG_coverage_pct,98.0
2013-12-31,AZE,DTP3_coverage_pct,78.0
2013-12-31,AZE,HepB3_coverage_pct,78.0
2013-12-31,AZE,MCV1_measles_coverage_pct,86.0
2013-12-31,BDI,BCG_coverage_pct,95.0
2013-12-31,BDI,DTP3_coverage_pct,96.0
2013-12-31,BDI,HepB3_coverage_pct,96.0
2013-12-31,BDI,MCV1_measles_coverage_pct,98.0
2013-12-31,BEL,DTP3_coverage_pct,99.0
2013-12-31,BEL,HepB3_coverage_pct,98.0
2013-12-31,BEL,MCV1_measles_coverage_pct,96.0
2013-12-31,BEN,BCG_coverage_pct,95.0
2013-12-31,BEN,DTP3_coverage_pct,77.0
2013-12-31,BEN,HepB3_coverage_pct,77.0
2013-12-31,BEN,MCV1_measles_coverage_pct,68.0
2013-12-31,BFA,BCG_coverage_pct,96.0
2013-12-31,BFA,DTP3_coverage_pct,88.0
2013-12-31,BFA,HepB3_coverage_pct,88.0
2013-12-31,BFA,MCV1_measles_coverage_pct,82.0
2013-12-31,BGD,BCG_coverage_pct,99.0
2013-12-31,BGD,DTP3_coverage_pct,96.0
2013-12-31,BGD,HepB3_coverage_pct,96.0
2013-12-31,BGD,MCV1_measles_coverage_pct,91.0
2013-12-31,BGR,BCG_coverage_pct,97.0
2013-12-31,BGR,DTP3_coverage_pct,95.0
2013-12-31,BGR,HepB3_coverage_pct,95.0
2013-12-31,BGR,MCV1_measles_coverage_pct,95.0
2013-12-31,BHR,DTP3_coverage_pct,99.0
2013-12-31,BHR,HepB3_coverage_pct,99.0
2013-12-31,BHR,MCV1_measles_coverage_pct,99.0
2013-12-31,BHS,DTP3_coverage_pct,97.0
2013-12-31,BHS,HepB3_coverage_pct,97.0
2013-12-31,BHS,MCV1_measles_coverage_pct,92.0
2013-12-31,BIH,BCG_coverage_pct,97.0
2013-12-31,BIH,DTP3_coverage_pct,89.0
2013-12-31,BIH,HepB3_coverage_pct,91.0
2013-12-31,BIH,MCV1_measles_coverage_pct,92.0
2013-12-31,BLR,BCG_coverage_pct,99.0
2013-12-31,BLR,DTP3_coverage_pct,98.0
2013-12-31,BLR,HepB3_coverage_pct,98.0
2013-12-31,BLR,MCV1_measles_coverage_pct,99.0
2013-12-31,BLZ,BCG_coverage_pct,99.0
2013-12-31,BLZ,DTP3_coverage_pct,95.0
2013-12-31,BLZ,HepB3_coverage_pct,95.0
2013-12-31,BLZ,MCV1_measles_coverage_pct,99.0
2013-12-31,BOL,BCG_coverage_pct,91.0
2013-12-31,BOL,DTP3_coverage_pct,86.0
2013-12-31,BOL,HepB3_coverage_pct,87.0
2013-12-31,BOL,MCV1_measles_coverage_pct,87.0
2013-12-31,BRA,BCG_coverage_pct,99.0
2013-12-31,BRA,DTP3_coverage_pct,97.0
2013-12-31,BRA,HepB3_coverage_pct,96.0
2013-12-31,BRA,MCV1_measles_coverage_pct,98.0
2013-12-31,BRB,DTP3_coverage_pct,91.0
2013-12-31,BRB,HepB3_coverage_pct,91.0
2013-12-31,BRB,MCV1_measles_coverage_pct,87.0
2013-12-31,BRN,BCG_coverage_pct,99.0
2013-12-31,BRN,DTP3_coverage_pct,99.0
2013-12-31,BRN,HepB3_coverage_pct,98.0
2013-12-31,BRN,MCV1_measles_coverage_pct,96.0
2013-12-31,BTN,BCG_coverage_pct,97.0
2013-12-31,BTN,DTP3_coverage_pct,97.0
2013-12-31,BTN,HepB3_coverage_pct,97.0
2013-12-31,BTN,MCV1_measles_coverage_pct,94.0
2013-12-31,BWA,BCG_coverage_pct,98.0
2013-12-31,BWA,DTP3_coverage_pct,95.0
2013-12-31,BWA,HepB3_coverage_pct,95.0
2013-12-31,BWA,MCV1_measles_coverage_pct,97.0
2013-12-31,CAF,BCG_coverage_pct,37.0
2013-12-31,CAF,DTP3_coverage_pct,23.0
2013-12-31,CAF,HepB3_coverage_pct,23.0
2013-12-31,CAF,MCV1_measles_coverage_pct,25.0
2013-12-31,CAN,DTP3_coverage_pct,91.0
2013-12-31,CAN,HepB3_coverage_pct,55.0
2013-12-31,CAN,MCV1_measles_coverage_pct,90.0
2013-12-31,CHE,DTP3_coverage_pct,96.0
2013-12-31,CHE,HepB3_coverage_pct,0.0
2013-12-31,CHE,MCV1_measles_coverage_pct,93.0
2013-12-31,CHL,BCG_coverage_pct,98.0
2013-12-31,CHL,DTP3_coverage_pct,91.0
2013-12-31,CHL,HepB3_coverage_pct,90.0
2013-12-31,CHL,MCV1_measles_coverage_pct,90.0
2013-12-31,CHN,BCG_coverage_pct,99.0
2013-12-31,CHN,DTP3_coverage_pct,99.0
2013-12-31,CHN,HepB3_coverage_pct,99.0
2013-12-31,CHN,MCV1_measles_coverage_pct,99.0
2013-12-31,CIV,BCG_coverage_pct,85.0
2013-12-31,CIV,DTP3_coverage_pct,75.0
2013-12-31,CIV,HepB3_coverage_pct,75.0
2013-12-31,CIV,MCV1_measles_coverage_pct,70.0
2013-12-31,CMR,BCG_coverage_pct,84.0
2013-12-31,CMR,DTP3_coverage_pct,76.0
2013-12-31,CMR,HepB3_coverage_pct,76.0
2013-12-31,CMR,MCV1_measles_coverage_pct,71.0
2013-12-31,COD,BCG_coverage_pct,85.0
2013-12-31,COD,DTP3_coverage_pct,71.0
2013-12-31,COD,HepB3_coverage_pct,71.0
2013-12-31,COD,MCV1_measles_coverage_pct,68.0
2013-12-31,COG,BCG_coverage_pct,92.0
2013-12-31,COG,DTP3_coverage_pct,85.0
2013-12-31,COG,HepB3_coverage_pct,85.0
2013-12-31,COG,MCV1_measles_coverage_pct,80.0
2013-12-31,COK,BCG_coverage_pct,98.0
2013-12-31,COK,DTP3_coverage_pct,98.0
2013-12-31,COK,HepB3_coverage_pct,98.0
2013-12-31,COK,MCV1_measles_coverage_pct,97.0
2013-12-31,COL,BCG_coverage_pct,85.0
2013-12-31,COL,DTP3_coverage_pct,91.0
2013-12-31,COL,HepB3_coverage_pct,91.0
2013-12-31,COL,MCV1_measles_coverage_pct,92.0
2013-12-31,COM,BCG_coverage_pct,80.0
2013-12-31,COM,DTP3_coverage_pct,83.0
2013-12-31,COM,HepB3_coverage_pct,83.0
2013-12-31,COM,MCV1_measles_coverage_pct,82.0
2013-12-31,CPV,BCG_coverage_pct,94.0
2013-12-31,CPV,DTP3_coverage_pct,93.0
2013-12-31,CPV,HepB3_coverage_pct,93.0
2013-12-31,CPV,MCV1_measles_coverage_pct,91.0
2013-12-31,CRI,BCG_coverage_pct,93.0
2013-12-31,CRI,DTP3_coverage_pct,95.0
2013-12-31,CRI,HepB3_coverage_pct,94.0
2013-12-31,CRI,MCV1_measles_coverage_pct,91.0
2013-12-31,CUB,BCG_coverage_pct,99.0
2013-12-31,CUB,DTP3_coverage_pct,99.0
2013-12-31,CUB,HepB3_coverage_pct,96.0
2013-12-31,CUB,MCV1_measles_coverage_pct,99.0
2013-12-31,CYP,DTP3_coverage_pct,99.0
2013-12-31,CYP,HepB3_coverage_pct,96.0
2013-12-31,CYP,MCV1_measles_coverage_pct,86.0
2013-12-31,CZE,DTP3_coverage_pct,98.0
2013-12-31,CZE,HepB3_coverage_pct,99.0
2013-12-31,CZE,MCV1_measles_coverage_pct,99.0
2013-12-31,DEU,DTP3_coverage_pct,93.0
2013-12-31,DEU,HepB3_coverage_pct,87.0
2013-12-31,DEU,MCV1_measles_coverage_pct,97.0
2013-12-31,DJI,BCG_coverage_pct,86.0
2013-12-31,DJI,DTP3_coverage_pct,82.0
2013-12-31,DJI,HepB3_coverage_pct,82.0
2013-12-31,DJI,MCV1_measles_coverage_pct,80.0
2013-12-31,DMA,BCG_coverage_pct,97.0
2013-12-31,DMA,DTP3_coverage_pct,97.0
2013-12-31,DMA,HepB3_coverage_pct,97.0
2013-12-31,DMA,MCV1_measles_coverage_pct,93.0
2013-12-31,DNK,DTP3_coverage_pct,94.0
2013-12-31,DNK,HepB3_coverage_pct,0.0
2013-12-31,DNK,MCV1_measles_coverage_pct,89.0
2013-12-31,DOM,BCG_coverage_pct,99.0
2013-12-31,DOM,DTP3_coverage_pct,83.0
2013-12-31,DOM,HepB3_coverage_pct,80.0
2013-12-31,DOM,MCV1_measles_coverage_pct,83.0
2013-12-31,DZA,BCG_coverage_pct,99.0
2013-12-31,DZA,DTP3_coverage_pct,95.0
2013-12-31,DZA,HepB3_coverage_pct,95.0
2013-12-31,DZA,MCV1_measles_coverage_pct,95.0
2013-12-31,ECU,BCG_coverage_pct,90.0
2013-12-31,ECU,DTP3_coverage_pct,87.0
2013-12-31,ECU,HepB3_coverage_pct,87.0
2013-12-31,ECU,MCV1_measles_coverage_pct,97.0
2013-12-31,EGY,BCG_coverage_pct,98.0
2013-12-31,EGY,DTP3_coverage_pct,97.0
2013-12-31,EGY,HepB3_coverage_pct,97.0
2013-12-31,EGY,MCV1_measles_coverage_pct,96.0
2013-12-31,ERI,BCG_coverage_pct,97.0
2013-12-31,ERI,DTP3_coverage_pct,94.0
2013-12-31,ERI,HepB3_coverage_pct,94.0
2013-12-31,ERI,MCV1_measles_coverage_pct,94.0
2013-12-31,ESP,DTP3_coverage_pct,96.0
2013-12-31,ESP,HepB3_coverage_pct,95.0
2013-12-31,ESP,MCV1_measles_coverage_pct,95.0
2013-12-31,EST,BCG_coverage_pct,96.0
2013-12-31,EST,DTP3_coverage_pct,94.0
2013-12-31,EST,HepB3_coverage_pct,93.0
2013-12-31,EST,MCV1_measles_coverage_pct,94.0
2013-12-31,ETH,BCG_coverage_pct,68.0
2013-12-31,ETH,DTP3_coverage_pct,59.0
2013-12-31,ETH,HepB3_coverage_pct,59.0
2013-12-31,ETH,MCV1_measles_coverage_pct,55.0
2013-12-31,FIN,DTP3_coverage_pct,98.0
2013-12-31,FIN,HepB3_coverage_pct,0.0
2013-12-31,FIN,MCV1_measles_coverage_pct,97.0
2013-12-31,FJI,BCG_coverage_pct,99.0
2013-12-31,FJI,DTP3_coverage_pct,99.0
2013-12-31,FJI,HepB3_coverage_pct,99.0
2013-12-31,FJI,MCV1_measles_coverage_pct,94.0
2013-12-31,FRA,DTP3_coverage_pct,88.0
2013-12-31,FRA,HepB3_coverage_pct,82.0
2013-12-31,FRA,MCV1_measles_coverage_pct,90.0
2013-12-31,FSM,BCG_coverage_pct,70.0
2013-12-31,FSM,DTP3_coverage_pct,81.0
2013-12-31,FSM,HepB3_coverage_pct,83.0
2013-12-31,FSM,MCV1_measles_coverage_pct,91.0
2013-12-31,GAB,BCG_coverage_pct,91.0
2013-12-31,GAB,DTP3_coverage_pct,79.0
2013-12-31,GAB,HepB3_coverage_pct,79.0
2013-12-31,GAB,MCV1_measles_coverage_pct,70.0
2013-12-31,GBR,DTP3_coverage_pct,95.0
2013-12-31,GBR,HepB3_coverage_pct,0.0
2013-12-31,GBR,MCV1_measles_coverage_pct,93.0
2013-12-31,GEO,BCG_coverage_pct,95.0
2013-12-31,GEO,DTP3_coverage_pct,93.0
2013-12-31,GEO,HepB3_coverage_pct,96.0
2013-12-31,GEO,MCV1_measles_coverage_pct,97.0
2013-12-31,GHA,BCG_coverage_pct,98.0
2013-12-31,GHA,DTP3_coverage_pct,90.0
2013-12-31,GHA,HepB3_coverage_pct,90.0
2013-12-31,GHA,MCV1_measles_coverage_pct,89.0
2013-12-31,GIN,BCG_coverage_pct,71.0
2013-12-31,GIN,DTP3_coverage_pct,50.0
2013-12-31,GIN,HepB3_coverage_pct,50.0
2013-12-31,GIN,MCV1_measles_coverage_pct,54.0
2013-12-31,GMB,BCG_coverage_pct,98.0
2013-12-31,GMB,DTP3_coverage_pct,97.0
2013-12-31,GMB,HepB3_coverage_pct,97.0
2013-12-31,GMB,MCV1_measles_coverage_pct,96.0
2013-12-31,GNB,BCG_coverage_pct,93.0
2013-12-31,GNB,DTP3_coverage_pct,87.0
2013-12-31,GNB,HepB3_coverage_pct,87.0
2013-12-31,GNB,MCV1_measles_coverage_pct,81.0
2013-12-31,GNQ,BCG_coverage_pct,82.0
2013-12-31,GNQ,DTP3_coverage_pct,53.0
2013-12-31,GNQ,HepB3_coverage_pct,0.0
2013-12-31,GNQ,MCV1_measles_coverage_pct,51.0
2013-12-31,GRC,DTP3_coverage_pct,99.0
2013-12-31,GRC,HepB3_coverage_pct,98.0
2013-12-31,GRC,MCV1_measles_coverage_pct,99.0
2013-12-31,GRD,DTP3_coverage_pct,97.0
2013-12-31,GRD,HepB3_coverage_pct,97.0
2013-12-31,GRD,MCV1_measles_coverage_pct,94.0
2013-12-31,GTM,BCG_coverage_pct,99.0
2013-12-31,GTM,DTP3_coverage_pct,96.0
2013-12-31,GTM,HepB3_coverage_pct,96.0
2013-12-31,GTM,MCV1_measles_coverage_pct,91.0
2013-12-31,GUY,BCG_coverage_pct,98.0
2013-12-31,GUY,DTP3_coverage_pct,98.0
2013-12-31,GUY,HepB3_coverage_pct,98.0
2013-12-31,GUY,MCV1_measles_coverage_pct,99.0
2013-12-31,HND,BCG_coverage_pct,97.0
2013-12-31,HND,DTP3_coverage_pct,99.0
2013-12-31,HND,HepB3_coverage_pct,99.0
2013-12-31,HND,MCV1_measles_coverage_pct,97.0
2013-12-31,HRV,BCG_coverage_pct,99.0
2013-12-31,HRV,DTP3_coverage_pct,96.0
2013-12-31,HRV,HepB3_coverage_pct,96.0
2013-12-31,HRV,MCV1_measles_coverage_pct,94.0
2013-12-31,HTI,BCG_coverage_pct,82.0
2013-12-31,HTI,DTP3_coverage_pct,65.0
2013-12-31,HTI,HepB3_coverage_pct,68.0
2013-12-31,HTI,MCV1_measles_coverage_pct,68.0
2013-12-31,HUN,BCG_coverage_pct,99.0
2013-12-31,HUN,DTP3_coverage_pct,99.0
2013-12-31,HUN,HepB3_coverage_pct,0.0
2013-12-31,HUN,MCV1_measles_coverage_pct,99.0
2013-12-31,IDN,BCG_coverage_pct,90.0
2013-12-31,IDN,DTP3_coverage_pct,92.0
2013-12-31,IDN,HepB3_coverage_pct,90.0
2013-12-31,IDN,MCV1_measles_coverage_pct,87.0
2013-12-31,IND,BCG_coverage_pct,91.0
2013-12-31,IND,DTP3_coverage_pct,83.0
2013-12-31,IND,HepB3_coverage_pct,67.0
2013-12-31,IND,MCV1_measles_coverage_pct,83.0
2013-12-31,IRL,BCG_coverage_pct,76.0
2013-12-31,IRL,DTP3_coverage_pct,96.0
2013-12-31,IRL,HepB3_coverage_pct,95.0
2013-12-31,IRL,MCV1_measles_coverage_pct,93.0
2013-12-31,IRN,BCG_coverage_pct,99.0
2013-12-31,IRN,DTP3_coverage_pct,98.0
2013-12-31,IRN,HepB3_coverage_pct,99.0
2013-12-31,IRN,MCV1_measles_coverage_pct,98.0
2013-12-31,IRQ,BCG_coverage_pct,99.0
2013-12-31,IRQ,DTP3_coverage_pct,73.0
2013-12-31,IRQ,HepB3_coverage_pct,68.0
2013-12-31,IRQ,MCV1_measles_coverage_pct,73.0
2013-12-31,ISL,DTP3_coverage_pct,91.0
2013-12-31,ISL,HepB3_coverage_pct,0.0
2013-12-31,ISL,MCV1_measles_coverage_pct,91.0
2013-12-31,ISR,DTP3_coverage_pct,96.0
2013-12-31,ISR,HepB3_coverage_pct,97.0
2013-12-31,ISR,MCV1_measles_coverage_pct,98.0
2013-12-31,ITA,DTP3_coverage_pct,96.0
2013-12-31,ITA,HepB3_coverage_pct,96.0
2013-12-31,ITA,MCV1_measles_coverage_pct,90.0
2013-12-31,JAM,BCG_coverage_pct,93.0
2013-12-31,JAM,DTP3_coverage_pct,93.0
2013-12-31,JAM,HepB3_coverage_pct,93.0
2013-12-31,JAM,MCV1_measles_coverage_pct,94.0
2013-12-31,JOR,BCG_coverage_pct,98.0
2013-12-31,JOR,DTP3_coverage_pct,98.0
2013-12-31,JOR,HepB3_coverage_pct,98.0
2013-12-31,JOR,MCV1_measles_coverage_pct,97.0
2013-12-31,JPN,BCG_coverage_pct,93.0
2013-12-31,JPN,DTP3_coverage_pct,96.0
2013-12-31,JPN,HepB3_coverage_pct,0.0
2013-12-31,JPN,MCV1_measles_coverage_pct,95.0
2013-12-31,KAZ,BCG_coverage_pct,95.0
2013-12-31,KAZ,DTP3_coverage_pct,98.0
2013-12-31,KAZ,HepB3_coverage_pct,99.0
2013-12-31,KAZ,MCV1_measles_coverage_pct,99.0
2013-12-31,KEN,BCG_coverage_pct,92.0
2013-12-31,KEN,DTP3_coverage_pct,87.0
2013-12-31,KEN,HepB3_coverage_pct,87.0
2013-12-31,KEN,MCV1_measles_coverage_pct,94.0
2013-12-31,KGZ,BCG_coverage_pct,98.0
2013-12-31,KGZ,DTP3_coverage_pct,97.0
2013-12-31,KGZ,HepB3_coverage_pct,97.0
2013-12-31,KGZ,MCV1_measles_coverage_pct,99.0
2013-12-31,KHM,BCG_coverage_pct,96.0
2013-12-31,KHM,DTP3_coverage_pct,86.0
2013-12-31,KHM,HepB3_coverage_pct,86.0
2013-12-31,KHM,MCV1_measles_coverage_pct,79.0
2013-12-31,KIR,BCG_coverage_pct,86.0
2013-12-31,KIR,DTP3_coverage_pct,95.0
2013-12-31,KIR,HepB3_coverage_pct,95.0
2013-12-31,KIR,MCV1_measles_coverage_pct,91.0
2013-12-31,KNA,BCG_coverage_pct,94.0
2013-12-31,KNA,DTP3_coverage_pct,97.0
2013-12-31,KNA,HepB3_coverage_pct,97.0
2013-12-31,KNA,MCV1_measles_coverage_pct,99.0
2013-12-31,KOR,BCG_coverage_pct,99.0
2013-12-31,KOR,DTP3_coverage_pct,99.0
2013-12-31,KOR,HepB3_coverage_pct,99.0
2013-12-31,KOR,MCV1_measles_coverage_pct,99.0
2013-12-31,KWT,BCG_coverage_pct,99.0
2013-12-31,KWT,DTP3_coverage_pct,99.0
2013-12-31,KWT,HepB3_coverage_pct,99.0
2013-12-31,KWT,MCV1_measles_coverage_pct,99.0
2013-12-31,LAO,BCG_coverage_pct,87.0
2013-12-31,LAO,DTP3_coverage_pct,83.0
2013-12-31,LAO,HepB3_coverage_pct,83.0
2013-12-31,LAO,MCV1_measles_coverage_pct,78.0
2013-12-31,LBN,DTP3_coverage_pct,83.0
2013-12-31,LBN,HepB3_coverage_pct,83.0
2013-12-31,LBN,MCV1_measles_coverage_pct,82.0
2013-12-31,LBR,BCG_coverage_pct,87.0
2013-12-31,LBR,DTP3_coverage_pct,80.0
2013-12-31,LBR,HepB3_coverage_pct,80.0
2013-12-31,LBR,MCV1_measles_coverage_pct,74.0
2013-12-31,LBY,BCG_coverage_pct,99.0
2013-12-31,LBY,DTP3_coverage_pct,96.0
2013-12-31,LBY,HepB3_coverage_pct,96.0
2013-12-31,LBY,MCV1_measles_coverage_pct,96.0
2013-12-31,LCA,BCG_coverage_pct,99.0
2013-12-31,LCA,DTP3_coverage_pct,99.0
2013-12-31,LCA,HepB3_coverage_pct,99.0
2013-12-31,LCA,MCV1_measles_coverage_pct,99.0
2013-12-31,LKA,BCG_coverage_pct,99.0
2013-12-31,LKA,DTP3_coverage_pct,99.0
2013-12-31,LKA,HepB3_coverage_pct,99.0
2013-12-31,LKA,MCV1_measles_coverage_pct,99.0
2013-12-31,LSO,BCG_coverage_pct,98.0
2013-12-31,LSO,DTP3_coverage_pct,93.0
2013-12-31,LSO,HepB3_coverage_pct,93.0
2013-12-31,LSO,MCV1_measles_coverage_pct,90.0
2013-12-31,LTU,BCG_coverage_pct,98.0
2013-12-31,LTU,DTP3_coverage_pct,93.0
2013-12-31,LTU,HepB3_coverage_pct,93.0
2013-12-31,LTU,MCV1_measles_coverage_pct,93.0
2013-12-31,LUX,DTP3_coverage_pct,99.0
2013-12-31,LUX,HepB3_coverage_pct,94.0
2013-12-31,LUX,MCV1_measles_coverage_pct,99.0
2013-12-31,LVA,BCG_coverage_pct,94.0
2013-12-31,LVA,DTP3_coverage_pct,94.0
2013-12-31,LVA,HepB3_coverage_pct,94.0
2013-12-31,LVA,MCV1_measles_coverage_pct,96.0
2013-12-31,MAR,BCG_coverage_pct,99.0
2013-12-31,MAR,DTP3_coverage_pct,99.0
2013-12-31,MAR,HepB3_coverage_pct,99.0
2013-12-31,MAR,MCV1_measles_coverage_pct,99.0
2013-12-31,MCO,DTP3_coverage_pct,99.0
2013-12-31,MCO,HepB3_coverage_pct,99.0
2013-12-31,MCO,MCV1_measles_coverage_pct,91.0
2013-12-31,MDA,BCG_coverage_pct,96.0
2013-12-31,MDA,DTP3_coverage_pct,90.0
2013-12-31,MDA,HepB3_coverage_pct,91.0
2013-12-31,MDA,MCV1_measles_coverage_pct,91.0
2013-12-31,MDG,BCG_coverage_pct,70.0
2013-12-31,MDG,DTP3_coverage_pct,70.0
2013-12-31,MDG,HepB3_coverage_pct,70.0
2013-12-31,MDG,MCV1_measles_coverage_pct,64.0
2013-12-31,MDV,BCG_coverage_pct,99.0
2013-12-31,MDV,DTP3_coverage_pct,99.0
2013-12-31,MDV,HepB3_coverage_pct,99.0
2013-12-31,MDV,MCV1_measles_coverage_pct,99.0
2013-12-31,MEX,BCG_coverage_pct,91.0
2013-12-31,MEX,DTP3_coverage_pct,83.0
2013-12-31,MEX,HepB3_coverage_pct,79.0
2013-12-31,MEX,MCV1_measles_coverage_pct,89.0
2013-12-31,MHL,BCG_coverage_pct,93.0
2013-12-31,MHL,DTP3_coverage_pct,79.0
2013-12-31,MHL,HepB3_coverage_pct,80.0
2013-12-31,MHL,MCV1_measles_coverage_pct,79.0
2013-12-31,MKD,BCG_coverage_pct,97.0
2013-12-31,MKD,DTP3_coverage_pct,98.0
2013-12-31,MKD,HepB3_coverage_pct,97.0
2013-12-31,MKD,MCV1_measles_coverage_pct,96.0
2013-12-31,MLI,BCG_coverage_pct,70.0
2013-12-31,MLI,DTP3_coverage_pct,64.0
2013-12-31,MLI,HepB3_coverage_pct,64.0
2013-12-31,MLI,MCV1_measles_coverage_pct,62.0
2013-12-31,MLT,DTP3_coverage_pct,99.0
2013-12-31,MLT,HepB3_coverage_pct,94.0
2013-12-31,MLT,MCV1_measles_coverage_pct,99.0
2013-12-31,MMR,BCG_coverage_pct,86.0
2013-12-31,MMR,DTP3_coverage_pct,75.0
2013-12-31,MMR,HepB3_coverage_pct,75.0
2013-12-31,MMR,MCV1_measles_coverage_pct,86.0
2013-12-31,MNE,BCG_coverage_pct,93.0
2013-12-31,MNE,DTP3_coverage_pct,94.0
2013-12-31,MNE,HepB3_coverage_pct,90.0
2013-12-31,MNE,MCV1_measles_coverage_pct,88.0
2013-12-31,MNG,BCG_coverage_pct,99.0
2013-12-31,MNG,DTP3_coverage_pct,98.0
2013-12-31,MNG,HepB3_coverage_pct,98.0
2013-12-31,MNG,MCV1_measles_coverage_pct,97.0
2013-12-31,MOZ,BCG_coverage_pct,92.0
2013-12-31,MOZ,DTP3_coverage_pct,82.0
2013-12-31,MOZ,HepB3_coverage_pct,82.0
2013-12-31,MOZ,MCV1_measles_coverage_pct,83.0
2013-12-31,MRT,BCG_coverage_pct,95.0
2013-12-31,MRT,DTP3_coverage_pct,80.0
2013-12-31,MRT,HepB3_coverage_pct,80.0
2013-12-31,MRT,MCV1_measles_coverage_pct,80.0
2013-12-31,MUS,BCG_coverage_pct,99.0
2013-12-31,MUS,DTP3_coverage_pct,98.0
2013-12-31,MUS,HepB3_coverage_pct,98.0
2013-12-31,MUS,MCV1_measles_coverage_pct,99.0
2013-12-31,MWI,BCG_coverage_pct,96.0
2013-12-31,MWI,DTP3_coverage_pct,89.0
2013-12-31,MWI,HepB3_coverage_pct,89.0
2013-12-31,MWI,MCV1_measles_coverage_pct,88.0
2013-12-31,MYS,BCG_coverage_pct,99.0
2013-12-31,MYS,DTP3_coverage_pct,97.0
2013-12-31,MYS,HepB3_coverage_pct,96.0
2013-12-31,MYS,MCV1_measles_coverage_pct,95.0
2013-12-31,NAM,BCG_coverage_pct,94.0
2013-12-31,NAM,DTP3_coverage_pct,89.0
2013-12-31,NAM,HepB3_coverage_pct,89.0
2013-12-31,NAM,MCV1_measles_coverage_pct,82.0
2013-12-31,NER,BCG_coverage_pct,43.0
2013-12-31,NER,DTP3_coverage_pct,75.0
2013-12-31,NER,HepB3_coverage_pct,75.0
2013-12-31,NER,MCV1_measles_coverage_pct,80.0
2013-12-31,NGA,BCG_coverage_pct,51.0
2013-12-31,NGA,DTP3_coverage_pct,43.0
2013-12-31,NGA,HepB3_coverage_pct,43.0
2013-12-31,NGA,MCV1_measles_coverage_pct,43.0
2013-12-31,NIC,BCG_coverage_pct,99.0
2013-12-31,NIC,DTP3_coverage_pct,99.0
2013-12-31,NIC,HepB3_coverage_pct,99.0
2013-12-31,NIC,MCV1_measles_coverage_pct,99.0
2013-12-31,NIU,BCG_coverage_pct,99.0
2013-12-31,NIU,DTP3_coverage_pct,99.0
2013-12-31,NIU,HepB3_coverage_pct,99.0
2013-12-31,NIU,MCV1_measles_coverage_pct,99.0
2013-12-31,NLD,DTP3_coverage_pct,97.0
2013-12-31,NLD,HepB3_coverage_pct,51.0
2013-12-31,NLD,MCV1_measles_coverage_pct,96.0
2013-12-31,NOR,DTP3_coverage_pct,94.0
2013-12-31,NOR,HepB3_coverage_pct,0.0
2013-12-31,NOR,MCV1_measles_coverage_pct,93.0
2013-12-31,NPL,BCG_coverage_pct,97.0
2013-12-31,NPL,DTP3_coverage_pct,92.0
2013-12-31,NPL,HepB3_coverage_pct,92.0
2013-12-31,NPL,MCV1_measles_coverage_pct,88.0
2013-12-31,NRU,BCG_coverage_pct,99.0
2013-12-31,NRU,DTP3_coverage_pct,87.0
2013-12-31,NRU,HepB3_coverage_pct,87.0
2013-12-31,NRU,MCV1_measles_coverage_pct,97.0
2013-12-31,NZL,DTP3_coverage_pct,92.0
2013-12-31,NZL,HepB3_coverage_pct,93.0
2013-12-31,NZL,MCV1_measles_coverage_pct,92.0
2013-12-31,OMN,BCG_coverage_pct,99.0
2013-12-31,OMN,DTP3_coverage_pct,98.0
2013-12-31,OMN,HepB3_coverage_pct,98.0
2013-12-31,OMN,MCV1_measles_coverage_pct,99.0
2013-12-31,PAK,BCG_coverage_pct,84.0
2013-12-31,PAK,DTP3_coverage_pct,65.0
2013-12-31,PAK,HepB3_coverage_pct,65.0
2013-12-31,PAK,MCV1_measles_coverage_pct,68.0
2013-12-31,PAN,BCG_coverage_pct,95.0
2013-12-31,PAN,DTP3_coverage_pct,80.0
2013-12-31,PAN,HepB3_coverage_pct,80.0
2013-12-31,PAN,MCV1_measles_coverage_pct,92.0
2013-12-31,PER,BCG_coverage_pct,95.0
2013-12-31,PER,DTP3_coverage_pct,88.0
2013-12-31,PER,HepB3_coverage_pct,88.0
2013-12-31,PER,MCV1_measles_coverage_pct,85.0
2013-12-31,PHL,BCG_coverage_pct,92.0
2013-12-31,PHL,DTP3_coverage_pct,85.0
2013-12-31,PHL,HepB3_coverage_pct,84.0
2013-12-31,PHL,MCV1_measles_coverage_pct,83.0
2013-12-31,PLW,DTP3_coverage_pct,99.0
2013-12-31,PLW,HepB3_coverage_pct,99.0
2013-12-31,PLW,MCV1_measles_coverage_pct,99.0
2013-12-31,PNG,BCG_coverage_pct,93.0
2013-12-31,PNG,DTP3_coverage_pct,60.0
2013-12-31,PNG,HepB3_coverage_pct,59.0
2013-12-31,PNG,MCV1_measles_coverage_pct,72.0
2013-12-31,POL,BCG_coverage_pct,93.0
2013-12-31,POL,DTP3_coverage_pct,99.0
2013-12-31,POL,HepB3_coverage_pct,96.0
2013-12-31,POL,MCV1_measles_coverage_pct,98.0
2013-12-31,PRK,BCG_coverage_pct,98.0
2013-12-31,PRK,DTP3_coverage_pct,93.0
2013-12-31,PRK,HepB3_coverage_pct,93.0
2013-12-31,PRK,MCV1_measles_coverage_pct,99.0
2013-12-31,PRT,BCG_coverage_pct,99.0
2013-12-31,PRT,DTP3_coverage_pct,98.0
2013-12-31,PRT,HepB3_coverage_pct,98.0
2013-12-31,PRT,MCV1_measles_coverage_pct,98.0
2013-12-31,PRY,BCG_coverage_pct,91.0
2013-12-31,PRY,DTP3_coverage_pct,91.0
2013-12-31,PRY,HepB3_coverage_pct,90.0
2013-12-31,PRY,MCV1_measles_coverage_pct,88.0
2013-12-31,PSE,BCG_coverage_pct,99.0
2013-12-31,PSE,DTP3_coverage_pct,99.0
2013-12-31,PSE,HepB3_coverage_pct,99.0
2013-12-31,PSE,MCV1_measles_coverage_pct,99.0
2013-12-31,QAT,BCG_coverage_pct,99.0
2013-12-31,QAT,DTP3_coverage_pct,97.0
2013-12-31,QAT,HepB3_coverage_pct,97.0
2013-12-31,QAT,MCV1_measles_coverage_pct,97.0
2013-12-31,ROU,BCG_coverage_pct,99.0
2013-12-31,ROU,DTP3_coverage_pct,92.0
2013-12-31,ROU,HepB3_coverage_pct,96.0
2013-12-31,ROU,MCV1_measles_coverage_pct,92.0
2013-12-31,RUS,BCG_coverage_pct,96.0
2013-12-31,RUS,DTP3_coverage_pct,97.0
2013-12-31,RUS,HepB3_coverage_pct,97.0
2013-12-31,RUS,MCV1_measles_coverage_pct,98.0
2013-12-31,RWA,BCG_coverage_pct,99.0
2013-12-31,RWA,DTP3_coverage_pct,98.0
2013-12-31,RWA,HepB3_coverage_pct,98.0
2013-12-31,RWA,MCV1_measles_coverage_pct,95.0
2013-12-31,SAU,BCG_coverage_pct,99.0
2013-12-31,SAU,DTP3_coverage_pct,98.0
2013-12-31,SAU,HepB3_coverage_pct,98.0
2013-12-31,SAU,MCV1_measles_coverage_pct,98.0
2013-12-31,SDN,BCG_coverage_pct,93.0
2013-12-31,SDN,DTP3_coverage_pct,93.0
2013-12-31,SDN,HepB3_coverage_pct,93.0
2013-12-31,SDN,MCV1_measles_coverage_pct,85.0
2013-12-31,SEN,BCG_coverage_pct,97.0
2013-12-31,SEN,DTP3_coverage_pct,92.0
2013-12-31,SEN,HepB3_coverage_pct,92.0
2013-12-31,SEN,MCV1_measles_coverage_pct,84.0
2013-12-31,SGP,BCG_coverage_pct,99.0
2013-12-31,SGP,DTP3_coverage_pct,97.0
2013-12-31,SGP,HepB3_coverage_pct,97.0
2013-12-31,SGP,MCV1_measles_coverage_pct,95.0
2013-12-31,SLB,BCG_coverage_pct,82.0
2013-12-31,SLB,DTP3_coverage_pct,83.0
2013-12-31,SLB,HepB3_coverage_pct,83.0
2013-12-31,SLB,MCV1_measles_coverage_pct,76.0
2013-12-31,SLE,BCG_coverage_pct,99.0
2013-12-31,SLE,DTP3_coverage_pct,92.0
2013-12-31,SLE,HepB3_coverage_pct,92.0
2013-12-31,SLE,MCV1_measles_coverage_pct,85.0
2013-12-31,SLV,BCG_coverage_pct,90.0
2013-12-31,SLV,DTP3_coverage_pct,92.0
2013-12-31,SLV,HepB3_coverage_pct,92.0
2013-12-31,SLV,MCV1_measles_coverage_pct,94.0
2013-12-31,SMR,DTP3_coverage_pct,86.0
2013-12-31,SMR,HepB3_coverage_pct,83.0
2013-12-31,SMR,MCV1_measles_coverage_pct,82.0
2013-12-31,SOM,BCG_coverage_pct,40.0
2013-12-31,SOM,DTP3_coverage_pct,44.0
2013-12-31,SOM,HepB3_coverage_pct,44.0
2013-12-31,SOM,MCV1_measles_coverage_pct,47.0
2013-12-31,SRB,BCG_coverage_pct,97.0
2013-12-31,SRB,DTP3_coverage_pct,95.0
2013-12-31,SRB,HepB3_coverage_pct,91.0
2013-12-31,SRB,MCV1_measles_coverage_pct,92.0
2013-12-31,SSD,BCG_coverage_pct,58.0
2013-12-31,SSD,DTP3_coverage_pct,53.0
2013-12-31,SSD,HepB3_coverage_pct,0.0
2013-12-31,SSD,MCV1_measles_coverage_pct,57.0
2013-12-31,STP,BCG_coverage_pct,97.0
2013-12-31,STP,DTP3_coverage_pct,97.0
2013-12-31,STP,HepB3_coverage_pct,97.0
2013-12-31,STP,MCV1_measles_coverage_pct,91.0
2013-12-31,SUR,DTP3_coverage_pct,77.0
2013-12-31,SUR,HepB3_coverage_pct,76.0
2013-12-31,SUR,MCV1_measles_coverage_pct,81.0
2013-12-31,SVK,BCG_coverage_pct,0.0
2013-12-31,SVK,DTP3_coverage_pct,98.0
2013-12-31,SVK,HepB3_coverage_pct,98.0
2013-12-31,SVK,MCV1_measles_coverage_pct,98.0
2013-12-31,SVN,DTP3_coverage_pct,95.0
2013-12-31,SVN,HepB3_coverage_pct,0.0
2013-12-31,SVN,MCV1_measles_coverage_pct,94.0
2013-12-31,SWE,BCG_coverage_pct,27.0
2013-12-31,SWE,DTP3_coverage_pct,98.0
2013-12-31,SWE,HepB3_coverage_pct,35.0
2013-12-31,SWE,MCV1_measles_coverage_pct,97.0
2013-12-31,SWZ,BCG_coverage_pct,99.0
2013-12-31,SWZ,DTP3_coverage_pct,98.0
2013-12-31,SWZ,HepB3_coverage_pct,98.0
2013-12-31,SWZ,MCV1_measles_coverage_pct,97.0
2013-12-31,SYC,BCG_coverage_pct,99.0
2013-12-31,SYC,DTP3_coverage_pct,98.0
2013-12-31,SYC,HepB3_coverage_pct,98.0
2013-12-31,SYC,MCV1_measles_coverage_pct,97.0
2013-12-31,SYR,BCG_coverage_pct,84.0
2013-12-31,SYR,DTP3_coverage_pct,54.0
2013-12-31,SYR,HepB3_coverage_pct,80.0
2013-12-31,SYR,MCV1_measles_coverage_pct,69.0
2013-12-31,TCD,BCG_coverage_pct,60.0
2013-12-31,TCD,DTP3_coverage_pct,39.0
2013-12-31,TCD,HepB3_coverage_pct,39.0
2013-12-31,TCD,MCV1_measles_coverage_pct,57.0
2013-12-31,TGO,BCG_coverage_pct,97.0
2013-12-31,TGO,DTP3_coverage_pct,84.0
2013-12-31,TGO,HepB3_coverage_pct,84.0
2013-12-31,TGO,MCV1_measles_coverage_pct,72.0
2013-12-31,THA,BCG_coverage_pct,99.0
2013-12-31,THA,DTP3_coverage_pct,99.0
2013-12-31,THA,HepB3_coverage_pct,99.0
2013-12-31,THA,MCV1_measles_coverage_pct,99.0
2013-12-31,TJK,BCG_coverage_pct,97.0
2013-12-31,TJK,DTP3_coverage_pct,91.0
2013-12-31,TJK,HepB3_coverage_pct,92.0
2013-12-31,TJK,MCV1_measles_coverage_pct,90.0
2013-12-31,TKM,BCG_coverage_pct,99.0
2013-12-31,TKM,DTP3_coverage_pct,98.0
2013-12-31,TKM,HepB3_coverage_pct,98.0
2013-12-31,TKM,MCV1_measles_coverage_pct,99.0
2013-12-31,TLS,BCG_coverage_pct,86.0
2013-12-31,TLS,DTP3_coverage_pct,82.0
2013-12-31,TLS,HepB3_coverage_pct,82.0
2013-12-31,TLS,MCV1_measles_coverage_pct,70.0
2013-12-31,TON,BCG_coverage_pct,99.0
2013-12-31,TON,DTP3_coverage_pct,99.0
2013-12-31,TON,HepB3_coverage_pct,99.0
2013-12-31,TON,MCV1_measles_coverage_pct,99.0
2013-12-31,TTO,DTP3_coverage_pct,92.0
2013-12-31,TTO,HepB3_coverage_pct,92.0
2013-12-31,TTO,MCV1_measles_coverage_pct,91.0
2013-12-31,TUN,BCG_coverage_pct,97.0
2013-12-31,TUN,DTP3_coverage_pct,98.0
2013-12-31,TUN,HepB3_coverage_pct,98.0
2013-12-31,TUN,MCV1_measles_coverage_pct,94.0
2013-12-31,TUR,BCG_coverage_pct,96.0
2013-12-31,TUR,DTP3_coverage_pct,98.0
2013-12-31,TUR,HepB3_coverage_pct,97.0
2013-12-31,TUR,MCV1_measles_coverage_pct,98.0
2013-12-31,TUV,BCG_coverage_pct,99.0
2013-12-31,TUV,DTP3_coverage_pct,90.0
2013-12-31,TUV,HepB3_coverage_pct,90.0
2013-12-31,TUV,MCV1_measles_coverage_pct,96.0
2013-12-31,TZA,BCG_coverage_pct,99.0
2013-12-31,TZA,DTP3_coverage_pct,91.0
2013-12-31,TZA,HepB3_coverage_pct,91.0
2013-12-31,TZA,MCV1_measles_coverage_pct,99.0
2013-12-31,UGA,BCG_coverage_pct,93.0
2013-12-31,UGA,DTP3_coverage_pct,84.0
2013-12-31,UGA,HepB3_coverage_pct,84.0
2013-12-31,UGA,MCV1_measles_coverage_pct,83.0
2013-12-31,UKR,BCG_coverage_pct,95.0
2013-12-31,UKR,DTP3_coverage_pct,76.0
2013-12-31,UKR,HepB3_coverage_pct,46.0
2013-12-31,UKR,MCV1_measles_coverage_pct,79.0
2013-12-31,URY,BCG_coverage_pct,98.0
2013-12-31,URY,DTP3_coverage_pct,95.0
2013-12-31,URY,HepB3_coverage_pct,95.0
2013-12-31,URY,MCV1_measles_coverage_pct,96.0
2013-12-31,USA,DTP3_coverage_pct,94.0
2013-12-31,USA,HepB3_coverage_pct,91.0
2013-12-31,USA,MCV1_measles_coverage_pct,92.0
2013-12-31,UZB,BCG_coverage_pct,99.0
2013-12-31,UZB,DTP3_coverage_pct,99.0
2013-12-31,UZB,HepB3_coverage_pct,99.0
2013-12-31,UZB,MCV1_measles_coverage_pct,97.0
2013-12-31,VCT,BCG_coverage_pct,96.0
2013-12-31,VCT,DTP3_coverage_pct,97.0
2013-12-31,VCT,HepB3_coverage_pct,97.0
2013-12-31,VCT,MCV1_measles_coverage_pct,99.0
2013-12-31,VEN,BCG_coverage_pct,95.0
2013-12-31,VEN,DTP3_coverage_pct,82.0
2013-12-31,VEN,HepB3_coverage_pct,82.0
2013-12-31,VEN,MCV1_measles_coverage_pct,85.0
2013-12-31,VNM,BCG_coverage_pct,95.0
2013-12-31,VNM,DTP3_coverage_pct,59.0
2013-12-31,VNM,HepB3_coverage_pct,59.0
2013-12-31,VNM,MCV1_measles_coverage_pct,98.0
2013-12-31,VUT,BCG_coverage_pct,93.0
2013-12-31,VUT,DTP3_coverage_pct,84.0
2013-12-31,VUT,HepB3_coverage_pct,84.0
2013-12-31,VUT,MCV1_measles_coverage_pct,84.0
2013-12-31,WSM,BCG_coverage_pct,90.0
2013-12-31,WSM,DTP3_coverage_pct,84.0
2013-12-31,WSM,HepB3_coverage_pct,85.0
2013-12-31,WSM,MCV1_measles_coverage_pct,92.0
2013-12-31,YEM,BCG_coverage_pct,67.0
2013-12-31,YEM,DTP3_coverage_pct,71.0
2013-12-31,YEM,HepB3_coverage_pct,71.0
2013-12-31,YEM,MCV1_measles_coverage_pct,68.0
2013-12-31,ZAF,BCG_coverage_pct,88.0
2013-12-31,ZAF,DTP3_coverage_pct,81.0
2013-12-31,ZAF,HepB3_coverage_pct,73.0
2013-12-31,ZAF,MCV1_measles_coverage_pct,78.0
2013-12-31,ZMB,BCG_coverage_pct,95.0
2013-12-31,ZMB,DTP3_coverage_pct,79.0
2013-12-31,ZMB,HepB3_coverage_pct,79.0
2013-12-31,ZMB,MCV1_measles_coverage_pct,80.0
2013-12-31,ZWE,BCG_coverage_pct,95.0
2013-12-31,ZWE,DTP3_coverage_pct,95.0
2013-12-31,ZWE,HepB3_coverage_pct,95.0
2013-12-31,ZWE,MCV1_measles_coverage_pct,93.0
2014-12-31,AFG,BCG_coverage_pct,74.0
2014-12-31,AFG,DTP3_coverage_pct,62.0
2014-12-31,AFG,HepB3_coverage_pct,62.0
2014-12-31,AFG,MCV1_measles_coverage_pct,60.0
2014-12-31,AGO,BCG_coverage_pct,72.0
2014-12-31,AGO,DTP3_coverage_pct,55.0
2014-12-31,AGO,HepB3_coverage_pct,55.0
2014-12-31,AGO,MCV1_measles_coverage_pct,56.0
2014-12-31,ALB,BCG_coverage_pct,99.0
2014-12-31,ALB,DTP3_coverage_pct,99.0
2014-12-31,ALB,HepB3_coverage_pct,99.0
2014-12-31,ALB,MCV1_measles_coverage_pct,98.0
2014-12-31,AND,DTP3_coverage_pct,97.0
2014-12-31,AND,HepB3_coverage_pct,95.0
2014-12-31,AND,MCV1_measles_coverage_pct,96.0
2014-12-31,ARE,BCG_coverage_pct,90.0
2014-12-31,ARE,DTP3_coverage_pct,99.0
2014-12-31,ARE,HepB3_coverage_pct,99.0
2014-12-31,ARE,MCV1_measles_coverage_pct,99.0
2014-12-31,ARG,BCG_coverage_pct,99.0
2014-12-31,ARG,DTP3_coverage_pct,94.0
2014-12-31,ARG,HepB3_coverage_pct,94.0
2014-12-31,ARG,MCV1_measles_coverage_pct,95.0
2014-12-31,ARM,BCG_coverage_pct,99.0
2014-12-31,ARM,DTP3_coverage_pct,93.0
2014-12-31,ARM,HepB3_coverage_pct,93.0
2014-12-31,ARM,MCV1_measles_coverage_pct,97.0
2014-12-31,ATG,DTP3_coverage_pct,99.0
2014-12-31,ATG,HepB3_coverage_pct,99.0
2014-12-31,ATG,MCV1_measles_coverage_pct,93.0
2014-12-31,AUS,DTP3_coverage_pct,92.0
2014-12-31,AUS,HepB3_coverage_pct,91.0
2014-12-31,AUS,MCV1_measles_coverage_pct,94.0
2014-12-31,AUT,DTP3_coverage_pct,95.0
2014-12-31,AUT,HepB3_coverage_pct,95.0
2014-12-31,AUT,MCV1_measles_coverage_pct,88.0
2014-12-31,AZE,BCG_coverage_pct,98.0
2014-12-31,AZE,DTP3_coverage_pct,78.0
2014-12-31,AZE,HepB3_coverage_pct,78.0
2014-12-31,AZE,MCV1_measles_coverage_pct,85.0
2014-12-31,BDI,BCG_coverage_pct,92.0
2014-12-31,BDI,DTP3_coverage_pct,95.0
2014-12-31,BDI,HepB3_coverage_pct,95.0
2014-12-31,BDI,MCV1_measles_coverage_pct,94.0
2014-12-31,BEL,DTP3_coverage_pct,99.0
2014-12-31,BEL,HepB3_coverage_pct,98.0
2014-12-31,BEL,MCV1_measles_coverage_pct,96.0
2014-12-31,BEN,BCG_coverage_pct,96.0
2014-12-31,BEN,DTP3_coverage_pct,74.0
2014-12-31,BEN,HepB3_coverage_pct,74.0
2014-12-31,BEN,MCV1_measles_coverage_pct,65.0
2014-12-31,BFA,BCG_coverage_pct,98.0
2014-12-31,BFA,DTP3_coverage_pct,91.0
2014-12-31,BFA,HepB3_coverage_pct,91.0
2014-12-31,BFA,MCV1_measles_coverage_pct,88.0
2014-12-31,BGD,BCG_coverage_pct,99.0
2014-12-31,BGD,DTP3_coverage_pct,97.0
2014-12-31,BGD,HepB3_coverage_pct,97.0
2014-12-31,BGD,MCV1_measles_coverage_pct,94.0
2014-12-31,BGR,BCG_coverage_pct,97.0
2014-12-31,BGR,DTP3_coverage_pct,88.0
2014-12-31,BGR,HepB3_coverage_pct,95.0
2014-12-31,BGR,MCV1_measles_coverage_pct,93.0
2014-12-31,BHR,DTP3_coverage_pct,99.0
2014-12-31,BHR,HepB3_coverage_pct,98.0
2014-12-31,BHR,MCV1_measles_coverage_pct,99.0
2014-12-31,BHS,DTP3_coverage_pct,96.0
2014-12-31,BHS,HepB3_coverage_pct,96.0
2014-12-31,BHS,MCV1_measles_coverage_pct,92.0
2014-12-31,BIH,BCG_coverage_pct,98.0
2014-12-31,BIH,DTP3_coverage_pct,86.0
2014-12-31,BIH,HepB3_coverage_pct,89.0
2014-12-31,BIH,MCV1_measles_coverage_pct,89.0
2014-12-31,BLR,BCG_coverage_pct,99.0
2014-12-31,BLR,DTP3_coverage_pct,97.0
2014-12-31,BLR,HepB3_coverage_pct,97.0
2014-12-31,BLR,MCV1_measles_coverage_pct,99.0
2014-12-31,BLZ,BCG_coverage_pct,98.0
2014-12-31,BLZ,DTP3_coverage_pct,95.0
2014-12-31,BLZ,HepB3_coverage_pct,95.0
2014-12-31,BLZ,MCV1_measles_coverage_pct,95.0
2014-12-31,BOL,BCG_coverage_pct,92.0
2014-12-31,BOL,DTP3_coverage_pct,85.0
2014-12-31,BOL,HepB3_coverage_pct,85.0
2014-12-31,BOL,MCV1_measles_coverage_pct,89.0
2014-12-31,BRA,BCG_coverage_pct,99.0
2014-12-31,BRA,DTP3_coverage_pct,93.0
2014-12-31,BRA,HepB3_coverage_pct,96.0
2014-12-31,BRA,MCV1_measles_coverage_pct,97.0
2014-12-31,BRB,DTP3_coverage_pct,94.0
2014-12-31,BRB,HepB3_coverage_pct,94.0
2014-12-31,BRB,MCV1_measles_coverage_pct,95.0
2014-12-31,BRN,BCG_coverage_pct,99.0
2014-12-31,BRN,DTP3_coverage_pct,99.0
2014-12-31,BRN,HepB3_coverage_pct,99.0
2014-12-31,BRN,MCV1_measles_coverage_pct,97.0
2014-12-31,BTN,BCG_coverage_pct,99.0
2014-12-31,BTN,DTP3_coverage_pct,99.0
2014-12-31,BTN,HepB3_coverage_pct,99.0
2014-12-31,BTN,MCV1_measles_coverage_pct,97.0
2014-12-31,BWA,BCG_coverage_pct,98.0
2014-12-31,BWA,DTP3_coverage_pct,95.0
2014-12-31,BWA,HepB3_coverage_pct,95.0
2014-12-31,BWA,MCV1_measles_coverage_pct,97.0
2014-12-31,CAF,BCG_coverage_pct,67.0
2014-12-31,CAF,DTP3_coverage_pct,45.0
2014-12-31,CAF,HepB3_coverage_pct,45.0
2014-12-31,CAF,MCV1_measles_coverage_pct,47.0
2014-12-31,CAN,DTP3_coverage_pct,91.0
2014-12-31,CAN,HepB3_coverage_pct,55.0
2014-12-31,CAN,MCV1_measles_coverage_pct,90.0
2014-12-31,CHE,DTP3_coverage_pct,96.0
2014-12-31,CHE,HepB3_coverage_pct,0.0
2014-12-31,CHE,MCV1_measles_coverage_pct,94.0
2014-12-31,CHL,BCG_coverage_pct,98.0
2014-12-31,CHL,DTP3_coverage_pct,95.0
2014-12-31,CHL,HepB3_coverage_pct,95.0
2014-12-31,CHL,MCV1_measles_coverage_pct,97.0
2014-12-31,CHN,BCG_coverage_pct,99.0
2014-12-31,CHN,DTP3_coverage_pct,99.0
2014-12-31,CHN,HepB3_coverage_pct,99.0
2014-12-31,CHN,MCV1_measles_coverage_pct,99.0
2014-12-31,CIV,BCG_coverage_pct,85.0
2014-12-31,CIV,DTP3_coverage_pct,73.0
2014-12-31,CIV,HepB3_coverage_pct,73.0
2014-12-31,CIV,MCV1_measles_coverage_pct,59.0
2014-12-31,CMR,BCG_coverage_pct,86.0
2014-12-31,CMR,DTP3_coverage_pct,76.0
2014-12-31,CMR,HepB3_coverage_pct,76.0
2014-12-31,CMR,MCV1_measles_coverage_pct,71.0
2014-12-31,COD,BCG_coverage_pct,80.0
2014-12-31,COD,DTP3_coverage_pct,73.0
2014-12-31,COD,HepB3_coverage_pct,73.0
2014-12-31,COD,MCV1_measles_coverage_pct,69.0
2014-12-31,COG,BCG_coverage_pct,95.0
2014-12-31,COG,DTP3_coverage_pct,90.0
2014-12-31,COG,HepB3_coverage_pct,90.0
2014-12-31,COG,MCV1_measles_coverage_pct,80.0
2014-12-31,COK,BCG_coverage_pct,99.0
2014-12-31,COK,DTP3_coverage_pct,99.0
2014-12-31,COK,HepB3_coverage_pct,99.0
2014-12-31,COK,MCV1_measles_coverage_pct,98.0
2014-12-31,COL,BCG_coverage_pct,89.0
2014-12-31,COL,DTP3_coverage_pct,90.0
2014-12-31,COL,HepB3_coverage_pct,90.0
2014-12-31,COL,MCV1_measles_coverage_pct,91.0
2014-12-31,COM,BCG_coverage_pct,81.0
2014-12-31,COM,DTP3_coverage_pct,80.0
2014-12-31,COM,HepB3_coverage_pct,80.0
2014-12-31,COM,MCV1_measles_coverage_pct,80.0
2014-12-31,CPV,BCG_coverage_pct,99.0
2014-12-31,CPV,DTP3_coverage_pct,95.0
2014-12-31,CPV,HepB3_coverage_pct,95.0
2014-12-31,CPV,MCV1_measles_coverage_pct,93.0
2014-12-31,CRI,BCG_coverage_pct,95.0
2014-12-31,CRI,DTP3_coverage_pct,91.0
2014-12-31,CRI,HepB3_coverage_pct,91.0
2014-12-31,CRI,MCV1_measles_coverage_pct,95.0
2014-12-31,CUB,BCG_coverage_pct,99.0
2014-12-31,CUB,DTP3_coverage_pct,99.0
2014-12-31,CUB,HepB3_coverage_pct,97.0
2014-12-31,CUB,MCV1_measles_coverage_pct,99.0
2014-12-31,CYP,DTP3_coverage_pct,99.0
2014-12-31,CYP,HepB3_coverage_pct,96.0
2014-12-31,CYP,MCV1_measles_coverage_pct,86.0
2014-12-31,CZE,DTP3_coverage_pct,97.0
2014-12-31,CZE,HepB3_coverage_pct,99.0
2014-12-31,CZE,MCV1_measles_coverage_pct,99.0
2014-12-31,DEU,DTP3_coverage_pct,93.0
2014-12-31,DEU,HepB3_coverage_pct,87.0
2014-12-31,DEU,MCV1_measles_coverage_pct,97.0
2014-12-31,DJI,BCG_coverage_pct,99.0
2014-12-31,DJI,DTP3_coverage_pct,78.0
2014-12-31,DJI,HepB3_coverage_pct,78.0
2014-12-31,DJI,MCV1_measles_coverage_pct,71.0
2014-12-31,DMA,BCG_coverage_pct,98.0
2014-12-31,DMA,DTP3_coverage_pct,97.0
2014-12-31,DMA,HepB3_coverage_pct,97.0
2014-12-31,DMA,MCV1_measles_coverage_pct,94.0
2014-12-31,DNK,DTP3_coverage_pct,94.0
2014-12-31,DNK,HepB3_coverage_pct,0.0
2014-12-31,DNK,MCV1_measles_coverage_pct,90.0
2014-12-31,DOM,BCG_coverage_pct,99.0
2014-12-31,DOM,DTP3_coverage_pct,91.0
2014-12-31,DOM,HepB3_coverage_pct,89.0
2014-12-31,DOM,MCV1_measles_coverage_pct,88.0
2014-12-31,DZA,BCG_coverage_pct,99.0
2014-12-31,DZA,DTP3_coverage_pct,95.0
2014-12-31,DZA,HepB3_coverage_pct,95.0
2014-12-31,DZA,MCV1_measles_coverage_pct,95.0
2014-12-31,ECU,BCG_coverage_pct,89.0
2014-12-31,ECU,DTP3_coverage_pct,83.0
2014-12-31,ECU,HepB3_coverage_pct,83.0
2014-12-31,ECU,MCV1_measles_coverage_pct,85.0
2014-12-31,EGY,BCG_coverage_pct,96.0
2014-12-31,EGY,DTP3_coverage_pct,94.0
2014-12-31,EGY,HepB3_coverage_pct,94.0
2014-12-31,EGY,MCV1_measles_coverage_pct,93.0
2014-12-31,ERI,BCG_coverage_pct,97.0
2014-12-31,ERI,DTP3_coverage_pct,94.0
2014-12-31,ERI,HepB3_coverage_pct,94.0
2014-12-31,ERI,MCV1_measles_coverage_pct,90.0
2014-12-31,ESP,DTP3_coverage_pct,97.0
2014-12-31,ESP,HepB3_coverage_pct,96.0
2014-12-31,ESP,MCV1_measles_coverage_pct,96.0
2014-12-31,EST,BCG_coverage_pct,95.0
2014-12-31,EST,DTP3_coverage_pct,93.0
2014-12-31,EST,HepB3_coverage_pct,93.0
2014-12-31,EST,MCV1_measles_coverage_pct,93.0
2014-12-31,ETH,BCG_coverage_pct,69.0
2014-12-31,ETH,DTP3_coverage_pct,61.0
2014-12-31,ETH,HepB3_coverage_pct,61.0
2014-12-31,ETH,MCV1_measles_coverage_pct,54.0
2014-12-31,FIN,DTP3_coverage_pct,98.0
2014-12-31,FIN,HepB3_coverage_pct,0.0
2014-12-31,FIN,MCV1_measles_coverage_pct,96.0
2014-12-31,FJI,BCG_coverage_pct,90.0
2014-12-31,FJI,DTP3_coverage_pct,99.0
2014-12-31,FJI,HepB3_coverage_pct,99.0
2014-12-31,FJI,MCV1_measles_coverage_pct,99.0
2014-12-31,FRA,DTP3_coverage_pct,92.0
2014-12-31,FRA,HepB3_coverage_pct,83.0
2014-12-31,FRA,MCV1_measles_coverage_pct,91.0
2014-12-31,FSM,BCG_coverage_pct,73.0
2014-12-31,FSM,DTP3_coverage_pct,77.0
2014-12-31,FSM,HepB3_coverage_pct,81.0
2014-12-31,FSM,MCV1_measles_coverage_pct,83.0
2014-12-31,GAB,BCG_coverage_pct,90.0
2014-12-31,GAB,DTP3_coverage_pct,70.0
2014-12-31,GAB,HepB3_coverage_pct,70.0
2014-12-31,GAB,MCV1_measles_coverage_pct,61.0
2014-12-31,GBR,DTP3_coverage_pct,95.0
2014-12-31,GBR,HepB3_coverage_pct,0.0
2014-12-31,GBR,MCV1_measles_coverage_pct,93.0
2014-12-31,GEO,BCG_coverage_pct,96.0
2014-12-31,GEO,DTP3_coverage_pct,91.0
2014-12-31,GEO,HepB3_coverage_pct,91.0
2014-12-31,GEO,MCV1_measles_coverage_pct,92.0
2014-12-31,GHA,BCG_coverage_pct,99.0
2014-12-31,GHA,DTP3_coverage_pct,98.0
2014-12-31,GHA,HepB3_coverage_pct,98.0
2014-12-31,GHA,MCV1_measles_coverage_pct,92.0
2014-12-31,GIN,BCG_coverage_pct,66.0
2014-12-31,GIN,DTP3_coverage_pct,44.0
2014-12-31,GIN,HepB3_coverage_pct,44.0
2014-12-31,GIN,MCV1_measles_coverage_pct,50.0
2014-12-31,GMB,BCG_coverage_pct,96.0
2014-12-31,GMB,DTP3_coverage_pct,96.0
2014-12-31,GMB,HepB3_coverage_pct,96.0
2014-12-31,GMB,MCV1_measles_coverage_pct,96.0
2014-12-31,GNB,BCG_coverage_pct,93.0
2014-12-31,GNB,DTP3_coverage_pct,86.0
2014-12-31,GNB,HepB3_coverage_pct,86.0
2014-12-31,GNB,MCV1_measles_coverage_pct,81.0
2014-12-31,GNQ,BCG_coverage_pct,85.0
2014-12-31,GNQ,DTP3_coverage_pct,53.0
2014-12-31,GNQ,HepB3_coverage_pct,53.0
2014-12-31,GNQ,MCV1_measles_coverage_pct,53.0
2014-12-31,GRC,DTP3_coverage_pct,99.0
2014-12-31,GRC,HepB3_coverage_pct,96.0
2014-12-31,GRC,MCV1_measles_coverage_pct,97.0
2014-12-31,GRD,DTP3_coverage_pct,97.0
2014-12-31,GRD,HepB3_coverage_pct,97.0
2014-12-31,GRD,MCV1_measles_coverage_pct,94.0
2014-12-31,GTM,BCG_coverage_pct,93.0
2014-12-31,GTM,DTP3_coverage_pct,74.0
2014-12-31,GTM,HepB3_coverage_pct,74.0
2014-12-31,GTM,MCV1_measles_coverage_pct,68.0
2014-12-31,GUY,BCG_coverage_pct,99.0
2014-12-31,GUY,DTP3_coverage_pct,98.0
2014-12-31,GUY,HepB3_coverage_pct,98.0
2014-12-31,GUY,MCV1_measles_coverage_pct,99.0
2014-12-31,HND,BCG_coverage_pct,96.0
2014-12-31,HND,DTP3_coverage_pct,99.0
2014-12-31,HND,HepB3_coverage_pct,99.0
2014-12-31,HND,MCV1_measles_coverage_pct,97.0
2014-12-31,HRV,BCG_coverage_pct,98.0
2014-12-31,HRV,DTP3_coverage_pct,95.0
2014-12-31,HRV,HepB3_coverage_pct,95.0
2014-12-31,HRV,MCV1_measles_coverage_pct,94.0
2014-12-31,HTI,BCG_coverage_pct,85.0
2014-12-31,HTI,DTP3_coverage_pct,63.0
2014-12-31,HTI,HepB3_coverage_pct,63.0
2014-12-31,HTI,MCV1_measles_coverage_pct,69.0
2014-12-31,HUN,BCG_coverage_pct,99.0
2014-12-31,HUN,DTP3_coverage_pct,99.0
2014-12-31,HUN,HepB3_coverage_pct,0.0
2014-12-31,HUN,MCV1_measles_coverage_pct,99.0
2014-12-31,IDN,BCG_coverage_pct,90.0
2014-12-31,IDN,DTP3_coverage_pct,88.0
2014-12-31,IDN,HepB3_coverage_pct,88.0
2014-12-31,IDN,MCV1_measles_coverage_pct,86.0
2014-12-31,IND,BCG_coverage_pct,89.0
2014-12-31,IND,DTP3_coverage_pct,85.0
2014-12-31,IND,HepB3_coverage_pct,77.0
2014-12-31,IND,MCV1_measles_coverage_pct,85.0
2014-12-31,IRL,BCG_coverage_pct,74.0
2014-12-31,IRL,DTP3_coverage_pct,96.0
2014-12-31,IRL,HepB3_coverage_pct,95.0
2014-12-31,IRL,MCV1_measles_coverage_pct,93.0
2014-12-31,IRN,BCG_coverage_pct,99.0
2014-12-31,IRN,DTP3_coverage_pct,99.0
2014-12-31,IRN,HepB3_coverage_pct,99.0
2014-12-31,IRN,MCV1_measles_coverage_pct,99.0
2014-12-31,IRQ,BCG_coverage_pct,99.0
2014-12-31,IRQ,DTP3_coverage_pct,73.0
2014-12-31,IRQ,HepB3_coverage_pct,69.0
2014-12-31,IRQ,MCV1_measles_coverage_pct,70.0
2014-12-31,ISL,DTP3_coverage_pct,90.0
2014-12-31,ISL,HepB3_coverage_pct,0.0
2014-12-31,ISL,MCV1_measles_coverage_pct,90.0
2014-12-31,ISR,DTP3_coverage_pct,95.0
2014-12-31,ISR,HepB3_coverage_pct,97.0
2014-12-31,ISR,MCV1_measles_coverage_pct,97.0
2014-12-31,ITA,DTP3_coverage_pct,95.0
2014-12-31,ITA,HepB3_coverage_pct,95.0
2014-12-31,ITA,MCV1_measles_coverage_pct,87.0
2014-12-31,JAM,BCG_coverage_pct,90.0
2014-12-31,JAM,DTP3_coverage_pct,92.0
2014-12-31,JAM,HepB3_coverage_pct,92.0
2014-12-31,JAM,MCV1_measles_coverage_pct,92.0
2014-12-31,JOR,BCG_coverage_pct,95.0
2014-12-31,JOR,DTP3_coverage_pct,98.0
2014-12-31,JOR,HepB3_coverage_pct,98.0
2014-12-31,JOR,MCV1_measles_coverage_pct,98.0
2014-12-31,JPN,BCG_coverage_pct,93.0
2014-12-31,JPN,DTP3_coverage_pct,96.0
2014-12-31,JPN,HepB3_coverage_pct,0.0
2014-12-31,JPN,MCV1_measles_coverage_pct,98.0
2014-12-31,KAZ,BCG_coverage_pct,95.0
2014-12-31,KAZ,DTP3_coverage_pct,95.0
2014-12-31,KAZ,HepB3_coverage_pct,95.0
2014-12-31,KAZ,MCV1_measles_coverage_pct,99.0
2014-12-31,KEN,BCG_coverage_pct,94.0
2014-12-31,KEN,DTP3_coverage_pct,92.0
2014-12-31,KEN,HepB3_coverage_pct,92.0
2014-12-31,KEN,MCV1_measles_coverage_pct,95.0
2014-12-31,KGZ,BCG_coverage_pct,97.0
2014-12-31,KGZ,DTP3_coverage_pct,96.0
2014-12-31,KGZ,HepB3_coverage_pct,96.0
2014-12-31,KGZ,MCV1_measles_coverage_pct,96.0
2014-12-31,KHM,BCG_coverage_pct,98.0
2014-12-31,KHM,DTP3_coverage_pct,90.0
2014-12-31,KHM,HepB3_coverage_pct,90.0
2014-12-31,KHM,MCV1_measles_coverage_pct,83.0
2014-12-31,KIR,BCG_coverage_pct,72.0
2014-12-31,KIR,DTP3_coverage_pct,75.0
2014-12-31,KIR,HepB3_coverage_pct,75.0
2014-12-31,KIR,MCV1_measles_coverage_pct,88.0
2014-12-31,KNA,BCG_coverage_pct,99.0
2014-12-31,KNA,DTP3_coverage_pct,98.0
2014-12-31,KNA,HepB3_coverage_pct,98.0
2014-12-31,KNA,MCV1_measles_coverage_pct,93.0
2014-12-31,KOR,BCG_coverage_pct,99.0
2014-12-31,KOR,DTP3_coverage_pct,99.0
2014-12-31,KOR,HepB3_coverage_pct,99.0
2014-12-31,KOR,MCV1_measles_coverage_pct,99.0
2014-12-31,KWT,BCG_coverage_pct,99.0
2014-12-31,KWT,DTP3_coverage_pct,95.0
2014-12-31,KWT,HepB3_coverage_pct,96.0
2014-12-31,KWT,MCV1_measles_coverage_pct,94.0
2014-12-31,LAO,BCG_coverage_pct,89.0
2014-12-31,LAO,DTP3_coverage_pct,83.0
2014-12-31,LAO,HepB3_coverage_pct,83.0
2014-12-31,LAO,MCV1_measles_coverage_pct,81.0
2014-12-31,LBN,DTP3_coverage_pct,83.0
2014-12-31,LBN,HepB3_coverage_pct,83.0
2014-12-31,LBN,MCV1_measles_coverage_pct,82.0
2014-12-31,LBR,BCG_coverage_pct,73.0
2014-12-31,LBR,DTP3_coverage_pct,63.0
2014-12-31,LBR,HepB3_coverage_pct,63.0
2014-12-31,LBR,MCV1_measles_coverage_pct,58.0
2014-12-31,LBY,BCG_coverage_pct,99.0
2014-12-31,LBY,DTP3_coverage_pct,94.0
2014-12-31,LBY,HepB3_coverage_pct,94.0
2014-12-31,LBY,MCV1_measles_coverage_pct,93.0
2014-12-31,LCA,BCG_coverage_pct,89.0
2014-12-31,LCA,DTP3_coverage_pct,99.0
2014-12-31,LCA,HepB3_coverage_pct,99.0
2014-12-31,LCA,MCV1_measles_coverage_pct,99.0
2014-12-31,LKA,BCG_coverage_pct,99.0
2014-12-31,LKA,DTP3_coverage_pct,99.0
2014-12-31,LKA,HepB3_coverage_pct,99.0
2014-12-31,LKA,MCV1_measles_coverage_pct,99.0
2014-12-31,LSO,BCG_coverage_pct,97.0
2014-12-31,LSO,DTP3_coverage_pct,88.0
2014-12-31,LSO,HepB3_coverage_pct,88.0
2014-12-31,LSO,MCV1_measles_coverage_pct,92.0
2014-12-31,LTU,BCG_coverage_pct,98.0
2014-12-31,LTU,DTP3_coverage_pct,93.0
2014-12-31,LTU,HepB3_coverage_pct,94.0
2014-12-31,LTU,MCV1_measles_coverage_pct,93.0
2014-12-31,LUX,DTP3_coverage_pct,99.0
2014-12-31,LUX,HepB3_coverage_pct,94.0
2014-12-31,LUX,MCV1_measles_coverage_pct,99.0
2014-12-31,LVA,BCG_coverage_pct,92.0
2014-12-31,LVA,DTP3_coverage_pct,92.0
2014-12-31,LVA,HepB3_coverage_pct,92.0
2014-12-31,LVA,MCV1_measles_coverage_pct,95.0
2014-12-31,MAR,BCG_coverage_pct,99.0
2014-12-31,MAR,DTP3_coverage_pct,99.0
2014-12-31,MAR,HepB3_coverage_pct,99.0
2014-12-31,MAR,MCV1_measles_coverage_pct,99.0
2014-12-31,MCO,DTP3_coverage_pct,99.0
2014-12-31,MCO,HepB3_coverage_pct,99.0
2014-12-31,MCO,MCV1_measles_coverage_pct,90.0
2014-12-31,MDA,BCG_coverage_pct,97.0
2014-12-31,MDA,DTP3_coverage_pct,90.0
2014-12-31,MDA,HepB3_coverage_pct,92.0
2014-12-31,MDA,MCV1_measles_coverage_pct,90.0
2014-12-31,MDG,BCG_coverage_pct,64.0
2014-12-31,MDG,DTP3_coverage_pct,68.0
2014-12-31,MDG,HepB3_coverage_pct,68.0
2014-12-31,MDG,MCV1_measles_coverage_pct,66.0
2014-12-31,MDV,BCG_coverage_pct,99.0
2014-12-31,MDV,DTP3_coverage_pct,99.0
2014-12-31,MDV,HepB3_coverage_pct,99.0
2014-12-31,MDV,MCV1_measles_coverage_pct,99.0
2014-12-31,MEX,BCG_coverage_pct,96.0
2014-12-31,MEX,DTP3_coverage_pct,87.0
2014-12-31,MEX,HepB3_coverage_pct,84.0
2014-12-31,MEX,MCV1_measles_coverage_pct,98.0
2014-12-31,MHL,BCG_coverage_pct,89.0
2014-12-31,MHL,DTP3_coverage_pct,78.0
2014-12-31,MHL,HepB3_coverage_pct,79.0
2014-12-31,MHL,MCV1_measles_coverage_pct,79.0
2014-12-31,MKD,BCG_coverage_pct,99.0
2014-12-31,MKD,DTP3_coverage_pct,95.0
2014-12-31,MKD,HepB3_coverage_pct,97.0
2014-12-31,MKD,MCV1_measles_coverage_pct,93.0
2014-12-31,MLI,BCG_coverage_pct,73.0
2014-12-31,MLI,DTP3_coverage_pct,66.0
2014-12-31,MLI,HepB3_coverage_pct,66.0
2014-12-31,MLI,MCV1_measles_coverage_pct,61.0
2014-12-31,MLT,DTP3_coverage_pct,99.0
2014-12-31,MLT,HepB3_coverage_pct,90.0
2014-12-31,MLT,MCV1_measles_coverage_pct,98.0
2014-12-31,MMR,BCG_coverage_pct,92.0
2014-12-31,MMR,DTP3_coverage_pct,88.0
2014-12-31,MMR,HepB3_coverage_pct,88.0
2014-12-31,MMR,MCV1_measles_coverage_pct,88.0
2014-12-31,MNE,BCG_coverage_pct,91.0
2014-12-31,MNE,DTP3_coverage_pct,91.0
2014-12-31,MNE,HepB3_coverage_pct,87.0
2014-12-31,MNE,MCV1_measles_coverage_pct,76.0
2014-12-31,MNG,BCG_coverage_pct,99.0
2014-12-31,MNG,DTP3_coverage_pct,99.0
2014-12-31,MNG,HepB3_coverage_pct,99.0
2014-12-31,MNG,MCV1_measles_coverage_pct,98.0
2014-12-31,MOZ,BCG_coverage_pct,93.0
2014-12-31,MOZ,DTP3_coverage_pct,85.0
2014-12-31,MOZ,HepB3_coverage_pct,85.0
2014-12-31,MOZ,MCV1_measles_coverage_pct,83.0
2014-12-31,MRT,BCG_coverage_pct,93.0
2014-12-31,MRT,DTP3_coverage_pct,81.0
2014-12-31,MRT,HepB3_coverage_pct,81.0
2014-12-31,MRT,MCV1_measles_coverage_pct,75.0
2014-12-31,MUS,BCG_coverage_pct,97.0
2014-12-31,MUS,DTP3_coverage_pct,97.0
2014-12-31,MUS,HepB3_coverage_pct,97.0
2014-12-31,MUS,MCV1_measles_coverage_pct,98.0
2014-12-31,MWI,BCG_coverage_pct,97.0
2014-12-31,MWI,DTP3_coverage_pct,91.0
2014-12-31,MWI,HepB3_coverage_pct,91.0
2014-12-31,MWI,MCV1_measles_coverage_pct,85.0
2014-12-31,MYS,BCG_coverage_pct,99.0
2014-12-31,MYS,DTP3_coverage_pct,97.0
2014-12-31,MYS,HepB3_coverage_pct,96.0
2014-12-31,MYS,MCV1_measles_coverage_pct,92.0
2014-12-31,NAM,BCG_coverage_pct,97.0
2014-12-31,NAM,DTP3_coverage_pct,88.0
2014-12-31,NAM,HepB3_coverage_pct,88.0
2014-12-31,NAM,MCV1_measles_coverage_pct,83.0
2014-12-31,NER,BCG_coverage_pct,87.0
2014-12-31,NER,DTP3_coverage_pct,82.0
2014-12-31,NER,HepB3_coverage_pct,82.0
2014-12-31,NER,MCV1_measles_coverage_pct,80.0
2014-12-31,NGA,BCG_coverage_pct,51.0
2014-12-31,NGA,DTP3_coverage_pct,43.0
2014-12-31,NGA,HepB3_coverage_pct,43.0
2014-12-31,NGA,MCV1_measles_coverage_pct,44.0
2014-12-31,NIC,BCG_coverage_pct,99.0
2014-12-31,NIC,DTP3_coverage_pct,99.0
2014-12-31,NIC,HepB3_coverage_pct,99.0
2014-12-31,NIC,MCV1_measles_coverage_pct,99.0
2014-12-31,NIU,BCG_coverage_pct,99.0
2014-12-31,NIU,DTP3_coverage_pct,99.0
2014-12-31,NIU,HepB3_coverage_pct,99.0
2014-12-31,NIU,MCV1_measles_coverage_pct,99.0
2014-12-31,NLD,DTP3_coverage_pct,96.0
2014-12-31,NLD,HepB3_coverage_pct,95.0
2014-12-31,NLD,MCV1_measles_coverage_pct,96.0
2014-12-31,NOR,DTP3_coverage_pct,93.0
2014-12-31,NOR,HepB3_coverage_pct,0.0
2014-12-31,NOR,MCV1_measles_coverage_pct,94.0
2014-12-31,NPL,BCG_coverage_pct,99.0
2014-12-31,NPL,DTP3_coverage_pct,92.0
2014-12-31,NPL,HepB3_coverage_pct,92.0
2014-12-31,NPL,MCV1_measles_coverage_pct,88.0
2014-12-31,NRU,BCG_coverage_pct,99.0
2014-12-31,NRU,DTP3_coverage_pct,95.0
2014-12-31,NRU,HepB3_coverage_pct,95.0
2014-12-31,NRU,MCV1_measles_coverage_pct,98.0
2014-12-31,NZL,DTP3_coverage_pct,93.0
2014-12-31,NZL,HepB3_coverage_pct,93.0
2014-12-31,NZL,MCV1_measles_coverage_pct,93.0
2014-12-31,OMN,BCG_coverage_pct,99.0
2014-12-31,OMN,DTP3_coverage_pct,99.0
2014-12-31,OMN,HepB3_coverage_pct,99.0
2014-12-31,OMN,MCV1_measles_coverage_pct,99.0
2014-12-31,PAK,BCG_coverage_pct,85.0
2014-12-31,PAK,DTP3_coverage_pct,69.0
2014-12-31,PAK,HepB3_coverage_pct,69.0
2014-12-31,PAK,MCV1_measles_coverage_pct,71.0
2014-12-31,PAN,BCG_coverage_pct,99.0
2014-12-31,PAN,DTP3_coverage_pct,80.0
2014-12-31,PAN,HepB3_coverage_pct,80.0
2014-12-31,PAN,MCV1_measles_coverage_pct,90.0
2014-12-31,PER,BCG_coverage_pct,94.0
2014-12-31,PER,DTP3_coverage_pct,88.0
2014-12-31,PER,HepB3_coverage_pct,88.0
2014-12-31,PER,MCV1_measles_coverage_pct,89.0
2014-12-31,PHL,BCG_coverage_pct,88.0
2014-12-31,PHL,DTP3_coverage_pct,80.0
2014-12-31,PHL,HepB3_coverage_pct,79.0
2014-12-31,PHL,MCV1_measles_coverage_pct,81.0
2014-12-31,PLW,DTP3_coverage_pct,95.0
2014-12-31,PLW,HepB3_coverage_pct,99.0
2014-12-31,PLW,MCV1_measles_coverage_pct,83.0
2014-12-31,PNG,BCG_coverage_pct,84.0
2014-12-31,PNG,DTP3_coverage_pct,52.0
2014-12-31,PNG,HepB3_coverage_pct,52.0
2014-12-31,PNG,MCV1_measles_coverage_pct,65.0
2014-12-31,POL,BCG_coverage_pct,92.0
2014-12-31,POL,DTP3_coverage_pct,98.0
2014-12-31,POL,HepB3_coverage_pct,96.0
2014-12-31,POL,MCV1_measles_coverage_pct,97.0
2014-12-31,PRK,BCG_coverage_pct,98.0
2014-12-31,PRK,DTP3_coverage_pct,93.0
2014-12-31,PRK,HepB3_coverage_pct,93.0
2014-12-31,PRK,MCV1_measles_coverage_pct,99.0
2014-12-31,PRT,BCG_coverage_pct,99.0
2014-12-31,PRT,DTP3_coverage_pct,98.0
2014-12-31,PRT,HepB3_coverage_pct,98.0
2014-12-31,PRT,MCV1_measles_coverage_pct,98.0
2014-12-31,PRY,BCG_coverage_pct,96.0
2014-12-31,PRY,DTP3_coverage_pct,93.0
2014-12-31,PRY,HepB3_coverage_pct,93.0
2014-12-31,PRY,MCV1_measles_coverage_pct,84.0
2014-12-31,PSE,BCG_coverage_pct,99.0
2014-12-31,PSE,DTP3_coverage_pct,99.0
2014-12-31,PSE,HepB3_coverage_pct,99.0
2014-12-31,PSE,MCV1_measles_coverage_pct,99.0
2014-12-31,QAT,BCG_coverage_pct,90.0
2014-12-31,QAT,DTP3_coverage_pct,89.0
2014-12-31,QAT,HepB3_coverage_pct,89.0
2014-12-31,QAT,MCV1_measles_coverage_pct,99.0
2014-12-31,ROU,BCG_coverage_pct,98.0
2014-12-31,ROU,DTP3_coverage_pct,94.0
2014-12-31,ROU,HepB3_coverage_pct,94.0
2014-12-31,ROU,MCV1_measles_coverage_pct,89.0
2014-12-31,RUS,BCG_coverage_pct,96.0
2014-12-31,RUS,DTP3_coverage_pct,97.0
2014-12-31,RUS,HepB3_coverage_pct,97.0
2014-12-31,RUS,MCV1_measles_coverage_pct,98.0
2014-12-31,RWA,BCG_coverage_pct,99.0
2014-12-31,RWA,DTP3_coverage_pct,98.0
2014-12-31,RWA,HepB3_coverage_pct,98.0
2014-12-31,RWA,MCV1_measles_coverage_pct,97.0
2014-12-31,SAU,BCG_coverage_pct,99.0
2014-12-31,SAU,DTP3_coverage_pct,98.0
2014-12-31,SAU,HepB3_coverage_pct,98.0
2014-12-31,SAU,MCV1_measles_coverage_pct,98.0
2014-12-31,SDN,BCG_coverage_pct,95.0
2014-12-31,SDN,DTP3_coverage_pct,94.0
2014-12-31,SDN,HepB3_coverage_pct,94.0
2014-12-31,SDN,MCV1_measles_coverage_pct,86.0
2014-12-31,SEN,BCG_coverage_pct,95.0
2014-12-31,SEN,DTP3_coverage_pct,89.0
2014-12-31,SEN,HepB3_coverage_pct,89.0
2014-12-31,SEN,MCV1_measles_coverage_pct,80.0
2014-12-31,SGP,BCG_coverage_pct,99.0
2014-12-31,SGP,DTP3_coverage_pct,96.0
2014-12-31,SGP,HepB3_coverage_pct,96.0
2014-12-31,SGP,MCV1_measles_coverage_pct,95.0
2014-12-31,SLB,BCG_coverage_pct,81.0
2014-12-31,SLB,DTP3_coverage_pct,77.0
2014-12-31,SLB,HepB3_coverage_pct,77.0
2014-12-31,SLB,MCV1_measles_coverage_pct,76.0
2014-12-31,SLE,BCG_coverage_pct,90.0
2014-12-31,SLE,DTP3_coverage_pct,83.0
2014-12-31,SLE,HepB3_coverage_pct,83.0
2014-12-31,SLE,MCV1_measles_coverage_pct,80.0
2014-12-31,SLV,BCG_coverage_pct,87.0
2014-12-31,SLV,DTP3_coverage_pct,94.0
2014-12-31,SLV,HepB3_coverage_pct,94.0
2014-12-31,SLV,MCV1_measles_coverage_pct,96.0
2014-12-31,SMR,DTP3_coverage_pct,84.0
2014-12-31,SMR,HepB3_coverage_pct,83.0
2014-12-31,SMR,MCV1_measles_coverage_pct,81.0
2014-12-31,SOM,BCG_coverage_pct,42.0
2014-12-31,SOM,DTP3_coverage_pct,46.0
2014-12-31,SOM,HepB3_coverage_pct,46.0
2014-12-31,SOM,MCV1_measles_coverage_pct,48.0
2014-12-31,SRB,BCG_coverage_pct,98.0
2014-12-31,SRB,DTP3_coverage_pct,93.0
2014-12-31,SRB,HepB3_coverage_pct,92.0
2014-12-31,SRB,MCV1_measles_coverage_pct,86.0
2014-12-31,SSD,BCG_coverage_pct,55.0
2014-12-31,SSD,DTP3_coverage_pct,50.0
2014-12-31,SSD,HepB3_coverage_pct,0.0
2014-12-31,SSD,MCV1_measles_coverage_pct,54.0
2014-12-31,STP,BCG_coverage_pct,95.0
2014-12-31,STP,DTP3_coverage_pct,95.0
2014-12-31,STP,HepB3_coverage_pct,95.0
2014-12-31,STP,MCV1_measles_coverage_pct,92.0
2014-12-31,SUR,DTP3_coverage_pct,71.0
2014-12-31,SUR,HepB3_coverage_pct,71.0
2014-12-31,SUR,MCV1_measles_coverage_pct,70.0
2014-12-31,SVK,BCG_coverage_pct,0.0
2014-12-31,SVK,DTP3_coverage_pct,97.0
2014-12-31,SVK,HepB3_coverage_pct,97.0
2014-12-31,SVK,MCV1_measles_coverage_pct,97.0
2014-12-31,SVN,DTP3_coverage_pct,95.0
2014-12-31,SVN,HepB3_coverage_pct,0.0
2014-12-31,SVN,MCV1_measles_coverage_pct,94.0
2014-12-31,SWE,BCG_coverage_pct,26.0
2014-12-31,SWE,DTP3_coverage_pct,98.0
2014-12-31,SWE,HepB3_coverage_pct,42.0
2014-12-31,SWE,MCV1_measles_coverage_pct,97.0
2014-12-31,SWZ,BCG_coverage_pct,99.0
2014-12-31,SWZ,DTP3_coverage_pct,98.0
2014-12-31,SWZ,HepB3_coverage_pct,98.0
2014-12-31,SWZ,MCV1_measles_coverage_pct,97.0
2014-12-31,SYC,BCG_coverage_pct,98.0
2014-12-31,SYC,DTP3_coverage_pct,99.0
2014-12-31,SYC,HepB3_coverage_pct,99.0
2014-12-31,SYC,MCV1_measles_coverage_pct,99.0
2014-12-31,SYR,BCG_coverage_pct,81.0
2014-12-31,SYR,DTP3_coverage_pct,56.0
2014-12-31,SYR,HepB3_coverage_pct,56.0
2014-12-31,SYR,MCV1_measles_coverage_pct,65.0
2014-12-31,TCD,BCG_coverage_pct,58.0
2014-12-31,TCD,DTP3_coverage_pct,36.0
2014-12-31,TCD,HepB3_coverage_pct,36.0
2014-12-31,TCD,MCV1_measles_coverage_pct,45.0
2014-12-31,TGO,BCG_coverage_pct,82.0
2014-12-31,TGO,DTP3_coverage_pct,84.0
2014-12-31,TGO,HepB3_coverage_pct,84.0
2014-12-31,TGO,MCV1_measles_coverage_pct,77.0
2014-12-31,THA,BCG_coverage_pct,99.0
2014-12-31,THA,DTP3_coverage_pct,99.0
2014-12-31,THA,HepB3_coverage_pct,99.0
2014-12-31,THA,MCV1_measles_coverage_pct,99.0
2014-12-31,TJK,BCG_coverage_pct,96.0
2014-12-31,TJK,DTP3_coverage_pct,92.0
2014-12-31,TJK,HepB3_coverage_pct,91.0
2014-12-31,TJK,MCV1_measles_coverage_pct,89.0
2014-12-31,TKM,BCG_coverage_pct,99.0
2014-12-31,TKM,DTP3_coverage_pct,98.0
2014-12-31,TKM,HepB3_coverage_pct,97.0
2014-12-31,TKM,MCV1_measles_coverage_pct,99.0
2014-12-31,TLS,BCG_coverage_pct,79.0
2014-12-31,TLS,DTP3_coverage_pct,77.0
2014-12-31,TLS,HepB3_coverage_pct,77.0
2014-12-31,TLS,MCV1_measles_coverage_pct,74.0
2014-12-31,TON,BCG_coverage_pct,99.0
2014-12-31,TON,DTP3_coverage_pct,98.0
2014-12-31,TON,HepB3_coverage_pct,98.0
2014-12-31,TON,MCV1_measles_coverage_pct,99.0
2014-12-31,TTO,DTP3_coverage_pct,92.0
2014-12-31,TTO,HepB3_coverage_pct,92.0
2014-12-31,TTO,MCV1_measles_coverage_pct,96.0
2014-12-31,TUN,BCG_coverage_pct,95.0
2014-12-31,TUN,DTP3_coverage_pct,98.0
2014-12-31,TUN,HepB3_coverage_pct,98.0
2014-12-31,TUN,MCV1_measles_coverage_pct,98.0
2014-12-31,TUR,BCG_coverage_pct,95.0
2014-12-31,TUR,DTP3_coverage_pct,96.0
2014-12-31,TUR,HepB3_coverage_pct,96.0
2014-12-31,TUR,MCV1_measles_coverage_pct,94.0
2014-12-31,TUV,BCG_coverage_pct,99.0
2014-12-31,TUV,DTP3_coverage_pct,89.0
2014-12-31,TUV,HepB3_coverage_pct,89.0
2014-12-31,TUV,MCV1_measles_coverage_pct,94.0
2014-12-31,TZA,BCG_coverage_pct,99.0
2014-12-31,TZA,DTP3_coverage_pct,97.0
2014-12-31,TZA,HepB3_coverage_pct,97.0
2014-12-31,TZA,MCV1_measles_coverage_pct,97.0
2014-12-31,UGA,BCG_coverage_pct,91.0
2014-12-31,UGA,DTP3_coverage_pct,85.0
2014-12-31,UGA,HepB3_coverage_pct,85.0
2014-12-31,UGA,MCV1_measles_coverage_pct,85.0
2014-12-31,UKR,BCG_coverage_pct,39.0
2014-12-31,UKR,DTP3_coverage_pct,23.0
2014-12-31,UKR,HepB3_coverage_pct,22.0
2014-12-31,UKR,MCV1_measles_coverage_pct,56.0
2014-12-31,URY,BCG_coverage_pct,99.0
2014-12-31,URY,DTP3_coverage_pct,95.0
2014-12-31,URY,HepB3_coverage_pct,95.0
2014-12-31,URY,MCV1_measles_coverage_pct,96.0
2014-12-31,USA,DTP3_coverage_pct,95.0
2014-12-31,USA,HepB3_coverage_pct,92.0
2014-12-31,USA,MCV1_measles_coverage_pct,92.0
2014-12-31,UZB,BCG_coverage_pct,99.0
2014-12-31,UZB,DTP3_coverage_pct,99.0
2014-12-31,UZB,HepB3_coverage_pct,99.0
2014-12-31,UZB,MCV1_measles_coverage_pct,99.0
2014-12-31,VCT,BCG_coverage_pct,98.0
2014-12-31,VCT,DTP3_coverage_pct,98.0
2014-12-31,VCT,HepB3_coverage_pct,98.0
2014-12-31,VCT,MCV1_measles_coverage_pct,99.0
2014-12-31,VEN,BCG_coverage_pct,97.0
2014-12-31,VEN,DTP3_coverage_pct,78.0
2014-12-31,VEN,HepB3_coverage_pct,78.0
2014-12-31,VEN,MCV1_measles_coverage_pct,89.0
2014-12-31,VNM,BCG_coverage_pct,96.0
2014-12-31,VNM,DTP3_coverage_pct,95.0
2014-12-31,VNM,HepB3_coverage_pct,95.0
2014-12-31,VNM,MCV1_measles_coverage_pct,97.0
2014-12-31,VUT,BCG_coverage_pct,95.0
2014-12-31,VUT,DTP3_coverage_pct,86.0
2014-12-31,VUT,HepB3_coverage_pct,86.0
2014-12-31,VUT,MCV1_measles_coverage_pct,90.0
2014-12-31,WSM,BCG_coverage_pct,92.0
2014-12-31,WSM,DTP3_coverage_pct,78.0
2014-12-31,WSM,HepB3_coverage_pct,81.0
2014-12-31,WSM,MCV1_measles_coverage_pct,85.0
2014-12-31,YEM,BCG_coverage_pct,70.0
2014-12-31,YEM,DTP3_coverage_pct,70.0
2014-12-31,YEM,HepB3_coverage_pct,70.0
2014-12-31,YEM,MCV1_measles_coverage_pct,64.0
2014-12-31,ZAF,BCG_coverage_pct,93.0
2014-12-31,ZAF,DTP3_coverage_pct,85.0
2014-12-31,ZAF,HepB3_coverage_pct,85.0
2014-12-31,ZAF,MCV1_measles_coverage_pct,84.0
2014-12-31,ZMB,BCG_coverage_pct,99.0
2014-12-31,ZMB,DTP3_coverage_pct,86.0
2014-12-31,ZMB,HepB3_coverage_pct,86.0
2014-12-31,ZMB,MCV1_measles_coverage_pct,85.0
2014-12-31,ZWE,BCG_coverage_pct,99.0
2014-12-31,ZWE,DTP3_coverage_pct,91.0
2014-12-31,ZWE,HepB3_coverage_pct,91.0
2014-12-31,ZWE,MCV1_measles_coverage_pct,92.0
2015-12-31,AFG,BCG_coverage_pct,76.0
2015-12-31,AFG,DTP3_coverage_pct,64.0
2015-12-31,AFG,HepB3_coverage_pct,64.0
2015-12-31,AFG,MCV1_measles_coverage_pct,62.0
2015-12-31,AGO,BCG_coverage_pct,64.0
2015-12-31,AGO,DTP3_coverage_pct,56.0
2015-12-31,AGO,HepB3_coverage_pct,56.0
2015-12-31,AGO,MCV1_measles_coverage_pct,52.0
2015-12-31,ALB,BCG_coverage_pct,99.0
2015-12-31,ALB,DTP3_coverage_pct,99.0
2015-12-31,ALB,HepB3_coverage_pct,99.0
2015-12-31,ALB,MCV1_measles_coverage_pct,97.0
2015-12-31,AND,DTP3_coverage_pct,97.0
2015-12-31,AND,HepB3_coverage_pct,94.0
2015-12-31,AND,MCV1_measles_coverage_pct,96.0
2015-12-31,ARE,BCG_coverage_pct,96.0
2015-12-31,ARE,DTP3_coverage_pct,99.0
2015-12-31,ARE,HepB3_coverage_pct,99.0
2015-12-31,ARE,MCV1_measles_coverage_pct,99.0
2015-12-31,ARG,BCG_coverage_pct,96.0
2015-12-31,ARG,DTP3_coverage_pct,94.0
2015-12-31,ARG,HepB3_coverage_pct,94.0
2015-12-31,ARG,MCV1_measles_coverage_pct,89.0
2015-12-31,ARM,BCG_coverage_pct,99.0
2015-12-31,ARM,DTP3_coverage_pct,94.0
2015-12-31,ARM,HepB3_coverage_pct,94.0
2015-12-31,ARM,MCV1_measles_coverage_pct,97.0
2015-12-31,ATG,DTP3_coverage_pct,99.0
2015-12-31,ATG,HepB3_coverage_pct,99.0
2015-12-31,ATG,MCV1_measles_coverage_pct,91.0
2015-12-31,AUS,DTP3_coverage_pct,93.0
2015-12-31,AUS,HepB3_coverage_pct,93.0
2015-12-31,AUS,MCV1_measles_coverage_pct,95.0
2015-12-31,AUT,DTP3_coverage_pct,95.0
2015-12-31,AUT,HepB3_coverage_pct,95.0
2015-12-31,AUT,MCV1_measles_coverage_pct,95.0
2015-12-31,AZE,BCG_coverage_pct,98.0
2015-12-31,AZE,DTP3_coverage_pct,79.0
2015-12-31,AZE,HepB3_coverage_pct,79.0
2015-12-31,AZE,MCV1_measles_coverage_pct,84.0
2015-12-31,BDI,BCG_coverage_pct,93.0
2015-12-31,BDI,DTP3_coverage_pct,94.0
2015-12-31,BDI,HepB3_coverage_pct,94.0
2015-12-31,BDI,MCV1_measles_coverage_pct,93.0
2015-12-31,BEL,DTP3_coverage_pct,99.0
2015-12-31,BEL,HepB3_coverage_pct,98.0
2015-12-31,BEL,MCV1_measles_coverage_pct,96.0
2015-12-31,BEN,BCG_coverage_pct,96.0
2015-12-31,BEN,DTP3_coverage_pct,74.0
2015-12-31,BEN,HepB3_coverage_pct,74.0
2015-12-31,BEN,MCV1_measles_coverage_pct,67.0
2015-12-31,BFA,BCG_coverage_pct,98.0
2015-12-31,BFA,DTP3_coverage_pct,91.0
2015-12-31,BFA,HepB3_coverage_pct,91.0
2015-12-31,BFA,MCV1_measles_coverage_pct,88.0
2015-12-31,BGD,BCG_coverage_pct,99.0
2015-12-31,BGD,DTP3_coverage_pct,98.0
2015-12-31,BGD,HepB3_coverage_pct,98.0
2015-12-31,BGD,MCV1_measles_coverage_pct,97.0
2015-12-31,BGR,BCG_coverage_pct,96.0
2015-12-31,BGR,DTP3_coverage_pct,91.0
2015-12-31,BGR,HepB3_coverage_pct,92.0
2015-12-31,BGR,MCV1_measles_coverage_pct,92.0
2015-12-31,BHR,DTP3_coverage_pct,98.0
2015-12-31,BHR,HepB3_coverage_pct,98.0
2015-12-31,BHR,MCV1_measles_coverage_pct,99.0
2015-12-31,BHS,DTP3_coverage_pct,95.0
2015-12-31,BHS,HepB3_coverage_pct,95.0
2015-12-31,BHS,MCV1_measles_coverage_pct,94.0
2015-12-31,BIH,BCG_coverage_pct,95.0
2015-12-31,BIH,DTP3_coverage_pct,82.0
2015-12-31,BIH,HepB3_coverage_pct,82.0
2015-12-31,BIH,MCV1_measles_coverage_pct,83.0
2015-12-31,BLR,BCG_coverage_pct,97.0
2015-12-31,BLR,DTP3_coverage_pct,99.0
2015-12-31,BLR,HepB3_coverage_pct,99.0
2015-12-31,BLR,MCV1_measles_coverage_pct,99.0
2015-12-31,BLZ,BCG_coverage_pct,98.0
2015-12-31,BLZ,DTP3_coverage_pct,94.0
2015-12-31,BLZ,HepB3_coverage_pct,94.0
2015-12-31,BLZ,MCV1_measles_coverage_pct,96.0
2015-12-31,BOL,BCG_coverage_pct,99.0
2015-12-31,BOL,DTP3_coverage_pct,89.0
2015-12-31,BOL,HepB3_coverage_pct,89.0
2015-12-31,BOL,MCV1_measles_coverage_pct,95.0
2015-12-31,BRA,BCG_coverage_pct,99.0
2015-12-31,BRA,DTP3_coverage_pct,96.0
2015-12-31,BRA,HepB3_coverage_pct,96.0
2015-12-31,BRA,MCV1_measles_coverage_pct,96.0
2015-12-31,BRB,DTP3_coverage_pct,97.0
2015-12-31,BRB,HepB3_coverage_pct,97.0
2015-12-31,BRB,MCV1_measles_coverage_pct,96.0
2015-12-31,BRN,BCG_coverage_pct,99.0
2015-12-31,BRN,DTP3_coverage_pct,99.0
2015-12-31,BRN,HepB3_coverage_pct,99.0
2015-12-31,BRN,MCV1_measles_coverage_pct,96.0
2015-12-31,BTN,BCG_coverage_pct,99.0
2015-12-31,BTN,DTP3_coverage_pct,99.0
2015-12-31,BTN,HepB3_coverage_pct,99.0
2015-12-31,BTN,MCV1_measles_coverage_pct,97.0
2015-12-31,BWA,BCG_coverage_pct,98.0
2015-12-31,BWA,DTP3_coverage_pct,95.0
2015-12-31,BWA,HepB3_coverage_pct,95.0
2015-12-31,BWA,MCV1_measles_coverage_pct,97.0
2015-12-31,CAF,BCG_coverage_pct,64.0
2015-12-31,CAF,DTP3_coverage_pct,43.0
2015-12-31,CAF,HepB3_coverage_pct,43.0
2015-12-31,CAF,MCV1_measles_coverage_pct,46.0
2015-12-31,CAN,DTP3_coverage_pct,91.0
2015-12-31,CAN,HepB3_coverage_pct,69.0
2015-12-31,CAN,MCV1_measles_coverage_pct,89.0
2015-12-31,CHE,DTP3_coverage_pct,96.0
2015-12-31,CHE,HepB3_coverage_pct,0.0
2015-12-31,CHE,MCV1_measles_coverage_pct,94.0
2015-12-31,CHL,BCG_coverage_pct,93.0
2015-12-31,CHL,DTP3_coverage_pct,96.0
2015-12-31,CHL,HepB3_coverage_pct,96.0
2015-12-31,CHL,MCV1_measles_coverage_pct,96.0
2015-12-31,CHN,BCG_coverage_pct,99.0
2015-12-31,CHN,DTP3_coverage_pct,99.0
2015-12-31,CHN,HepB3_coverage_pct,99.0
2015-12-31,CHN,MCV1_measles_coverage_pct,99.0
2015-12-31,CIV,BCG_coverage_pct,80.0
2015-12-31,CIV,DTP3_coverage_pct,79.0
2015-12-31,CIV,HepB3_coverage_pct,79.0
2015-12-31,CIV,MCV1_measles_coverage_pct,67.0
2015-12-31,CMR,BCG_coverage_pct,81.0
2015-12-31,CMR,DTP3_coverage_pct,76.0
2015-12-31,CMR,HepB3_coverage_pct,76.0
2015-12-31,CMR,MCV1_measles_coverage_pct,71.0
2015-12-31,COD,BCG_coverage_pct,79.0
2015-12-31,COD,DTP3_coverage_pct,70.0
2015-12-31,COD,HepB3_coverage_pct,70.0
2015-12-31,COD,MCV1_measles_coverage_pct,65.0
2015-12-31,COG,BCG_coverage_pct,85.0
2015-12-31,COG,DTP3_coverage_pct,80.0
2015-12-31,COG,HepB3_coverage_pct,80.0
2015-12-31,COG,MCV1_measles_coverage_pct,80.0
2015-12-31,COK,BCG_coverage_pct,99.0
2015-12-31,COK,DTP3_coverage_pct,99.0
2015-12-31,COK,HepB3_coverage_pct,99.0
2015-12-31,COK,MCV1_measles_coverage_pct,99.0
2015-12-31,COL,BCG_coverage_pct,90.0
2015-12-31,COL,DTP3_coverage_pct,91.0
2015-12-31,COL,HepB3_coverage_pct,91.0
2015-12-31,COL,MCV1_measles_coverage_pct,94.0
2015-12-31,COM,BCG_coverage_pct,80.0
2015-12-31,COM,DTP3_coverage_pct,80.0
2015-12-31,COM,HepB3_coverage_pct,80.0
2015-12-31,COM,MCV1_measles_coverage_pct,81.0
2015-12-31,CPV,BCG_coverage_pct,94.0
2015-12-31,CPV,DTP3_coverage_pct,93.0
2015-12-31,CPV,HepB3_coverage_pct,93.0
2015-12-31,CPV,MCV1_measles_coverage_pct,92.0
2015-12-31,CRI,BCG_coverage_pct,99.0
2015-12-31,CRI,DTP3_coverage_pct,92.0
2015-12-31,CRI,HepB3_coverage_pct,92.0
2015-12-31,CRI,MCV1_measles_coverage_pct,93.0
2015-12-31,CUB,BCG_coverage_pct,99.0
2015-12-31,CUB,DTP3_coverage_pct,99.0
2015-12-31,CUB,HepB3_coverage_pct,99.0
2015-12-31,CUB,MCV1_measles_coverage_pct,99.0
2015-12-31,CYP,DTP3_coverage_pct,97.0
2015-12-31,CYP,HepB3_coverage_pct,97.0
2015-12-31,CYP,MCV1_measles_coverage_pct,90.0
2015-12-31,CZE,DTP3_coverage_pct,97.0
2015-12-31,CZE,HepB3_coverage_pct,97.0
2015-12-31,CZE,MCV1_measles_coverage_pct,99.0
2015-12-31,DEU,DTP3_coverage_pct,93.0
2015-12-31,DEU,HepB3_coverage_pct,87.0
2015-12-31,DEU,MCV1_measles_coverage_pct,97.0
2015-12-31,DJI,BCG_coverage_pct,92.0
2015-12-31,DJI,DTP3_coverage_pct,84.0
2015-12-31,DJI,HepB3_coverage_pct,84.0
2015-12-31,DJI,MCV1_measles_coverage_pct,74.0
2015-12-31,DMA,BCG_coverage_pct,98.0
2015-12-31,DMA,DTP3_coverage_pct,98.0
2015-12-31,DMA,HepB3_coverage_pct,98.0
2015-12-31,DMA,MCV1_measles_coverage_pct,96.0
2015-12-31,DNK,DTP3_coverage_pct,93.0
2015-12-31,DNK,HepB3_coverage_pct,0.0
2015-12-31,DNK,MCV1_measles_coverage_pct,91.0
2015-12-31,DOM,BCG_coverage_pct,99.0
2015-12-31,DOM,DTP3_coverage_pct,85.0
2015-12-31,DOM,HepB3_coverage_pct,81.0
2015-12-31,DOM,MCV1_measles_coverage_pct,90.0
2015-12-31,DZA,BCG_coverage_pct,99.0
2015-12-31,DZA,DTP3_coverage_pct,95.0
2015-12-31,DZA,HepB3_coverage_pct,95.0
2015-12-31,DZA,MCV1_measles_coverage_pct,95.0
2015-12-31,ECU,BCG_coverage_pct,88.0
2015-12-31,ECU,DTP3_coverage_pct,78.0
2015-12-31,ECU,HepB3_coverage_pct,78.0
2015-12-31,ECU,MCV1_measles_coverage_pct,84.0
2015-12-31,EGY,BCG_coverage_pct,96.0
2015-12-31,EGY,DTP3_coverage_pct,93.0
2015-12-31,EGY,HepB3_coverage_pct,93.0
2015-12-31,EGY,MCV1_measles_coverage_pct,92.0
2015-12-31,ERI,BCG_coverage_pct,97.0
2015-12-31,ERI,DTP3_coverage_pct,95.0
2015-12-31,ERI,HepB3_coverage_pct,95.0
2015-12-31,ERI,MCV1_measles_coverage_pct,97.0
2015-12-31,ESP,DTP3_coverage_pct,97.0
2015-12-31,ESP,HepB3_coverage_pct,97.0
2015-12-31,ESP,MCV1_measles_coverage_pct,96.0
2015-12-31,EST,BCG_coverage_pct,95.0
2015-12-31,EST,DTP3_coverage_pct,93.0
2015-12-31,EST,HepB3_coverage_pct,91.0
2015-12-31,EST,MCV1_measles_coverage_pct,93.0
2015-12-31,ETH,BCG_coverage_pct,70.0
2015-12-31,ETH,DTP3_coverage_pct,62.0
2015-12-31,ETH,HepB3_coverage_pct,62.0
2015-12-31,ETH,MCV1_measles_coverage_pct,56.0
2015-12-31,FIN,DTP3_coverage_pct,97.0
2015-12-31,FIN,HepB3_coverage_pct,0.0
2015-12-31,FIN,MCV1_measles_coverage_pct,95.0
2015-12-31,FJI,BCG_coverage_pct,91.0
2015-12-31,FJI,DTP3_coverage_pct,99.0
2015-12-31,FJI,HepB3_coverage_pct,99.0
2015-12-31,FJI,MCV1_measles_coverage_pct,98.0
2015-12-31,FRA,DTP3_coverage_pct,96.0
2015-12-31,FRA,HepB3_coverage_pct,88.0
2015-12-31,FRA,MCV1_measles_coverage_pct,91.0
2015-12-31,FSM,BCG_coverage_pct,76.0
2015-12-31,FSM,DTP3_coverage_pct,72.0
2015-12-31,FSM,HepB3_coverage_pct,78.0
2015-12-31,FSM,MCV1_measles_coverage_pct,74.0
2015-12-31,GAB,BCG_coverage_pct,97.0
2015-12-31,GAB,DTP3_coverage_pct,80.0
2015-12-31,GAB,HepB3_coverage_pct,80.0
2015-12-31,GAB,MCV1_measles_coverage_pct,68.0
2015-12-31,GBR,DTP3_coverage_pct,95.0
2015-12-31,GBR,HepB3_coverage_pct,0.0
2015-12-31,GBR,MCV1_measles_coverage_pct,93.0
2015-12-31,GEO,BCG_coverage_pct,96.0
2015-12-31,GEO,DTP3_coverage_pct,94.0
2015-12-31,GEO,HepB3_coverage_pct,94.0
2015-12-31,GEO,MCV1_measles_coverage_pct,96.0
2015-12-31,GHA,BCG_coverage_pct,97.0
2015-12-31,GHA,DTP3_coverage_pct,89.0
2015-12-31,GHA,HepB3_coverage_pct,89.0
2015-12-31,GHA,MCV1_measles_coverage_pct,89.0
2015-12-31,GIN,BCG_coverage_pct,72.0
2015-12-31,GIN,DTP3_coverage_pct,48.0
2015-12-31,GIN,HepB3_coverage_pct,48.0
2015-12-31,GIN,MCV1_measles_coverage_pct,47.0
2015-12-31,GMB,BCG_coverage_pct,98.0
2015-12-31,GMB,DTP3_coverage_pct,97.0
2015-12-31,GMB,HepB3_coverage_pct,97.0
2015-12-31,GMB,MCV1_measles_coverage_pct,97.0
2015-12-31,GNB,BCG_coverage_pct,92.0
2015-12-31,GNB,DTP3_coverage_pct,86.0
2015-12-31,GNB,HepB3_coverage_pct,86.0
2015-12-31,GNB,MCV1_measles_coverage_pct,80.0
2015-12-31,GNQ,BCG_coverage_pct,77.0
2015-12-31,GNQ,DTP3_coverage_pct,40.0
2015-12-31,GNQ,HepB3_coverage_pct,40.0
2015-12-31,GNQ,MCV1_measles_coverage_pct,50.0
2015-12-31,GRC,DTP3_coverage_pct,99.0
2015-12-31,GRC,HepB3_coverage_pct,96.0
2015-12-31,GRC,MCV1_measles_coverage_pct,97.0
2015-12-31,GRD,DTP3_coverage_pct,92.0
2015-12-31,GRD,HepB3_coverage_pct,92.0
2015-12-31,GRD,MCV1_measles_coverage_pct,99.0
2015-12-31,GTM,BCG_coverage_pct,92.0
2015-12-31,GTM,DTP3_coverage_pct,70.0
2015-12-31,GTM,HepB3_coverage_pct,70.0
2015-12-31,GTM,MCV1_measles_coverage_pct,79.0
2015-12-31,GUY,BCG_coverage_pct,99.0
2015-12-31,GUY,DTP3_coverage_pct,95.0
2015-12-31,GUY,HepB3_coverage_pct,95.0
2015-12-31,GUY,MCV1_measles_coverage_pct,99.0
2015-12-31,HND,BCG_coverage_pct,94.0
2015-12-31,HND,DTP3_coverage_pct,98.0
2015-12-31,HND,HepB3_coverage_pct,98.0
2015-12-31,HND,MCV1_measles_coverage_pct,98.0
2015-12-31,HRV,BCG_coverage_pct,99.0
2015-12-31,HRV,DTP3_coverage_pct,94.0
2015-12-31,HRV,HepB3_coverage_pct,94.0
2015-12-31,HRV,MCV1_measles_coverage_pct,93.0
2015-12-31,HTI,BCG_coverage_pct,83.0
2015-12-31,HTI,DTP3_coverage_pct,64.0
2015-12-31,HTI,HepB3_coverage_pct,64.0
2015-12-31,HTI,MCV1_measles_coverage_pct,69.0
2015-12-31,HUN,BCG_coverage_pct,99.0
2015-12-31,HUN,DTP3_coverage_pct,99.0
2015-12-31,HUN,HepB3_coverage_pct,0.0
2015-12-31,HUN,MCV1_measles_coverage_pct,99.0
2015-12-31,IDN,BCG_coverage_pct,90.0
2015-12-31,IDN,DTP3_coverage_pct,84.0
2015-12-31,IDN,HepB3_coverage_pct,84.0
2015-12-31,IDN,MCV1_measles_coverage_pct,87.0
2015-12-31,IND,BCG_coverage_pct,87.0
2015-12-31,IND,DTP3_coverage_pct,87.0
2015-12-31,IND,HepB3_coverage_pct,87.0
2015-12-31,IND,MCV1_measles_coverage_pct,87.0
2015-12-31,IRL,BCG_coverage_pct,77.0
2015-12-31,IRL,DTP3_coverage_pct,95.0
2015-12-31,IRL,HepB3_coverage_pct,95.0
2015-12-31,IRL,MCV1_measles_coverage_pct,93.0
2015-12-31,IRN,BCG_coverage_pct,99.0
2015-12-31,IRN,DTP3_coverage_pct,98.0
2015-12-31,IRN,HepB3_coverage_pct,98.0
2015-12-31,IRN,MCV1_measles_coverage_pct,99.0
2015-12-31,IRQ,BCG_coverage_pct,94.0
2015-12-31,IRQ,DTP3_coverage_pct,68.0
2015-12-31,IRQ,HepB3_coverage_pct,68.0
2015-12-31,IRQ,MCV1_measles_coverage_pct,71.0
2015-12-31,ISL,DTP3_coverage_pct,92.0
2015-12-31,ISL,HepB3_coverage_pct,0.0
2015-12-31,ISL,MCV1_measles_coverage_pct,93.0
2015-12-31,ISR,DTP3_coverage_pct,95.0
2015-12-31,ISR,HepB3_coverage_pct,96.0
2015-12-31,ISR,MCV1_measles_coverage_pct,98.0
2015-12-31,ITA,DTP3_coverage_pct,93.0
2015-12-31,ITA,HepB3_coverage_pct,93.0
2015-12-31,ITA,MCV1_measles_coverage_pct,85.0
2015-12-31,JAM,BCG_coverage_pct,99.0
2015-12-31,JAM,DTP3_coverage_pct,91.0
2015-12-31,JAM,HepB3_coverage_pct,91.0
2015-12-31,JAM,MCV1_measles_coverage_pct,91.0
2015-12-31,JOR,BCG_coverage_pct,98.0
2015-12-31,JOR,DTP3_coverage_pct,99.0
2015-12-31,JOR,HepB3_coverage_pct,99.0
2015-12-31,JOR,MCV1_measles_coverage_pct,94.0
2015-12-31,JPN,BCG_coverage_pct,84.0
2015-12-31,JPN,DTP3_coverage_pct,96.0
2015-12-31,JPN,HepB3_coverage_pct,0.0
2015-12-31,JPN,MCV1_measles_coverage_pct,96.0
2015-12-31,KAZ,BCG_coverage_pct,94.0
2015-12-31,KAZ,DTP3_coverage_pct,93.0
2015-12-31,KAZ,HepB3_coverage_pct,93.0
2015-12-31,KAZ,MCV1_measles_coverage_pct,96.0
2015-12-31,KEN,BCG_coverage_pct,87.0
2015-12-31,KEN,DTP3_coverage_pct,89.0
2015-12-31,KEN,HepB3_coverage_pct,89.0
2015-12-31,KEN,MCV1_measles_coverage_pct,96.0
2015-12-31,KGZ,BCG_coverage_pct,97.0
2015-12-31,KGZ,DTP3_coverage_pct,97.0
2015-12-31,KGZ,HepB3_coverage_pct,97.0
2015-12-31,KGZ,MCV1_measles_coverage_pct,99.0
2015-12-31,KHM,BCG_coverage_pct,99.0
2015-12-31,KHM,DTP3_coverage_pct,91.0
2015-12-31,KHM,HepB3_coverage_pct,91.0
2015-12-31,KHM,MCV1_measles_coverage_pct,85.0
2015-12-31,KIR,BCG_coverage_pct,79.0
2015-12-31,KIR,DTP3_coverage_pct,78.0
2015-12-31,KIR,HepB3_coverage_pct,82.0
2015-12-31,KIR,MCV1_measles_coverage_pct,84.0
2015-12-31,KNA,BCG_coverage_pct,95.0
2015-12-31,KNA,DTP3_coverage_pct,94.0
2015-12-31,KNA,HepB3_coverage_pct,94.0
2015-12-31,KNA,MCV1_measles_coverage_pct,95.0
2015-12-31,KOR,BCG_coverage_pct,97.0
2015-12-31,KOR,DTP3_coverage_pct,98.0
2015-12-31,KOR,HepB3_coverage_pct,98.0
2015-12-31,KOR,MCV1_measles_coverage_pct,98.0
2015-12-31,KWT,BCG_coverage_pct,99.0
2015-12-31,KWT,DTP3_coverage_pct,99.0
2015-12-31,KWT,HepB3_coverage_pct,99.0
2015-12-31,KWT,MCV1_measles_coverage_pct,93.0
2015-12-31,LAO,BCG_coverage_pct,88.0
2015-12-31,LAO,DTP3_coverage_pct,82.0
2015-12-31,LAO,HepB3_coverage_pct,82.0
2015-12-31,LAO,MCV1_measles_coverage_pct,78.0
2015-12-31,LBN,DTP3_coverage_pct,83.0
2015-12-31,LBN,HepB3_coverage_pct,83.0
2015-12-31,LBN,MCV1_measles_coverage_pct,82.0
2015-12-31,LBR,BCG_coverage_pct,74.0
2015-12-31,LBR,DTP3_coverage_pct,65.0
2015-12-31,LBR,HepB3_coverage_pct,65.0
2015-12-31,LBR,MCV1_measles_coverage_pct,64.0
2015-12-31,LBY,BCG_coverage_pct,99.0
2015-12-31,LBY,DTP3_coverage_pct,97.0
2015-12-31,LBY,HepB3_coverage_pct,97.0
2015-12-31,LBY,MCV1_measles_coverage_pct,98.0
2015-12-31,LCA,BCG_coverage_pct,99.0
2015-12-31,LCA,DTP3_coverage_pct,99.0
2015-12-31,LCA,HepB3_coverage_pct,99.0
2015-12-31,LCA,MCV1_measles_coverage_pct,97.0
2015-12-31,LKA,BCG_coverage_pct,99.0
2015-12-31,LKA,DTP3_coverage_pct,99.0
2015-12-31,LKA,HepB3_coverage_pct,99.0
2015-12-31,LKA,MCV1_measles_coverage_pct,99.0
2015-12-31,LSO,BCG_coverage_pct,95.0
2015-12-31,LSO,DTP3_coverage_pct,83.0
2015-12-31,LSO,HepB3_coverage_pct,83.0
2015-12-31,LSO,MCV1_measles_coverage_pct,93.0
2015-12-31,LTU,BCG_coverage_pct,97.0
2015-12-31,LTU,DTP3_coverage_pct,93.0
2015-12-31,LTU,HepB3_coverage_pct,94.0
2015-12-31,LTU,MCV1_measles_coverage_pct,94.0
2015-12-31,LUX,DTP3_coverage_pct,99.0
2015-12-31,LUX,HepB3_coverage_pct,94.0
2015-12-31,LUX,MCV1_measles_coverage_pct,99.0
2015-12-31,LVA,BCG_coverage_pct,93.0
2015-12-31,LVA,DTP3_coverage_pct,94.0
2015-12-31,LVA,HepB3_coverage_pct,94.0
2015-12-31,LVA,MCV1_measles_coverage_pct,96.0
2015-12-31,MAR,BCG_coverage_pct,99.0
2015-12-31,MAR,DTP3_coverage_pct,99.0
2015-12-31,MAR,HepB3_coverage_pct,99.0
2015-12-31,MAR,MCV1_measles_coverage_pct,99.0
2015-12-31,MCO,DTP3_coverage_pct,99.0
2015-12-31,MCO,HepB3_coverage_pct,99.0
2015-12-31,MCO,MCV1_measles_coverage_pct,89.0
2015-12-31,MDA,BCG_coverage_pct,97.0
2015-12-31,MDA,DTP3_coverage_pct,87.0
2015-12-31,MDA,HepB3_coverage_pct,88.0
2015-12-31,MDA,MCV1_measles_coverage_pct,89.0
2015-12-31,MDG,BCG_coverage_pct,56.0
2015-12-31,MDG,DTP3_coverage_pct,62.0
2015-12-31,MDG,HepB3_coverage_pct,62.0
2015-12-31,MDG,MCV1_measles_coverage_pct,60.0
2015-12-31,MDV,BCG_coverage_pct,99.0
2015-12-31,MDV,DTP3_coverage_pct,99.0
2015-12-31,MDV,HepB3_coverage_pct,99.0
2015-12-31,MDV,MCV1_measles_coverage_pct,99.0
2015-12-31,MEX,BCG_coverage_pct,98.0
2015-12-31,MEX,DTP3_coverage_pct,87.0
2015-12-31,MEX,HepB3_coverage_pct,76.0
2015-12-31,MEX,MCV1_measles_coverage_pct,98.0
2015-12-31,MHL,BCG_coverage_pct,99.0
2015-12-31,MHL,DTP3_coverage_pct,85.0
2015-12-31,MHL,HepB3_coverage_pct,85.0
2015-12-31,MHL,MCV1_measles_coverage_pct,75.0
2015-12-31,MKD,BCG_coverage_pct,94.0
2015-12-31,MKD,DTP3_coverage_pct,91.0
2015-12-31,MKD,HepB3_coverage_pct,92.0
2015-12-31,MKD,MCV1_measles_coverage_pct,89.0
2015-12-31,MLI,BCG_coverage_pct,78.0
2015-12-31,MLI,DTP3_coverage_pct,70.0
2015-12-31,MLI,HepB3_coverage_pct,70.0
2015-12-31,MLI,MCV1_measles_coverage_pct,65.0
2015-12-31,MLT,DTP3_coverage_pct,97.0
2015-12-31,MLT,HepB3_coverage_pct,95.0
2015-12-31,MLT,MCV1_measles_coverage_pct,89.0
2015-12-31,MMR,BCG_coverage_pct,94.0
2015-12-31,MMR,DTP3_coverage_pct,89.0
2015-12-31,MMR,HepB3_coverage_pct,89.0
2015-12-31,MMR,MCV1_measles_coverage_pct,84.0
2015-12-31,MNE,BCG_coverage_pct,88.0
2015-12-31,MNE,DTP3_coverage_pct,89.0
2015-12-31,MNE,HepB3_coverage_pct,82.0
2015-12-31,MNE,MCV1_measles_coverage_pct,64.0
2015-12-31,MNG,BCG_coverage_pct,99.0
2015-12-31,MNG,DTP3_coverage_pct,99.0
2015-12-31,MNG,HepB3_coverage_pct,99.0
2015-12-31,MNG,MCV1_measles_coverage_pct,98.0
2015-12-31,MOZ,BCG_coverage_pct,93.0
2015-12-31,MOZ,DTP3_coverage_pct,85.0
2015-12-31,MOZ,HepB3_coverage_pct,85.0
2015-12-31,MOZ,MCV1_measles_coverage_pct,83.0
2015-12-31,MRT,BCG_coverage_pct,85.0
2015-12-31,MRT,DTP3_coverage_pct,73.0
2015-12-31,MRT,HepB3_coverage_pct,73.0
2015-12-31,MRT,MCV1_measles_coverage_pct,70.0
2015-12-31,MUS,BCG_coverage_pct,98.0
2015-12-31,MUS,DTP3_coverage_pct,97.0
2015-12-31,MUS,HepB3_coverage_pct,97.0
2015-12-31,MUS,MCV1_measles_coverage_pct,99.0
2015-12-31,MWI,BCG_coverage_pct,90.0
2015-12-31,MWI,DTP3_coverage_pct,88.0
2015-12-31,MWI,HepB3_coverage_pct,88.0
2015-12-31,MWI,MCV1_measles_coverage_pct,87.0
2015-12-31,MYS,BCG_coverage_pct,99.0
2015-12-31,MYS,DTP3_coverage_pct,99.0
2015-12-31,MYS,HepB3_coverage_pct,99.0
2015-12-31,MYS,MCV1_measles_coverage_pct,93.0
2015-12-31,NAM,BCG_coverage_pct,94.0
2015-12-31,NAM,DTP3_coverage_pct,92.0
2015-12-31,NAM,HepB3_coverage_pct,92.0
2015-12-31,NAM,MCV1_measles_coverage_pct,85.0
2015-12-31,NER,BCG_coverage_pct,94.0
2015-12-31,NER,DTP3_coverage_pct,84.0
2015-12-31,NER,HepB3_coverage_pct,84.0
2015-12-31,NER,MCV1_measles_coverage_pct,85.0
2015-12-31,NGA,BCG_coverage_pct,53.0
2015-12-31,NGA,DTP3_coverage_pct,42.0
2015-12-31,NGA,HepB3_coverage_pct,42.0
2015-12-31,NGA,MCV1_measles_coverage_pct,42.0
2015-12-31,NIC,BCG_coverage_pct,99.0
2015-12-31,NIC,DTP3_coverage_pct,99.0
2015-12-31,NIC,HepB3_coverage_pct,99.0
2015-12-31,NIC,MCV1_measles_coverage_pct,99.0
2015-12-31,NIU,BCG_coverage_pct,99.0
2015-12-31,NIU,DTP3_coverage_pct,99.0
2015-12-31,NIU,HepB3_coverage_pct,99.0
2015-12-31,NIU,MCV1_measles_coverage_pct,99.0
2015-12-31,NLD,DTP3_coverage_pct,95.0
2015-12-31,NLD,HepB3_coverage_pct,94.0
2015-12-31,NLD,MCV1_measles_coverage_pct,95.0
2015-12-31,NOR,DTP3_coverage_pct,95.0
2015-12-31,NOR,HepB3_coverage_pct,0.0
2015-12-31,NOR,MCV1_measles_coverage_pct,95.0
2015-12-31,NPL,BCG_coverage_pct,94.0
2015-12-31,NPL,DTP3_coverage_pct,91.0
2015-12-31,NPL,HepB3_coverage_pct,91.0
2015-12-31,NPL,MCV1_measles_coverage_pct,85.0
2015-12-31,NRU,BCG_coverage_pct,99.0
2015-12-31,NRU,DTP3_coverage_pct,91.0
2015-12-31,NRU,HepB3_coverage_pct,91.0
2015-12-31,NRU,MCV1_measles_coverage_pct,98.0
2015-12-31,NZL,DTP3_coverage_pct,92.0
2015-12-31,NZL,HepB3_coverage_pct,92.0
2015-12-31,NZL,MCV1_measles_coverage_pct,93.0
2015-12-31,OMN,BCG_coverage_pct,99.0
2015-12-31,OMN,DTP3_coverage_pct,99.0
2015-12-31,OMN,HepB3_coverage_pct,99.0
2015-12-31,OMN,MCV1_measles_coverage_pct,99.0
2015-12-31,PAK,BCG_coverage_pct,86.0
2015-12-31,PAK,DTP3_coverage_pct,72.0
2015-12-31,PAK,HepB3_coverage_pct,72.0
2015-12-31,PAK,MCV1_measles_coverage_pct,75.0
2015-12-31,PAN,BCG_coverage_pct,99.0
2015-12-31,PAN,DTP3_coverage_pct,73.0
2015-12-31,PAN,HepB3_coverage_pct,73.0
2015-12-31,PAN,MCV1_measles_coverage_pct,93.0
2015-12-31,PER,BCG_coverage_pct,91.0
2015-12-31,PER,DTP3_coverage_pct,90.0
2015-12-31,PER,HepB3_coverage_pct,90.0
2015-12-31,PER,MCV1_measles_coverage_pct,92.0
2015-12-31,PHL,BCG_coverage_pct,85.0
2015-12-31,PHL,DTP3_coverage_pct,76.0
2015-12-31,PHL,HepB3_coverage_pct,74.0
2015-12-31,PHL,MCV1_measles_coverage_pct,80.0
2015-12-31,PLW,DTP3_coverage_pct,90.0
2015-12-31,PLW,HepB3_coverage_pct,90.0
2015-12-31,PLW,MCV1_measles_coverage_pct,95.0
2015-12-31,PNG,BCG_coverage_pct,67.0
2015-12-31,PNG,DTP3_coverage_pct,49.0
2015-12-31,PNG,HepB3_coverage_pct,49.0
2015-12-31,PNG,MCV1_measles_coverage_pct,57.0
2015-12-31,POL,BCG_coverage_pct,94.0
2015-12-31,POL,DTP3_coverage_pct,98.0
2015-12-31,POL,HepB3_coverage_pct,96.0
2015-12-31,POL,MCV1_measles_coverage_pct,96.0
2015-12-31,PRK,BCG_coverage_pct,97.0
2015-12-31,PRK,DTP3_coverage_pct,96.0
2015-12-31,PRK,HepB3_coverage_pct,96.0
2015-12-31,PRK,MCV1_measles_coverage_pct,98.0
2015-12-31,PRT,BCG_coverage_pct,98.0
2015-12-31,PRT,DTP3_coverage_pct,98.0
2015-12-31,PRT,HepB3_coverage_pct,98.0
2015-12-31,PRT,MCV1_measles_coverage_pct,98.0
2015-12-31,PRY,BCG_coverage_pct,96.0
2015-12-31,PRY,DTP3_coverage_pct,92.0
2015-12-31,PRY,HepB3_coverage_pct,92.0
2015-12-31,PRY,MCV1_measles_coverage_pct,78.0
2015-12-31,PSE,BCG_coverage_pct,99.0
2015-12-31,PSE,DTP3_coverage_pct,99.0
2015-12-31,PSE,HepB3_coverage_pct,99.0
2015-12-31,PSE,MCV1_measles_coverage_pct,99.0
2015-12-31,QAT,BCG_coverage_pct,97.0
2015-12-31,QAT,DTP3_coverage_pct,99.0
2015-12-31,QAT,HepB3_coverage_pct,99.0
2015-12-31,QAT,MCV1_measles_coverage_pct,99.0
2015-12-31,ROU,BCG_coverage_pct,98.0
2015-12-31,ROU,DTP3_coverage_pct,89.0
2015-12-31,ROU,HepB3_coverage_pct,90.0
2015-12-31,ROU,MCV1_measles_coverage_pct,86.0
2015-12-31,RUS,BCG_coverage_pct,96.0
2015-12-31,RUS,DTP3_coverage_pct,97.0
2015-12-31,RUS,HepB3_coverage_pct,97.0
2015-12-31,RUS,MCV1_measles_coverage_pct,98.0
2015-12-31,RWA,BCG_coverage_pct,99.0
2015-12-31,RWA,DTP3_coverage_pct,98.0
2015-12-31,RWA,HepB3_coverage_pct,98.0
2015-12-31,RWA,MCV1_measles_coverage_pct,96.0
2015-12-31,SAU,BCG_coverage_pct,98.0
2015-12-31,SAU,DTP3_coverage_pct,98.0
2015-12-31,SAU,HepB3_coverage_pct,98.0
2015-12-31,SAU,MCV1_measles_coverage_pct,98.0
2015-12-31,SDN,BCG_coverage_pct,88.0
2015-12-31,SDN,DTP3_coverage_pct,93.0
2015-12-31,SDN,HepB3_coverage_pct,93.0
2015-12-31,SDN,MCV1_measles_coverage_pct,87.0
2015-12-31,SEN,BCG_coverage_pct,95.0
2015-12-31,SEN,DTP3_coverage_pct,89.0
2015-12-31,SEN,HepB3_coverage_pct,89.0
2015-12-31,SEN,MCV1_measles_coverage_pct,80.0
2015-12-31,SGP,BCG_coverage_pct,99.0
2015-12-31,SGP,DTP3_coverage_pct,96.0
2015-12-31,SGP,HepB3_coverage_pct,96.0
2015-12-31,SGP,MCV1_measles_coverage_pct,95.0
2015-12-31,SLB,BCG_coverage_pct,79.0
2015-12-31,SLB,DTP3_coverage_pct,87.0
2015-12-31,SLB,HepB3_coverage_pct,87.0
2015-12-31,SLB,MCV1_measles_coverage_pct,75.0
2015-12-31,SLE,BCG_coverage_pct,90.0
2015-12-31,SLE,DTP3_coverage_pct,86.0
2015-12-31,SLE,HepB3_coverage_pct,86.0
2015-12-31,SLE,MCV1_measles_coverage_pct,78.0
2015-12-31,SLV,BCG_coverage_pct,99.0
2015-12-31,SLV,DTP3_coverage_pct,94.0
2015-12-31,SLV,HepB3_coverage_pct,94.0
2015-12-31,SLV,MCV1_measles_coverage_pct,97.0
2015-12-31,SMR,DTP3_coverage_pct,85.0
2015-12-31,SMR,HepB3_coverage_pct,84.0
2015-12-31,SMR,MCV1_measles_coverage_pct,84.0
2015-12-31,SOM,BCG_coverage_pct,45.0
2015-12-31,SOM,DTP3_coverage_pct,48.0
2015-12-31,SOM,HepB3_coverage_pct,48.0
2015-12-31,SOM,MCV1_measles_coverage_pct,50.0
2015-12-31,SRB,BCG_coverage_pct,98.0
2015-12-31,SRB,DTP3_coverage_pct,95.0
2015-12-31,SRB,HepB3_coverage_pct,94.0
2015-12-31,SRB,MCV1_measles_coverage_pct,87.0
2015-12-31,SSD,BCG_coverage_pct,55.0
2015-12-31,SSD,DTP3_coverage_pct,46.0
2015-12-31,SSD,HepB3_coverage_pct,46.0
2015-12-31,SSD,MCV1_measles_coverage_pct,52.0
2015-12-31,STP,BCG_coverage_pct,97.0
2015-12-31,STP,DTP3_coverage_pct,96.0
2015-12-31,STP,HepB3_coverage_pct,96.0
2015-12-31,STP,MCV1_measles_coverage_pct,93.0
2015-12-31,SUR,DTP3_coverage_pct,73.0
2015-12-31,SUR,HepB3_coverage_pct,73.0
2015-12-31,SUR,MCV1_measles_coverage_pct,76.0
2015-12-31,SVK,BCG_coverage_pct,0.0
2015-12-31,SVK,DTP3_coverage_pct,96.0
2015-12-31,SVK,HepB3_coverage_pct,96.0
2015-12-31,SVK,MCV1_measles_coverage_pct,95.0
2015-12-31,SVN,DTP3_coverage_pct,95.0
2015-12-31,SVN,HepB3_coverage_pct,0.0
2015-12-31,SVN,MCV1_measles_coverage_pct,94.0
2015-12-31,SWE,BCG_coverage_pct,24.0
2015-12-31,SWE,DTP3_coverage_pct,98.0
2015-12-31,SWE,HepB3_coverage_pct,53.0
2015-12-31,SWE,MCV1_measles_coverage_pct,98.0
2015-12-31,SWZ,BCG_coverage_pct,98.0
2015-12-31,SWZ,DTP3_coverage_pct,90.0
2015-12-31,SWZ,HepB3_coverage_pct,90.0
2015-12-31,SWZ,MCV1_measles_coverage_pct,89.0
2015-12-31,SYC,BCG_coverage_pct,99.0
2015-12-31,SYC,DTP3_coverage_pct,97.0
2015-12-31,SYC,HepB3_coverage_pct,97.0
2015-12-31,SYC,MCV1_measles_coverage_pct,98.0
2015-12-31,SYR,BCG_coverage_pct,66.0
2015-12-31,SYR,DTP3_coverage_pct,54.0
2015-12-31,SYR,HepB3_coverage_pct,50.0
2015-12-31,SYR,MCV1_measles_coverage_pct,64.0
2015-12-31,TCD,BCG_coverage_pct,70.0
2015-12-31,TCD,DTP3_coverage_pct,42.0
2015-12-31,TCD,HepB3_coverage_pct,42.0
2015-12-31,TCD,MCV1_measles_coverage_pct,46.0
2015-12-31,TGO,BCG_coverage_pct,93.0
2015-12-31,TGO,DTP3_coverage_pct,82.0
2015-12-31,TGO,HepB3_coverage_pct,82.0
2015-12-31,TGO,MCV1_measles_coverage_pct,75.0
2015-12-31,THA,BCG_coverage_pct,99.0
2015-12-31,THA,DTP3_coverage_pct,99.0
2015-12-31,THA,HepB3_coverage_pct,99.0
2015-12-31,THA,MCV1_measles_coverage_pct,99.0
2015-12-31,TJK,BCG_coverage_pct,96.0
2015-12-31,TJK,DTP3_coverage_pct,90.0
2015-12-31,TJK,HepB3_coverage_pct,90.0
2015-12-31,TJK,MCV1_measles_coverage_pct,87.0
2015-12-31,TKM,BCG_coverage_pct,99.0
2015-12-31,TKM,DTP3_coverage_pct,99.0
2015-12-31,TKM,HepB3_coverage_pct,99.0
2015-12-31,TKM,MCV1_measles_coverage_pct,99.0
2015-12-31,TLS,BCG_coverage_pct,79.0
2015-12-31,TLS,DTP3_coverage_pct,76.0
2015-12-31,TLS,HepB3_coverage_pct,76.0
2015-12-31,TLS,MCV1_measles_coverage_pct,70.0
2015-12-31,TON,BCG_coverage_pct,91.0
2015-12-31,TON,DTP3_coverage_pct,96.0
2015-12-31,TON,HepB3_coverage_pct,96.0
2015-12-31,TON,MCV1_measles_coverage_pct,99.0
2015-12-31,TTO,DTP3_coverage_pct,96.0
2015-12-31,TTO,HepB3_coverage_pct,90.0
2015-12-31,TTO,MCV1_measles_coverage_pct,89.0
2015-12-31,TUN,BCG_coverage_pct,97.0
2015-12-31,TUN,DTP3_coverage_pct,98.0
2015-12-31,TUN,HepB3_coverage_pct,98.0
2015-12-31,TUN,MCV1_measles_coverage_pct,98.0
2015-12-31,TUR,BCG_coverage_pct,96.0
2015-12-31,TUR,DTP3_coverage_pct,97.0
2015-12-31,TUR,HepB3_coverage_pct,97.0
2015-12-31,TUR,MCV1_measles_coverage_pct,97.0
2015-12-31,TUV,BCG_coverage_pct,99.0
2015-12-31,TUV,DTP3_coverage_pct,96.0
2015-12-31,TUV,HepB3_coverage_pct,96.0
2015-12-31,TUV,MCV1_measles_coverage_pct,94.0
2015-12-31,TZA,BCG_coverage_pct,97.0
2015-12-31,TZA,DTP3_coverage_pct,96.0
2015-12-31,TZA,HepB3_coverage_pct,96.0
2015-12-31,TZA,MCV1_measles_coverage_pct,95.0
2015-12-31,UGA,BCG_coverage_pct,95.0
2015-12-31,UGA,DTP3_coverage_pct,89.0
2015-12-31,UGA,HepB3_coverage_pct,89.0
2015-12-31,UGA,MCV1_measles_coverage_pct,79.0
2015-12-31,UKR,BCG_coverage_pct,39.0
2015-12-31,UKR,DTP3_coverage_pct,23.0
2015-12-31,UKR,HepB3_coverage_pct,22.0
2015-12-31,UKR,MCV1_measles_coverage_pct,56.0
2015-12-31,URY,BCG_coverage_pct,98.0
2015-12-31,URY,DTP3_coverage_pct,95.0
2015-12-31,URY,HepB3_coverage_pct,95.0
2015-12-31,URY,MCV1_measles_coverage_pct,96.0
2015-12-31,USA,DTP3_coverage_pct,95.0
2015-12-31,USA,HepB3_coverage_pct,92.0
2015-12-31,USA,MCV1_measles_coverage_pct,92.0
2015-12-31,UZB,BCG_coverage_pct,99.0
2015-12-31,UZB,DTP3_coverage_pct,99.0
2015-12-31,UZB,HepB3_coverage_pct,99.0
2015-12-31,UZB,MCV1_measles_coverage_pct,99.0
2015-12-31,VCT,BCG_coverage_pct,99.0
2015-12-31,VCT,DTP3_coverage_pct,99.0
2015-12-31,VCT,HepB3_coverage_pct,99.0
2015-12-31,VCT,MCV1_measles_coverage_pct,99.0
2015-12-31,VEN,BCG_coverage_pct,99.0
2015-12-31,VEN,DTP3_coverage_pct,87.0
2015-12-31,VEN,HepB3_coverage_pct,87.0
2015-12-31,VEN,MCV1_measles_coverage_pct,92.0
2015-12-31,VNM,BCG_coverage_pct,97.0
2015-12-31,VNM,DTP3_coverage_pct,97.0
2015-12-31,VNM,HepB3_coverage_pct,97.0
2015-12-31,VNM,MCV1_measles_coverage_pct,97.0
2015-12-31,VUT,BCG_coverage_pct,95.0
2015-12-31,VUT,DTP3_coverage_pct,80.0
2015-12-31,VUT,HepB3_coverage_pct,80.0
2015-12-31,VUT,MCV1_measles_coverage_pct,76.0
2015-12-31,WSM,BCG_coverage_pct,86.0
2015-12-31,WSM,DTP3_coverage_pct,80.0
2015-12-31,WSM,HepB3_coverage_pct,80.0
2015-12-31,WSM,MCV1_measles_coverage_pct,75.0
2015-12-31,YEM,BCG_coverage_pct,42.0
2015-12-31,YEM,DTP3_coverage_pct,63.0
2015-12-31,YEM,HepB3_coverage_pct,63.0
2015-12-31,YEM,MCV1_measles_coverage_pct,61.0
2015-12-31,ZAF,BCG_coverage_pct,83.0
2015-12-31,ZAF,DTP3_coverage_pct,85.0
2015-12-31,ZAF,HepB3_coverage_pct,85.0
2015-12-31,ZAF,MCV1_measles_coverage_pct,86.0
2015-12-31,ZMB,BCG_coverage_pct,97.0
2015-12-31,ZMB,DTP3_coverage_pct,90.0
2015-12-31,ZMB,HepB3_coverage_pct,90.0
2015-12-31,ZMB,MCV1_measles_coverage_pct,90.0
2015-12-31,ZWE,BCG_coverage_pct,90.0
2015-12-31,ZWE,DTP3_coverage_pct,87.0
2015-12-31,ZWE,HepB3_coverage_pct,87.0
2015-12-31,ZWE,MCV1_measles_coverage_pct,86.0
2016-12-31,AFG,BCG_coverage_pct,78.0
2016-12-31,AFG,DTP3_coverage_pct,66.0
2016-12-31,AFG,HepB3_coverage_pct,66.0
2016-12-31,AFG,MCV1_measles_coverage_pct,64.0
2016-12-31,AGO,BCG_coverage_pct,40.0
2016-12-31,AGO,DTP3_coverage_pct,57.0
2016-12-31,AGO,HepB3_coverage_pct,57.0
2016-12-31,AGO,MCV1_measles_coverage_pct,49.0
2016-12-31,ALB,BCG_coverage_pct,99.0
2016-12-31,ALB,DTP3_coverage_pct,99.0
2016-12-31,ALB,HepB3_coverage_pct,99.0
2016-12-31,ALB,MCV1_measles_coverage_pct,96.0
2016-12-31,AND,DTP3_coverage_pct,98.0
2016-12-31,AND,HepB3_coverage_pct,94.0
2016-12-31,AND,MCV1_measles_coverage_pct,97.0
2016-12-31,ARE,BCG_coverage_pct,99.0
2016-12-31,ARE,DTP3_coverage_pct,99.0
2016-12-31,ARE,HepB3_coverage_pct,99.0
2016-12-31,ARE,MCV1_measles_coverage_pct,99.0
2016-12-31,ARG,BCG_coverage_pct,92.0
2016-12-31,ARG,DTP3_coverage_pct,92.0
2016-12-31,ARG,HepB3_coverage_pct,92.0
2016-12-31,ARG,MCV1_measles_coverage_pct,90.0
2016-12-31,ARM,BCG_coverage_pct,99.0
2016-12-31,ARM,DTP3_coverage_pct,94.0
2016-12-31,ARM,HepB3_coverage_pct,94.0
2016-12-31,ARM,MCV1_measles_coverage_pct,97.0
2016-12-31,ATG,DTP3_coverage_pct,92.0
2016-12-31,ATG,HepB3_coverage_pct,92.0
2016-12-31,ATG,MCV1_measles_coverage_pct,88.0
2016-12-31,AUS,DTP3_coverage_pct,94.0
2016-12-31,AUS,HepB3_coverage_pct,94.0
2016-12-31,AUS,MCV1_measles_coverage_pct,95.0
2016-12-31,AUT,DTP3_coverage_pct,95.0
2016-12-31,AUT,HepB3_coverage_pct,95.0
2016-12-31,AUT,MCV1_measles_coverage_pct,94.0
2016-12-31,AZE,BCG_coverage_pct,98.0
2016-12-31,AZE,DTP3_coverage_pct,79.0
2016-12-31,AZE,HepB3_coverage_pct,79.0
2016-12-31,AZE,MCV1_measles_coverage_pct,81.0
2016-12-31,BDI,BCG_coverage_pct,93.0
2016-12-31,BDI,DTP3_coverage_pct,94.0
2016-12-31,BDI,HepB3_coverage_pct,94.0
2016-12-31,BDI,MCV1_measles_coverage_pct,93.0
2016-12-31,BEL,DTP3_coverage_pct,98.0
2016-12-31,BEL,HepB3_coverage_pct,97.0
2016-12-31,BEL,MCV1_measles_coverage_pct,96.0
2016-12-31,BEN,BCG_coverage_pct,88.0
2016-12-31,BEN,DTP3_coverage_pct,78.0
2016-12-31,BEN,HepB3_coverage_pct,78.0
2016-12-31,BEN,MCV1_measles_coverage_pct,68.0
2016-12-31,BFA,BCG_coverage_pct,98.0
2016-12-31,BFA,DTP3_coverage_pct,91.0
2016-12-31,BFA,HepB3_coverage_pct,91.0
2016-12-31,BFA,MCV1_measles_coverage_pct,88.0
2016-12-31,BGD,BCG_coverage_pct,99.0
2016-12-31,BGD,DTP3_coverage_pct,98.0
2016-12-31,BGD,HepB3_coverage_pct,98.0
2016-12-31,BGD,MCV1_measles_coverage_pct,97.0
2016-12-31,BGR,BCG_coverage_pct,96.0
2016-12-31,BGR,DTP3_coverage_pct,92.0
2016-12-31,BGR,HepB3_coverage_pct,91.0
2016-12-31,BGR,MCV1_measles_coverage_pct,92.0
2016-12-31,BHR,DTP3_coverage_pct,99.0
2016-12-31,BHR,HepB3_coverage_pct,99.0
2016-12-31,BHR,MCV1_measles_coverage_pct,99.0
2016-12-31,BHS,DTP3_coverage_pct,94.0
2016-12-31,BHS,HepB3_coverage_pct,94.0
2016-12-31,BHS,MCV1_measles_coverage_pct,89.0
2016-12-31,BIH,BCG_coverage_pct,97.0
2016-12-31,BIH,DTP3_coverage_pct,78.0
2016-12-31,BIH,HepB3_coverage_pct,78.0
2016-12-31,BIH,MCV1_measles_coverage_pct,68.0
2016-12-31,BLR,BCG_coverage_pct,98.0
2016-12-31,BLR,DTP3_coverage_pct,98.0
2016-12-31,BLR,HepB3_coverage_pct,96.0
2016-12-31,BLR,MCV1_measles_coverage_pct,98.0
2016-12-31,BLZ,BCG_coverage_pct,94.0
2016-12-31,BLZ,DTP3_coverage_pct,95.0
2016-12-31,BLZ,HepB3_coverage_pct,95.0
2016-12-31,BLZ,MCV1_measles_coverage_pct,95.0
2016-12-31,BOL,BCG_coverage_pct,96.0
2016-12-31,BOL,DTP3_coverage_pct,87.0
2016-12-31,BOL,HepB3_coverage_pct,87.0
2016-12-31,BOL,MCV1_measles_coverage_pct,94.0
2016-12-31,BRA,BCG_coverage_pct,96.0
2016-12-31,BRA,DTP3_coverage_pct,89.0
2016-12-31,BRA,HepB3_coverage_pct,89.0
2016-12-31,BRA,MCV1_measles_coverage_pct,95.0
2016-12-31,BRB,DTP3_coverage_pct,97.0
2016-12-31,BRB,HepB3_coverage_pct,97.0
2016-12-31,BRB,MCV1_measles_coverage_pct,92.0
2016-12-31,BRN,BCG_coverage_pct,99.0
2016-12-31,BRN,DTP3_coverage_pct,99.0
2016-12-31,BRN,HepB3_coverage_pct,99.0
2016-12-31,BRN,MCV1_measles_coverage_pct,98.0
2016-12-31,BTN,BCG_coverage_pct,99.0
2016-12-31,BTN,DTP3_coverage_pct,98.0
2016-12-31,BTN,HepB3_coverage_pct,98.0
2016-12-31,BTN,MCV1_measles_coverage_pct,97.0
2016-12-31,BWA,BCG_coverage_pct,98.0
2016-12-31,BWA,DTP3_coverage_pct,95.0
2016-12-31,BWA,HepB3_coverage_pct,95.0
2016-12-31,BWA,MCV1_measles_coverage_pct,97.0
2016-12-31,CAF,BCG_coverage_pct,61.0
2016-12-31,CAF,DTP3_coverage_pct,42.0
2016-12-31,CAF,HepB3_coverage_pct,42.0
2016-12-31,CAF,MCV1_measles_coverage_pct,45.0
2016-12-31,CAN,DTP3_coverage_pct,91.0
2016-12-31,CAN,HepB3_coverage_pct,70.0
2016-12-31,CAN,MCV1_measles_coverage_pct,89.0
2016-12-31,CHE,DTP3_coverage_pct,96.0
2016-12-31,CHE,HepB3_coverage_pct,0.0
2016-12-31,CHE,MCV1_measles_coverage_pct,94.0
2016-12-31,CHL,BCG_coverage_pct,97.0
2016-12-31,CHL,DTP3_coverage_pct,95.0
2016-12-31,CHL,HepB3_coverage_pct,95.0
2016-12-31,CHL,MCV1_measles_coverage_pct,93.0
2016-12-31,CHN,BCG_coverage_pct,99.0
2016-12-31,CHN,DTP3_coverage_pct,99.0
2016-12-31,CHN,HepB3_coverage_pct,99.0
2016-12-31,CHN,MCV1_measles_coverage_pct,99.0
2016-12-31,CIV,BCG_coverage_pct,95.0
2016-12-31,CIV,DTP3_coverage_pct,87.0
2016-12-31,CIV,HepB3_coverage_pct,87.0
2016-12-31,CIV,MCV1_measles_coverage_pct,73.0
2016-12-31,CMR,BCG_coverage_pct,80.0
2016-12-31,CMR,DTP3_coverage_pct,78.0
2016-12-31,CMR,HepB3_coverage_pct,78.0
2016-12-31,CMR,MCV1_measles_coverage_pct,72.0
2016-12-31,COD,BCG_coverage_pct,83.0
2016-12-31,COD,DTP3_coverage_pct,70.0
2016-12-31,COD,HepB3_coverage_pct,70.0
2016-12-31,COD,MCV1_measles_coverage_pct,63.0
2016-12-31,COG,BCG_coverage_pct,80.0
2016-12-31,COG,DTP3_coverage_pct,71.0
2016-12-31,COG,HepB3_coverage_pct,71.0
2016-12-31,COG,MCV1_measles_coverage_pct,67.0
2016-12-31,COK,BCG_coverage_pct,99.0
2016-12-31,COK,DTP3_coverage_pct,99.0
2016-12-31,COK,HepB3_coverage_pct,99.0
2016-12-31,COK,MCV1_measles_coverage_pct,90.0
2016-12-31,COL,BCG_coverage_pct,88.0
2016-12-31,COL,DTP3_coverage_pct,91.0
2016-12-31,COL,HepB3_coverage_pct,91.0
2016-12-31,COL,MCV1_measles_coverage_pct,93.0
2016-12-31,COM,BCG_coverage_pct,84.0
2016-12-31,COM,DTP3_coverage_pct,75.0
2016-12-31,COM,HepB3_coverage_pct,75.0
2016-12-31,COM,MCV1_measles_coverage_pct,77.0
2016-12-31,CPV,BCG_coverage_pct,96.0
2016-12-31,CPV,DTP3_coverage_pct,96.0
2016-12-31,CPV,HepB3_coverage_pct,96.0
2016-12-31,CPV,MCV1_measles_coverage_pct,93.0
2016-12-31,CRI,BCG_coverage_pct,99.0
2016-12-31,CRI,DTP3_coverage_pct,97.0
2016-12-31,CRI,HepB3_coverage_pct,97.0
2016-12-31,CRI,MCV1_measles_coverage_pct,93.0
2016-12-31,CUB,BCG_coverage_pct,99.0
2016-12-31,CUB,DTP3_coverage_pct,99.0
2016-12-31,CUB,HepB3_coverage_pct,99.0
2016-12-31,CUB,MCV1_measles_coverage_pct,99.0
2016-12-31,CYP,DTP3_coverage_pct,97.0
2016-12-31,CYP,HepB3_coverage_pct,97.0
2016-12-31,CYP,MCV1_measles_coverage_pct,90.0
2016-12-31,CZE,DTP3_coverage_pct,96.0
2016-12-31,CZE,HepB3_coverage_pct,96.0
2016-12-31,CZE,MCV1_measles_coverage_pct,98.0
2016-12-31,DEU,DTP3_coverage_pct,91.0
2016-12-31,DEU,HepB3_coverage_pct,88.0
2016-12-31,DEU,MCV1_measles_coverage_pct,97.0
2016-12-31,DJI,BCG_coverage_pct,90.0
2016-12-31,DJI,DTP3_coverage_pct,68.0
2016-12-31,DJI,HepB3_coverage_pct,68.0
2016-12-31,DJI,MCV1_measles_coverage_pct,75.0
2016-12-31,DMA,BCG_coverage_pct,98.0
2016-12-31,DMA,DTP3_coverage_pct,99.0
2016-12-31,DMA,HepB3_coverage_pct,99.0
2016-12-31,DMA,MCV1_measles_coverage_pct,96.0
2016-12-31,DNK,DTP3_coverage_pct,94.0
2016-12-31,DNK,HepB3_coverage_pct,0.0
2016-12-31,DNK,MCV1_measles_coverage_pct,94.0
2016-12-31,DOM,BCG_coverage_pct,99.0
2016-12-31,DOM,DTP3_coverage_pct,87.0
2016-12-31,DOM,HepB3_coverage_pct,80.0
2016-12-31,DOM,MCV1_measles_coverage_pct,85.0
2016-12-31,DZA,BCG_coverage_pct,99.0
2016-12-31,DZA,DTP3_coverage_pct,91.0
2016-12-31,DZA,HepB3_coverage_pct,91.0
2016-12-31,DZA,MCV1_measles_coverage_pct,94.0
2016-12-31,ECU,BCG_coverage_pct,84.0
2016-12-31,ECU,DTP3_coverage_pct,83.0
2016-12-31,ECU,HepB3_coverage_pct,83.0
2016-12-31,ECU,MCV1_measles_coverage_pct,86.0
2016-12-31,EGY,BCG_coverage_pct,96.0
2016-12-31,EGY,DTP3_coverage_pct,95.0
2016-12-31,EGY,HepB3_coverage_pct,95.0
2016-12-31,EGY,MCV1_measles_coverage_pct,95.0
2016-12-31,ERI,BCG_coverage_pct,97.0
2016-12-31,ERI,DTP3_coverage_pct,95.0
2016-12-31,ERI,HepB3_coverage_pct,95.0
2016-12-31,ERI,MCV1_measles_coverage_pct,95.0
2016-12-31,ESP,DTP3_coverage_pct,97.0
2016-12-31,ESP,HepB3_coverage_pct,97.0
2016-12-31,ESP,MCV1_measles_coverage_pct,97.0
2016-12-31,EST,BCG_coverage_pct,95.0
2016-12-31,EST,DTP3_coverage_pct,93.0
2016-12-31,EST,HepB3_coverage_pct,93.0
2016-12-31,EST,MCV1_measles_coverage_pct,93.0
2016-12-31,ETH,BCG_coverage_pct,72.0
2016-12-31,ETH,DTP3_coverage_pct,64.0
2016-12-31,ETH,HepB3_coverage_pct,64.0
2016-12-31,ETH,MCV1_measles_coverage_pct,57.0
2016-12-31,FIN,DTP3_coverage_pct,92.0
2016-12-31,FIN,HepB3_coverage_pct,0.0
2016-12-31,FIN,MCV1_measles_coverage_pct,95.0
2016-12-31,FJI,BCG_coverage_pct,93.0
2016-12-31,FJI,DTP3_coverage_pct,95.0
2016-12-31,FJI,HepB3_coverage_pct,95.0
2016-12-31,FJI,MCV1_measles_coverage_pct,97.0
2016-12-31,FRA,DTP3_coverage_pct,95.0
2016-12-31,FRA,HepB3_coverage_pct,90.0
2016-12-31,FRA,MCV1_measles_coverage_pct,90.0
2016-12-31,FSM,BCG_coverage_pct,85.0
2016-12-31,FSM,DTP3_coverage_pct,69.0
2016-12-31,FSM,HepB3_coverage_pct,76.0
2016-12-31,FSM,MCV1_measles_coverage_pct,70.0
2016-12-31,GAB,BCG_coverage_pct,92.0
2016-12-31,GAB,DTP3_coverage_pct,75.0
2016-12-31,GAB,HepB3_coverage_pct,75.0
2016-12-31,GAB,MCV1_measles_coverage_pct,64.0
2016-12-31,GBR,DTP3_coverage_pct,94.0
2016-12-31,GBR,HepB3_coverage_pct,0.0
2016-12-31,GBR,MCV1_measles_coverage_pct,92.0
2016-12-31,GEO,BCG_coverage_pct,98.0
2016-12-31,GEO,DTP3_coverage_pct,92.0
2016-12-31,GEO,HepB3_coverage_pct,92.0
2016-12-31,GEO,MCV1_measles_coverage_pct,93.0
2016-12-31,GHA,BCG_coverage_pct,94.0
2016-12-31,GHA,DTP3_coverage_pct,93.0
2016-12-31,GHA,HepB3_coverage_pct,93.0
2016-12-31,GHA,MCV1_measles_coverage_pct,89.0
2016-12-31,GIN,BCG_coverage_pct,73.0
2016-12-31,GIN,DTP3_coverage_pct,47.0
2016-12-31,GIN,HepB3_coverage_pct,47.0
2016-12-31,GIN,MCV1_measles_coverage_pct,48.0
2016-12-31,GMB,BCG_coverage_pct,98.0
2016-12-31,GMB,DTP3_coverage_pct,95.0
2016-12-31,GMB,HepB3_coverage_pct,95.0
2016-12-31,GMB,MCV1_measles_coverage_pct,97.0
2016-12-31,GNB,BCG_coverage_pct,91.0
2016-12-31,GNB,DTP3_coverage_pct,85.0
2016-12-31,GNB,HepB3_coverage_pct,85.0
2016-12-31,GNB,MCV1_measles_coverage_pct,80.0
2016-12-31,GNQ,BCG_coverage_pct,85.0
2016-12-31,GNQ,DTP3_coverage_pct,53.0
2016-12-31,GNQ,HepB3_coverage_pct,53.0
2016-12-31,GNQ,MCV1_measles_coverage_pct,53.0
2016-12-31,GRC,DTP3_coverage_pct,99.0
2016-12-31,GRC,HepB3_coverage_pct,96.0
2016-12-31,GRC,MCV1_measles_coverage_pct,97.0
2016-12-31,GRD,DTP3_coverage_pct,96.0
2016-12-31,GRD,HepB3_coverage_pct,96.0
2016-12-31,GRD,MCV1_measles_coverage_pct,95.0
2016-12-31,GTM,BCG_coverage_pct,91.0
2016-12-31,GTM,DTP3_coverage_pct,83.0
2016-12-31,GTM,HepB3_coverage_pct,83.0
2016-12-31,GTM,MCV1_measles_coverage_pct,89.0
2016-12-31,GUY,BCG_coverage_pct,95.0
2016-12-31,GUY,DTP3_coverage_pct,97.0
2016-12-31,GUY,HepB3_coverage_pct,97.0
2016-12-31,GUY,MCV1_measles_coverage_pct,99.0
2016-12-31,HND,BCG_coverage_pct,93.0
2016-12-31,HND,DTP3_coverage_pct,95.0
2016-12-31,HND,HepB3_coverage_pct,95.0
2016-12-31,HND,MCV1_measles_coverage_pct,98.0
2016-12-31,HRV,BCG_coverage_pct,99.0
2016-12-31,HRV,DTP3_coverage_pct,93.0
2016-12-31,HRV,HepB3_coverage_pct,92.0
2016-12-31,HRV,MCV1_measles_coverage_pct,90.0
2016-12-31,HTI,BCG_coverage_pct,70.0
2016-12-31,HTI,DTP3_coverage_pct,59.0
2016-12-31,HTI,HepB3_coverage_pct,59.0
2016-12-31,HTI,MCV1_measles_coverage_pct,67.0
2016-12-31,HUN,BCG_coverage_pct,99.0
2016-12-31,HUN,DTP3_coverage_pct,99.0
2016-12-31,HUN,HepB3_coverage_pct,0.0
2016-12-31,HUN,MCV1_measles_coverage_pct,99.0
2016-12-31,IDN,BCG_coverage_pct,90.0
2016-12-31,IDN,DTP3_coverage_pct,84.0
2016-12-31,IDN,HepB3_coverage_pct,84.0
2016-12-31,IDN,MCV1_measles_coverage_pct,88.0
2016-12-31,IND,BCG_coverage_pct,89.0
2016-12-31,IND,DTP3_coverage_pct,88.0
2016-12-31,IND,HepB3_coverage_pct,88.0
2016-12-31,IND,MCV1_measles_coverage_pct,88.0
2016-12-31,IRL,BCG_coverage_pct,18.0
2016-12-31,IRL,DTP3_coverage_pct,95.0
2016-12-31,IRL,HepB3_coverage_pct,95.0
2016-12-31,IRL,MCV1_measles_coverage_pct,92.0
2016-12-31,IRN,BCG_coverage_pct,99.0
2016-12-31,IRN,DTP3_coverage_pct,99.0
2016-12-31,IRN,HepB3_coverage_pct,99.0
2016-12-31,IRN,MCV1_measles_coverage_pct,99.0
2016-12-31,IRQ,BCG_coverage_pct,87.0
2016-12-31,IRQ,DTP3_coverage_pct,71.0
2016-12-31,IRQ,HepB3_coverage_pct,71.0
2016-12-31,IRQ,MCV1_measles_coverage_pct,79.0
2016-12-31,ISL,DTP3_coverage_pct,91.0
2016-12-31,ISL,HepB3_coverage_pct,0.0
2016-12-31,ISL,MCV1_measles_coverage_pct,91.0
2016-12-31,ISR,DTP3_coverage_pct,94.0
2016-12-31,ISR,HepB3_coverage_pct,95.0
2016-12-31,ISR,MCV1_measles_coverage_pct,97.0
2016-12-31,ITA,DTP3_coverage_pct,94.0
2016-12-31,ITA,HepB3_coverage_pct,93.0
2016-12-31,ITA,MCV1_measles_coverage_pct,87.0
2016-12-31,JAM,BCG_coverage_pct,96.0
2016-12-31,JAM,DTP3_coverage_pct,99.0
2016-12-31,JAM,HepB3_coverage_pct,98.0
2016-12-31,JAM,MCV1_measles_coverage_pct,95.0
2016-12-31,JOR,BCG_coverage_pct,99.0
2016-12-31,JOR,DTP3_coverage_pct,98.0
2016-12-31,JOR,HepB3_coverage_pct,98.0
2016-12-31,JOR,MCV1_measles_coverage_pct,96.0
2016-12-31,JPN,BCG_coverage_pct,98.0
2016-12-31,JPN,DTP3_coverage_pct,99.0
2016-12-31,JPN,HepB3_coverage_pct,0.0
2016-12-31,JPN,MCV1_measles_coverage_pct,96.0
2016-12-31,KAZ,BCG_coverage_pct,92.0
2016-12-31,KAZ,DTP3_coverage_pct,74.0
2016-12-31,KAZ,HepB3_coverage_pct,73.0
2016-12-31,KAZ,MCV1_measles_coverage_pct,92.0
2016-12-31,KEN,BCG_coverage_pct,97.0
2016-12-31,KEN,DTP3_coverage_pct,88.0
2016-12-31,KEN,HepB3_coverage_pct,88.0
2016-12-31,KEN,MCV1_measles_coverage_pct,93.0
2016-12-31,KGZ,BCG_coverage_pct,97.0
2016-12-31,KGZ,DTP3_coverage_pct,96.0
2016-12-31,KGZ,HepB3_coverage_pct,96.0
2016-12-31,KGZ,MCV1_measles_coverage_pct,97.0
2016-12-31,KHM,BCG_coverage_pct,99.0
2016-12-31,KHM,DTP3_coverage_pct,91.0
2016-12-31,KHM,HepB3_coverage_pct,91.0
2016-12-31,KHM,MCV1_measles_coverage_pct,85.0
2016-12-31,KIR,BCG_coverage_pct,79.0
2016-12-31,KIR,DTP3_coverage_pct,81.0
2016-12-31,KIR,HepB3_coverage_pct,81.0
2016-12-31,KIR,MCV1_measles_coverage_pct,80.0
2016-12-31,KNA,BCG_coverage_pct,96.0
2016-12-31,KNA,DTP3_coverage_pct,98.0
2016-12-31,KNA,HepB3_coverage_pct,98.0
2016-12-31,KNA,MCV1_measles_coverage_pct,98.0
2016-12-31,KOR,BCG_coverage_pct,98.0
2016-12-31,KOR,DTP3_coverage_pct,98.0
2016-12-31,KOR,HepB3_coverage_pct,98.0
2016-12-31,KOR,MCV1_measles_coverage_pct,98.0
2016-12-31,KWT,BCG_coverage_pct,96.0
2016-12-31,KWT,DTP3_coverage_pct,99.0
2016-12-31,KWT,HepB3_coverage_pct,99.0
2016-12-31,KWT,MCV1_measles_coverage_pct,99.0
2016-12-31,LAO,BCG_coverage_pct,88.0
2016-12-31,LAO,DTP3_coverage_pct,82.0
2016-12-31,LAO,HepB3_coverage_pct,82.0
2016-12-31,LAO,MCV1_measles_coverage_pct,76.0
2016-12-31,LBN,DTP3_coverage_pct,83.0
2016-12-31,LBN,HepB3_coverage_pct,83.0
2016-12-31,LBN,MCV1_measles_coverage_pct,82.0
2016-12-31,LBR,BCG_coverage_pct,81.0
2016-12-31,LBR,DTP3_coverage_pct,73.0
2016-12-31,LBR,HepB3_coverage_pct,73.0
2016-12-31,LBR,MCV1_measles_coverage_pct,70.0
2016-12-31,LBY,BCG_coverage_pct,99.0
2016-12-31,LBY,DTP3_coverage_pct,97.0
2016-12-31,LBY,HepB3_coverage_pct,97.0
2016-12-31,LBY,MCV1_measles_coverage_pct,97.0
2016-12-31,LCA,BCG_coverage_pct,96.0
2016-12-31,LCA,DTP3_coverage_pct,95.0
2016-12-31,LCA,HepB3_coverage_pct,95.0
2016-12-31,LCA,MCV1_measles_coverage_pct,99.0
2016-12-31,LKA,BCG_coverage_pct,99.0
2016-12-31,LKA,DTP3_coverage_pct,99.0
2016-12-31,LKA,HepB3_coverage_pct,99.0
2016-12-31,LKA,MCV1_measles_coverage_pct,99.0
2016-12-31,LSO,BCG_coverage_pct,96.0
2016-12-31,LSO,DTP3_coverage_pct,87.0
2016-12-31,LSO,HepB3_coverage_pct,87.0
2016-12-31,LSO,MCV1_measles_coverage_pct,90.0
2016-12-31,LTU,BCG_coverage_pct,98.0
2016-12-31,LTU,DTP3_coverage_pct,94.0
2016-12-31,LTU,HepB3_coverage_pct,95.0
2016-12-31,LTU,MCV1_measles_coverage_pct,94.0
2016-12-31,LUX,DTP3_coverage_pct,99.0
2016-12-31,LUX,HepB3_coverage_pct,94.0
2016-12-31,LUX,MCV1_measles_coverage_pct,99.0
2016-12-31,LVA,BCG_coverage_pct,96.0
2016-12-31,LVA,DTP3_coverage_pct,98.0
2016-12-31,LVA,HepB3_coverage_pct,98.0
2016-12-31,LVA,MCV1_measles_coverage_pct,93.0
2016-12-31,MAR,BCG_coverage_pct,99.0
2016-12-31,MAR,DTP3_coverage_pct,99.0
2016-12-31,MAR,HepB3_coverage_pct,99.0
2016-12-31,MAR,MCV1_measles_coverage_pct,99.0
2016-12-31,MCO,DTP3_coverage_pct,99.0
2016-12-31,MCO,HepB3_coverage_pct,99.0
2016-12-31,MCO,MCV1_measles_coverage_pct,89.0
2016-12-31,MDA,BCG_coverage_pct,97.0
2016-12-31,MDA,DTP3_coverage_pct,89.0
2016-12-31,MDA,HepB3_coverage_pct,91.0
2016-12-31,MDA,MCV1_measles_coverage_pct,88.0
2016-12-31,MDG,BCG_coverage_pct,74.0
2016-12-31,MDG,DTP3_coverage_pct,68.0
2016-12-31,MDG,HepB3_coverage_pct,68.0
2016-12-31,MDG,MCV1_measles_coverage_pct,62.0
2016-12-31,MDV,BCG_coverage_pct,99.0
2016-12-31,MDV,DTP3_coverage_pct,98.0
2016-12-31,MDV,HepB3_coverage_pct,98.0
2016-12-31,MDV,MCV1_measles_coverage_pct,99.0
2016-12-31,MEX,BCG_coverage_pct,99.0
2016-12-31,MEX,DTP3_coverage_pct,93.0
2016-12-31,MEX,HepB3_coverage_pct,82.0
2016-12-31,MEX,MCV1_measles_coverage_pct,97.0
2016-12-31,MHL,BCG_coverage_pct,94.0
2016-12-31,MHL,DTP3_coverage_pct,71.0
2016-12-31,MHL,HepB3_coverage_pct,73.0
2016-12-31,MHL,MCV1_measles_coverage_pct,75.0
2016-12-31,MKD,BCG_coverage_pct,99.0
2016-12-31,MKD,DTP3_coverage_pct,95.0
2016-12-31,MKD,HepB3_coverage_pct,94.0
2016-12-31,MKD,MCV1_measles_coverage_pct,82.0
2016-12-31,MLI,BCG_coverage_pct,82.0
2016-12-31,MLI,DTP3_coverage_pct,76.0
2016-12-31,MLI,HepB3_coverage_pct,76.0
2016-12-31,MLI,MCV1_measles_coverage_pct,70.0
2016-12-31,MLT,DTP3_coverage_pct,97.0
2016-12-31,MLT,HepB3_coverage_pct,97.0
2016-12-31,MLT,MCV1_measles_coverage_pct,93.0
2016-12-31,MMR,BCG_coverage_pct,88.0
2016-12-31,MMR,DTP3_coverage_pct,90.0
2016-12-31,MMR,HepB3_coverage_pct,90.0
2016-12-31,MMR,MCV1_measles_coverage_pct,91.0
2016-12-31,MNE,BCG_coverage_pct,85.0
2016-12-31,MNE,DTP3_coverage_pct,89.0
2016-12-31,MNE,HepB3_coverage_pct,75.0
2016-12-31,MNE,MCV1_measles_coverage_pct,47.0
2016-12-31,MNG,BCG_coverage_pct,99.0
2016-12-31,MNG,DTP3_coverage_pct,99.0
2016-12-31,MNG,HepB3_coverage_pct,99.0
2016-12-31,MNG,MCV1_measles_coverage_pct,99.0
2016-12-31,MOZ,BCG_coverage_pct,93.0
2016-12-31,MOZ,DTP3_coverage_pct,85.0
2016-12-31,MOZ,HepB3_coverage_pct,85.0
2016-12-31,MOZ,MCV1_measles_coverage_pct,83.0
2016-12-31,MRT,BCG_coverage_pct,86.0
2016-12-31,MRT,DTP3_coverage_pct,74.0
2016-12-31,MRT,HepB3_coverage_pct,74.0
2016-12-31,MRT,MCV1_measles_coverage_pct,73.0
2016-12-31,MUS,BCG_coverage_pct,98.0
2016-12-31,MUS,DTP3_coverage_pct,96.0
2016-12-31,MUS,HepB3_coverage_pct,72.0
2016-12-31,MUS,MCV1_measles_coverage_pct,92.0
2016-12-31,MWI,BCG_coverage_pct,86.0
2016-12-31,MWI,DTP3_coverage_pct,84.0
2016-12-31,MWI,HepB3_coverage_pct,84.0
2016-12-31,MWI,MCV1_measles_coverage_pct,81.0
2016-12-31,MYS,BCG_coverage_pct,98.0
2016-12-31,MYS,DTP3_coverage_pct,98.0
2016-12-31,MYS,HepB3_coverage_pct,98.0
2016-12-31,MYS,MCV1_measles_coverage_pct,96.0
2016-12-31,NAM,BCG_coverage_pct,89.0
2016-12-31,NAM,DTP3_coverage_pct,85.0
2016-12-31,NAM,HepB3_coverage_pct,85.0
2016-12-31,NAM,MCV1_measles_coverage_pct,75.0
2016-12-31,NER,BCG_coverage_pct,91.0
2016-12-31,NER,DTP3_coverage_pct,80.0
2016-12-31,NER,HepB3_coverage_pct,80.0
2016-12-31,NER,MCV1_measles_coverage_pct,76.0
2016-12-31,NGA,BCG_coverage_pct,64.0
2016-12-31,NGA,DTP3_coverage_pct,53.0
2016-12-31,NGA,HepB3_coverage_pct,53.0
2016-12-31,NGA,MCV1_measles_coverage_pct,48.0
2016-12-31,NIC,BCG_coverage_pct,99.0
2016-12-31,NIC,DTP3_coverage_pct,99.0
2016-12-31,NIC,HepB3_coverage_pct,99.0
2016-12-31,NIC,MCV1_measles_coverage_pct,99.0
2016-12-31,NIU,BCG_coverage_pct,92.0
2016-12-31,NIU,DTP3_coverage_pct,99.0
2016-12-31,NIU,HepB3_coverage_pct,99.0
2016-12-31,NIU,MCV1_measles_coverage_pct,99.0
2016-12-31,NLD,DTP3_coverage_pct,95.0
2016-12-31,NLD,HepB3_coverage_pct,93.0
2016-12-31,NLD,MCV1_measles_coverage_pct,94.0
2016-12-31,NOR,DTP3_coverage_pct,96.0
2016-12-31,NOR,HepB3_coverage_pct,0.0
2016-12-31,NOR,MCV1_measles_coverage_pct,96.0
2016-12-31,NPL,BCG_coverage_pct,93.0
2016-12-31,NPL,DTP3_coverage_pct,87.0
2016-12-31,NPL,HepB3_coverage_pct,87.0
2016-12-31,NPL,MCV1_measles_coverage_pct,83.0
2016-12-31,NRU,BCG_coverage_pct,99.0
2016-12-31,NRU,DTP3_coverage_pct,97.0
2016-12-31,NRU,HepB3_coverage_pct,97.0
2016-12-31,NRU,MCV1_measles_coverage_pct,98.0
2016-12-31,NZL,DTP3_coverage_pct,92.0
2016-12-31,NZL,HepB3_coverage_pct,92.0
2016-12-31,NZL,MCV1_measles_coverage_pct,92.0
2016-12-31,OMN,BCG_coverage_pct,99.0
2016-12-31,OMN,DTP3_coverage_pct,99.0
2016-12-31,OMN,HepB3_coverage_pct,99.0
2016-12-31,OMN,MCV1_measles_coverage_pct,99.0
2016-12-31,PAK,BCG_coverage_pct,86.0
2016-12-31,PAK,DTP3_coverage_pct,75.0
2016-12-31,PAK,HepB3_coverage_pct,75.0
2016-12-31,PAK,MCV1_measles_coverage_pct,75.0
2016-12-31,PAN,BCG_coverage_pct,99.0
2016-12-31,PAN,DTP3_coverage_pct,86.0
2016-12-31,PAN,HepB3_coverage_pct,86.0
2016-12-31,PAN,MCV1_measles_coverage_pct,95.0
2016-12-31,PER,BCG_coverage_pct,90.0
2016-12-31,PER,DTP3_coverage_pct,90.0
2016-12-31,PER,HepB3_coverage_pct,90.0
2016-12-31,PER,MCV1_measles_coverage_pct,89.0
2016-12-31,PHL,BCG_coverage_pct,90.0
2016-12-31,PHL,DTP3_coverage_pct,84.0
2016-12-31,PHL,HepB3_coverage_pct,84.0
2016-12-31,PHL,MCV1_measles_coverage_pct,80.0
2016-12-31,PLW,DTP3_coverage_pct,98.0
2016-12-31,PLW,HepB3_coverage_pct,98.0
2016-12-31,PLW,MCV1_measles_coverage_pct,96.0
2016-12-31,PNG,BCG_coverage_pct,72.0
2016-12-31,PNG,DTP3_coverage_pct,46.0
2016-12-31,PNG,HepB3_coverage_pct,46.0
2016-12-31,PNG,MCV1_measles_coverage_pct,46.0
2016-12-31,POL,BCG_coverage_pct,93.0
2016-12-31,POL,DTP3_coverage_pct,98.0
2016-12-31,POL,HepB3_coverage_pct,95.0
2016-12-31,POL,MCV1_measles_coverage_pct,96.0
2016-12-31,PRK,BCG_coverage_pct,97.0
2016-12-31,PRK,DTP3_coverage_pct,96.0
2016-12-31,PRK,HepB3_coverage_pct,96.0
2016-12-31,PRK,MCV1_measles_coverage_pct,99.0
2016-12-31,PRT,DTP3_coverage_pct,98.0
2016-12-31,PRT,HepB3_coverage_pct,98.0
2016-12-31,PRT,MCV1_measles_coverage_pct,98.0
2016-12-31,PRY,BCG_coverage_pct,94.0
2016-12-31,PRY,DTP3_coverage_pct,92.0
2016-12-31,PRY,HepB3_coverage_pct,92.0
2016-12-31,PRY,MCV1_measles_coverage_pct,85.0
2016-12-31,PSE,BCG_coverage_pct,99.0
2016-12-31,PSE,DTP3_coverage_pct,99.0
2016-12-31,PSE,HepB3_coverage_pct,99.0
2016-12-31,PSE,MCV1_measles_coverage_pct,99.0
2016-12-31,QAT,BCG_coverage_pct,97.0
2016-12-31,QAT,DTP3_coverage_pct,98.0
2016-12-31,QAT,HepB3_coverage_pct,98.0
2016-12-31,QAT,MCV1_measles_coverage_pct,99.0
2016-12-31,ROU,BCG_coverage_pct,84.0
2016-12-31,ROU,DTP3_coverage_pct,89.0
2016-12-31,ROU,HepB3_coverage_pct,90.0
2016-12-31,ROU,MCV1_measles_coverage_pct,86.0
2016-12-31,RUS,BCG_coverage_pct,96.0
2016-12-31,RUS,DTP3_coverage_pct,97.0
2016-12-31,RUS,HepB3_coverage_pct,97.0
2016-12-31,RUS,MCV1_measles_coverage_pct,98.0
2016-12-31,RWA,BCG_coverage_pct,99.0
2016-12-31,RWA,DTP3_coverage_pct,98.0
2016-12-31,RWA,HepB3_coverage_pct,98.0
2016-12-31,RWA,MCV1_measles_coverage_pct,95.0
2016-12-31,SAU,BCG_coverage_pct,98.0
2016-12-31,SAU,DTP3_coverage_pct,98.0
2016-12-31,SAU,HepB3_coverage_pct,98.0
2016-12-31,SAU,MCV1_measles_coverage_pct,98.0
2016-12-31,SDN,BCG_coverage_pct,96.0
2016-12-31,SDN,DTP3_coverage_pct,93.0
2016-12-31,SDN,HepB3_coverage_pct,93.0
2016-12-31,SDN,MCV1_measles_coverage_pct,87.0
2016-12-31,SEN,BCG_coverage_pct,97.0
2016-12-31,SEN,DTP3_coverage_pct,93.0
2016-12-31,SEN,HepB3_coverage_pct,93.0
2016-12-31,SEN,MCV1_measles_coverage_pct,93.0
2016-12-31,SGP,BCG_coverage_pct,99.0
2016-12-31,SGP,DTP3_coverage_pct,97.0
2016-12-31,SGP,HepB3_coverage_pct,96.0
2016-12-31,SGP,MCV1_measles_coverage_pct,95.0
2016-12-31,SLB,BCG_coverage_pct,80.0
2016-12-31,SLB,DTP3_coverage_pct,94.0
2016-12-31,SLB,HepB3_coverage_pct,94.0
2016-12-31,SLB,MCV1_measles_coverage_pct,82.0
2016-12-31,SLE,BCG_coverage_pct,92.0
2016-12-31,SLE,DTP3_coverage_pct,84.0
2016-12-31,SLE,HepB3_coverage_pct,84.0
2016-12-31,SLE,MCV1_measles_coverage_pct,85.0
2016-12-31,SLV,BCG_coverage_pct,91.0
2016-12-31,SLV,DTP3_coverage_pct,98.0
2016-12-31,SLV,HepB3_coverage_pct,98.0
2016-12-31,SLV,MCV1_measles_coverage_pct,98.0
2016-12-31,SMR,DTP3_coverage_pct,86.0
2016-12-31,SMR,HepB3_coverage_pct,86.0
2016-12-31,SMR,MCV1_measles_coverage_pct,82.0
2016-12-31,SOM,BCG_coverage_pct,47.0
2016-12-31,SOM,DTP3_coverage_pct,49.0
2016-12-31,SOM,HepB3_coverage_pct,49.0
2016-12-31,SOM,MCV1_measles_coverage_pct,51.0
2016-12-31,SRB,BCG_coverage_pct,98.0
2016-12-31,SRB,DTP3_coverage_pct,93.0
2016-12-31,SRB,HepB3_coverage_pct,91.0
2016-12-31,SRB,MCV1_measles_coverage_pct,82.0
2016-12-31,SSD,BCG_coverage_pct,52.0
2016-12-31,SSD,DTP3_coverage_pct,45.0
2016-12-31,SSD,HepB3_coverage_pct,45.0
2016-12-31,SSD,MCV1_measles_coverage_pct,51.0
2016-12-31,STP,BCG_coverage_pct,92.0
2016-12-31,STP,DTP3_coverage_pct,96.0
2016-12-31,STP,HepB3_coverage_pct,96.0
2016-12-31,STP,MCV1_measles_coverage_pct,93.0
2016-12-31,SUR,DTP3_coverage_pct,77.0
2016-12-31,SUR,HepB3_coverage_pct,77.0
2016-12-31,SUR,MCV1_measles_coverage_pct,76.0
2016-12-31,SVK,BCG_coverage_pct,0.0
2016-12-31,SVK,DTP3_coverage_pct,96.0
2016-12-31,SVK,HepB3_coverage_pct,96.0
2016-12-31,SVK,MCV1_measles_coverage_pct,95.0
2016-12-31,SVN,DTP3_coverage_pct,94.0
2016-12-31,SVN,HepB3_coverage_pct,0.0
2016-12-31,SVN,MCV1_measles_coverage_pct,92.0
2016-12-31,SWE,BCG_coverage_pct,26.0
2016-12-31,SWE,DTP3_coverage_pct,98.0
2016-12-31,SWE,HepB3_coverage_pct,67.0
2016-12-31,SWE,MCV1_measles_coverage_pct,97.0
2016-12-31,SWZ,BCG_coverage_pct,97.0
2016-12-31,SWZ,DTP3_coverage_pct,90.0
2016-12-31,SWZ,HepB3_coverage_pct,90.0
2016-12-31,SWZ,MCV1_measles_coverage_pct,89.0
2016-12-31,SYC,BCG_coverage_pct,99.0
2016-12-31,SYC,DTP3_coverage_pct,96.0
2016-12-31,SYC,HepB3_coverage_pct,96.0
2016-12-31,SYC,MCV1_measles_coverage_pct,97.0
2016-12-31,SYR,BCG_coverage_pct,72.0
2016-12-31,SYR,DTP3_coverage_pct,55.0
2016-12-31,SYR,HepB3_coverage_pct,59.0
2016-12-31,SYR,MCV1_measles_coverage_pct,73.0
2016-12-31,TCD,BCG_coverage_pct,59.0
2016-12-31,TCD,DTP3_coverage_pct,41.0
2016-12-31,TCD,HepB3_coverage_pct,41.0
2016-12-31,TCD,MCV1_measles_coverage_pct,37.0
2016-12-31,TGO,BCG_coverage_pct,93.0
2016-12-31,TGO,DTP3_coverage_pct,82.0
2016-12-31,TGO,HepB3_coverage_pct,82.0
2016-12-31,TGO,MCV1_measles_coverage_pct,73.0
2016-12-31,THA,BCG_coverage_pct,99.0
2016-12-31,THA,DTP3_coverage_pct,99.0
2016-12-31,THA,HepB3_coverage_pct,99.0
2016-12-31,THA,MCV1_measles_coverage_pct,99.0
2016-12-31,TJK,BCG_coverage_pct,96.0
2016-12-31,TJK,DTP3_coverage_pct,90.0
2016-12-31,TJK,HepB3_coverage_pct,90.0
2016-12-31,TJK,MCV1_measles_coverage_pct,86.0
2016-12-31,TKM,BCG_coverage_pct,99.0
2016-12-31,TKM,DTP3_coverage_pct,98.0
2016-12-31,TKM,HepB3_coverage_pct,98.0
2016-12-31,TKM,MCV1_measles_coverage_pct,99.0
2016-12-31,TLS,BCG_coverage_pct,86.0
2016-12-31,TLS,DTP3_coverage_pct,79.0
2016-12-31,TLS,HepB3_coverage_pct,79.0
2016-12-31,TLS,MCV1_measles_coverage_pct,73.0
2016-12-31,TON,BCG_coverage_pct,91.0
2016-12-31,TON,DTP3_coverage_pct,96.0
2016-12-31,TON,HepB3_coverage_pct,96.0
2016-12-31,TON,MCV1_measles_coverage_pct,98.0
2016-12-31,TTO,DTP3_coverage_pct,97.0
2016-12-31,TTO,HepB3_coverage_pct,97.0
2016-12-31,TTO,MCV1_measles_coverage_pct,86.0
2016-12-31,TUN,BCG_coverage_pct,99.0
2016-12-31,TUN,DTP3_coverage_pct,98.0
2016-12-31,TUN,HepB3_coverage_pct,98.0
2016-12-31,TUN,MCV1_measles_coverage_pct,96.0
2016-12-31,TUR,BCG_coverage_pct,96.0
2016-12-31,TUR,DTP3_coverage_pct,98.0
2016-12-31,TUR,HepB3_coverage_pct,98.0
2016-12-31,TUR,MCV1_measles_coverage_pct,98.0
2016-12-31,TUV,BCG_coverage_pct,99.0
2016-12-31,TUV,DTP3_coverage_pct,94.0
2016-12-31,TUV,HepB3_coverage_pct,94.0
2016-12-31,TUV,MCV1_measles_coverage_pct,96.0
2016-12-31,TZA,BCG_coverage_pct,95.0
2016-12-31,TZA,DTP3_coverage_pct,92.0
2016-12-31,TZA,HepB3_coverage_pct,92.0
2016-12-31,TZA,MCV1_measles_coverage_pct,83.0
2016-12-31,UGA,BCG_coverage_pct,94.0
2016-12-31,UGA,DTP3_coverage_pct,93.0
2016-12-31,UGA,HepB3_coverage_pct,93.0
2016-12-31,UGA,MCV1_measles_coverage_pct,79.0
2016-12-31,UKR,BCG_coverage_pct,75.0
2016-12-31,UKR,DTP3_coverage_pct,19.0
2016-12-31,UKR,HepB3_coverage_pct,26.0
2016-12-31,UKR,MCV1_measles_coverage_pct,42.0
2016-12-31,URY,BCG_coverage_pct,98.0
2016-12-31,URY,DTP3_coverage_pct,95.0
2016-12-31,URY,HepB3_coverage_pct,95.0
2016-12-31,URY,MCV1_measles_coverage_pct,95.0
2016-12-31,USA,DTP3_coverage_pct,95.0
2016-12-31,USA,HepB3_coverage_pct,93.0
2016-12-31,USA,MCV1_measles_coverage_pct,92.0
2016-12-31,UZB,BCG_coverage_pct,99.0
2016-12-31,UZB,DTP3_coverage_pct,99.0
2016-12-31,UZB,HepB3_coverage_pct,99.0
2016-12-31,UZB,MCV1_measles_coverage_pct,99.0
2016-12-31,VCT,BCG_coverage_pct,99.0
2016-12-31,VCT,DTP3_coverage_pct,99.0
2016-12-31,VCT,HepB3_coverage_pct,99.0
2016-12-31,VCT,MCV1_measles_coverage_pct,99.0
2016-12-31,VEN,BCG_coverage_pct,97.0
2016-12-31,VEN,DTP3_coverage_pct,84.0
2016-12-31,VEN,HepB3_coverage_pct,84.0
2016-12-31,VEN,MCV1_measles_coverage_pct,88.0
2016-12-31,VNM,BCG_coverage_pct,95.0
2016-12-31,VNM,DTP3_coverage_pct,96.0
2016-12-31,VNM,HepB3_coverage_pct,96.0
2016-12-31,VNM,MCV1_measles_coverage_pct,99.0
2016-12-31,VUT,BCG_coverage_pct,94.0
2016-12-31,VUT,DTP3_coverage_pct,81.0
2016-12-31,VUT,HepB3_coverage_pct,81.0
2016-12-31,VUT,MCV1_measles_coverage_pct,84.0
2016-12-31,WSM,BCG_coverage_pct,81.0
2016-12-31,WSM,DTP3_coverage_pct,74.0
2016-12-31,WSM,HepB3_coverage_pct,74.0
2016-12-31,WSM,MCV1_measles_coverage_pct,75.0
2016-12-31,YEM,BCG_coverage_pct,67.0
2016-12-31,YEM,DTP3_coverage_pct,63.0
2016-12-31,YEM,HepB3_coverage_pct,63.0
2016-12-31,YEM,MCV1_measles_coverage_pct,62.0
2016-12-31,ZAF,BCG_coverage_pct,79.0
2016-12-31,ZAF,DTP3_coverage_pct,85.0
2016-12-31,ZAF,HepB3_coverage_pct,85.0
2016-12-31,ZAF,MCV1_measles_coverage_pct,84.0
2016-12-31,ZMB,BCG_coverage_pct,99.0
2016-12-31,ZMB,DTP3_coverage_pct,95.0
2016-12-31,ZMB,HepB3_coverage_pct,95.0
2016-12-31,ZMB,MCV1_measles_coverage_pct,97.0
2016-12-31,ZWE,BCG_coverage_pct,95.0
2016-12-31,ZWE,DTP3_coverage_pct,90.0
2016-12-31,ZWE,HepB3_coverage_pct,90.0
2016-12-31,ZWE,MCV1_measles_coverage_pct,95.0
2017-12-31,AFG,BCG_coverage_pct,80.0
2017-12-31,AFG,DTP3_coverage_pct,64.0
2017-12-31,AFG,HepB3_coverage_pct,64.0
2017-12-31,AFG,MCV1_measles_coverage_pct,64.0
2017-12-31,AGO,BCG_coverage_pct,69.0
2017-12-31,AGO,DTP3_coverage_pct,55.0
2017-12-31,AGO,HepB3_coverage_pct,55.0
2017-12-31,AGO,MCV1_measles_coverage_pct,47.0
2017-12-31,ALB,BCG_coverage_pct,99.0
2017-12-31,ALB,DTP3_coverage_pct,99.0
2017-12-31,ALB,HepB3_coverage_pct,99.0
2017-12-31,ALB,MCV1_measles_coverage_pct,96.0
2017-12-31,AND,DTP3_coverage_pct,99.0
2017-12-31,AND,HepB3_coverage_pct,98.0
2017-12-31,AND,MCV1_measles_coverage_pct,99.0
2017-12-31,ARE,BCG_coverage_pct,95.0
2017-12-31,ARE,DTP3_coverage_pct,97.0
2017-12-31,ARE,HepB3_coverage_pct,98.0
2017-12-31,ARE,MCV1_measles_coverage_pct,99.0
2017-12-31,ARG,BCG_coverage_pct,97.0
2017-12-31,ARG,DTP3_coverage_pct,88.0
2017-12-31,ARG,HepB3_coverage_pct,86.0
2017-12-31,ARG,MCV1_measles_coverage_pct,90.0
2017-12-31,ARM,BCG_coverage_pct,99.0
2017-12-31,ARM,DTP3_coverage_pct,94.0
2017-12-31,ARM,HepB3_coverage_pct,94.0
2017-12-31,ARM,MCV1_measles_coverage_pct,96.0
2017-12-31,ATG,DTP3_coverage_pct,95.0
2017-12-31,ATG,HepB3_coverage_pct,95.0
2017-12-31,ATG,MCV1_measles_coverage_pct,99.0
2017-12-31,AUS,DTP3_coverage_pct,95.0
2017-12-31,AUS,HepB3_coverage_pct,95.0
2017-12-31,AUS,MCV1_measles_coverage_pct,94.0
2017-12-31,AUT,DTP3_coverage_pct,87.0
2017-12-31,AUT,HepB3_coverage_pct,87.0
2017-12-31,AUT,MCV1_measles_coverage_pct,93.0
2017-12-31,AZE,BCG_coverage_pct,97.0
2017-12-31,AZE,DTP3_coverage_pct,75.0
2017-12-31,AZE,HepB3_coverage_pct,75.0
2017-12-31,AZE,MCV1_measles_coverage_pct,80.0
2017-12-31,BDI,BCG_coverage_pct,92.0
2017-12-31,BDI,DTP3_coverage_pct,91.0
2017-12-31,BDI,HepB3_coverage_pct,91.0
2017-12-31,BDI,MCV1_measles_coverage_pct,90.0
2017-12-31,BEL,DTP3_coverage_pct,98.0
2017-12-31,BEL,HepB3_coverage_pct,97.0
2017-12-31,BEL,MCV1_measles_coverage_pct,96.0
2017-12-31,BEN,BCG_coverage_pct,88.0
2017-12-31,BEN,DTP3_coverage_pct,76.0
2017-12-31,BEN,HepB3_coverage_pct,76.0
2017-12-31,BEN,MCV1_measles_coverage_pct,65.0
2017-12-31,BFA,BCG_coverage_pct,98.0
2017-12-31,BFA,DTP3_coverage_pct,91.0
2017-12-31,BFA,HepB3_coverage_pct,91.0
2017-12-31,BFA,MCV1_measles_coverage_pct,88.0
2017-12-31,BGD,BCG_coverage_pct,99.0
2017-12-31,BGD,DTP3_coverage_pct,98.0
2017-12-31,BGD,HepB3_coverage_pct,98.0
2017-12-31,BGD,MCV1_measles_coverage_pct,97.0
2017-12-31,BGR,BCG_coverage_pct,96.0
2017-12-31,BGR,DTP3_coverage_pct,92.0
2017-12-31,BGR,HepB3_coverage_pct,92.0
2017-12-31,BGR,MCV1_measles_coverage_pct,94.0
2017-12-31,BHR,DTP3_coverage_pct,97.0
2017-12-31,BHR,HepB3_coverage_pct,98.0
2017-12-31,BHR,MCV1_measles_coverage_pct,99.0
2017-12-31,BHS,DTP3_coverage_pct,94.0
2017-12-31,BHS,HepB3_coverage_pct,94.0
2017-12-31,BHS,MCV1_measles_coverage_pct,90.0
2017-12-31,BIH,BCG_coverage_pct,97.0
2017-12-31,BIH,DTP3_coverage_pct,75.0
2017-12-31,BIH,HepB3_coverage_pct,77.0
2017-12-31,BIH,MCV1_measles_coverage_pct,69.0
2017-12-31,BLR,BCG_coverage_pct,98.0
2017-12-31,BLR,DTP3_coverage_pct,97.0
2017-12-31,BLR,HepB3_coverage_pct,98.0
2017-12-31,BLR,MCV1_measles_coverage_pct,97.0
2017-12-31,BLZ,BCG_coverage_pct,90.0
2017-12-31,BLZ,DTP3_coverage_pct,88.0
2017-12-31,BLZ,HepB3_coverage_pct,88.0
2017-12-31,BLZ,MCV1_measles_coverage_pct,90.0
2017-12-31,BOL,BCG_coverage_pct,93.0
2017-12-31,BOL,DTP3_coverage_pct,84.0
2017-12-31,BOL,HepB3_coverage_pct,84.0
2017-12-31,BOL,MCV1_measles_coverage_pct,83.0
2017-12-31,BRA,BCG_coverage_pct,94.0
2017-12-31,BRA,DTP3_coverage_pct,83.0
2017-12-31,BRA,HepB3_coverage_pct,82.0
2017-12-31,BRA,MCV1_measles_coverage_pct,87.0
2017-12-31,BRB,DTP3_coverage_pct,90.0
2017-12-31,BRB,HepB3_coverage_pct,90.0
2017-12-31,BRB,MCV1_measles_coverage_pct,92.0
2017-12-31,BRN,BCG_coverage_pct,99.0
2017-12-31,BRN,DTP3_coverage_pct,99.0
2017-12-31,BRN,HepB3_coverage_pct,99.0
2017-12-31,BRN,MCV1_measles_coverage_pct,97.0
2017-12-31,BTN,BCG_coverage_pct,99.0
2017-12-31,BTN,DTP3_coverage_pct,98.0
2017-12-31,BTN,HepB3_coverage_pct,98.0
2017-12-31,BTN,MCV1_measles_coverage_pct,97.0
2017-12-31,BWA,BCG_coverage_pct,98.0
2017-12-31,BWA,DTP3_coverage_pct,95.0
2017-12-31,BWA,HepB3_coverage_pct,95.0
2017-12-31,BWA,MCV1_measles_coverage_pct,97.0
2017-12-31,CAF,BCG_coverage_pct,61.0
2017-12-31,CAF,DTP3_coverage_pct,42.0
2017-12-31,CAF,HepB3_coverage_pct,42.0
2017-12-31,CAF,MCV1_measles_coverage_pct,41.0
2017-12-31,CAN,DTP3_coverage_pct,91.0
2017-12-31,CAN,HepB3_coverage_pct,71.0
2017-12-31,CAN,MCV1_measles_coverage_pct,90.0
2017-12-31,CHE,DTP3_coverage_pct,96.0
2017-12-31,CHE,HepB3_coverage_pct,69.0
2017-12-31,CHE,MCV1_measles_coverage_pct,95.0
2017-12-31,CHL,BCG_coverage_pct,96.0
2017-12-31,CHL,DTP3_coverage_pct,93.0
2017-12-31,CHL,HepB3_coverage_pct,93.0
2017-12-31,CHL,MCV1_measles_coverage_pct,93.0
2017-12-31,CHN,BCG_coverage_pct,99.0
2017-12-31,CHN,DTP3_coverage_pct,99.0
2017-12-31,CHN,HepB3_coverage_pct,99.0
2017-12-31,CHN,MCV1_measles_coverage_pct,99.0
2017-12-31,CIV,BCG_coverage_pct,93.0
2017-12-31,CIV,DTP3_coverage_pct,83.0
2017-12-31,CIV,HepB3_coverage_pct,83.0
2017-12-31,CIV,MCV1_measles_coverage_pct,70.0
2017-12-31,CMR,BCG_coverage_pct,85.0
2017-12-31,CMR,DTP3_coverage_pct,74.0
2017-12-31,CMR,HepB3_coverage_pct,74.0
2017-12-31,CMR,MCV1_measles_coverage_pct,67.0
2017-12-31,COD,BCG_coverage_pct,85.0
2017-12-31,COD,DTP3_coverage_pct,71.0
2017-12-31,COD,HepB3_coverage_pct,71.0
2017-12-31,COD,MCV1_measles_coverage_pct,65.0
2017-12-31,COG,BCG_coverage_pct,76.0
2017-12-31,COG,DTP3_coverage_pct,69.0
2017-12-31,COG,HepB3_coverage_pct,69.0
2017-12-31,COG,MCV1_measles_coverage_pct,70.0
2017-12-31,COK,BCG_coverage_pct,99.0
2017-12-31,COK,DTP3_coverage_pct,99.0
2017-12-31,COK,HepB3_coverage_pct,99.0
2017-12-31,COK,MCV1_measles_coverage_pct,98.0
2017-12-31,COL,BCG_coverage_pct,91.0
2017-12-31,COL,DTP3_coverage_pct,92.0
2017-12-31,COL,HepB3_coverage_pct,92.0
2017-12-31,COL,MCV1_measles_coverage_pct,93.0
2017-12-31,COM,BCG_coverage_pct,85.0
2017-12-31,COM,DTP3_coverage_pct,79.0
2017-12-31,COM,HepB3_coverage_pct,79.0
2017-12-31,COM,MCV1_measles_coverage_pct,75.0
2017-12-31,CPV,BCG_coverage_pct,98.0
2017-12-31,CPV,DTP3_coverage_pct,96.0
2017-12-31,CPV,HepB3_coverage_pct,96.0
2017-12-31,CPV,MCV1_measles_coverage_pct,96.0
2017-12-31,CRI,BCG_coverage_pct,99.0
2017-12-31,CRI,DTP3_coverage_pct,96.0
2017-12-31,CRI,HepB3_coverage_pct,97.0
2017-12-31,CRI,MCV1_measles_coverage_pct,96.0
2017-12-31,CUB,BCG_coverage_pct,99.0
2017-12-31,CUB,DTP3_coverage_pct,99.0
2017-12-31,CUB,HepB3_coverage_pct,99.0
2017-12-31,CUB,MCV1_measles_coverage_pct,99.0
2017-12-31,CYP,DTP3_coverage_pct,97.0
2017-12-31,CYP,HepB3_coverage_pct,97.0
2017-12-31,CYP,MCV1_measles_coverage_pct,90.0
2017-12-31,CZE,DTP3_coverage_pct,96.0
2017-12-31,CZE,HepB3_coverage_pct,94.0
2017-12-31,CZE,MCV1_measles_coverage_pct,97.0
2017-12-31,DEU,DTP3_coverage_pct,91.0
2017-12-31,DEU,HepB3_coverage_pct,88.0
2017-12-31,DEU,MCV1_measles_coverage_pct,97.0
2017-12-31,DJI,BCG_coverage_pct,92.0
2017-12-31,DJI,DTP3_coverage_pct,76.0
2017-12-31,DJI,HepB3_coverage_pct,76.0
2017-12-31,DJI,MCV1_measles_coverage_pct,81.0
2017-12-31,DMA,BCG_coverage_pct,97.0
2017-12-31,DMA,DTP3_coverage_pct,91.0
2017-12-31,DMA,HepB3_coverage_pct,91.0
2017-12-31,DMA,MCV1_measles_coverage_pct,77.0
2017-12-31,DNK,DTP3_coverage_pct,98.0
2017-12-31,DNK,HepB3_coverage_pct,0.0
2017-12-31,DNK,MCV1_measles_coverage_pct,97.0
2017-12-31,DOM,BCG_coverage_pct,99.0
2017-12-31,DOM,DTP3_coverage_pct,84.0
2017-12-31,DOM,HepB3_coverage_pct,81.0
2017-12-31,DOM,MCV1_measles_coverage_pct,86.0
2017-12-31,DZA,BCG_coverage_pct,99.0
2017-12-31,DZA,DTP3_coverage_pct,91.0
2017-12-31,DZA,HepB3_coverage_pct,91.0
2017-12-31,DZA,MCV1_measles_coverage_pct,88.0
2017-12-31,ECU,BCG_coverage_pct,88.0
2017-12-31,ECU,DTP3_coverage_pct,85.0
2017-12-31,ECU,HepB3_coverage_pct,85.0
2017-12-31,ECU,MCV1_measles_coverage_pct,81.0
2017-12-31,EGY,BCG_coverage_pct,86.0
2017-12-31,EGY,DTP3_coverage_pct,94.0
2017-12-31,EGY,HepB3_coverage_pct,94.0
2017-12-31,EGY,MCV1_measles_coverage_pct,94.0
2017-12-31,ERI,BCG_coverage_pct,97.0
2017-12-31,ERI,DTP3_coverage_pct,95.0
2017-12-31,ERI,HepB3_coverage_pct,95.0
2017-12-31,ERI,MCV1_measles_coverage_pct,93.0
2017-12-31,ESP,DTP3_coverage_pct,95.0
2017-12-31,ESP,HepB3_coverage_pct,95.0
2017-12-31,ESP,MCV1_measles_coverage_pct,98.0
2017-12-31,EST,BCG_coverage_pct,94.0
2017-12-31,EST,DTP3_coverage_pct,93.0
2017-12-31,EST,HepB3_coverage_pct,92.0
2017-12-31,EST,MCV1_measles_coverage_pct,93.0
2017-12-31,ETH,BCG_coverage_pct,73.0
2017-12-31,ETH,DTP3_coverage_pct,65.0
2017-12-31,ETH,HepB3_coverage_pct,65.0
2017-12-31,ETH,MCV1_measles_coverage_pct,59.0
2017-12-31,FIN,DTP3_coverage_pct,89.0
2017-12-31,FIN,HepB3_coverage_pct,0.0
2017-12-31,FIN,MCV1_measles_coverage_pct,94.0
2017-12-31,FJI,BCG_coverage_pct,94.0
2017-12-31,FJI,DTP3_coverage_pct,91.0
2017-12-31,FJI,HepB3_coverage_pct,91.0
2017-12-31,FJI,MCV1_measles_coverage_pct,99.0
2017-12-31,FRA,DTP3_coverage_pct,95.0
2017-12-31,FRA,HepB3_coverage_pct,91.0
2017-12-31,FRA,MCV1_measles_coverage_pct,90.0
2017-12-31,FSM,BCG_coverage_pct,83.0
2017-12-31,FSM,DTP3_coverage_pct,73.0
2017-12-31,FSM,HepB3_coverage_pct,80.0
2017-12-31,FSM,MCV1_measles_coverage_pct,76.0
2017-12-31,GAB,BCG_coverage_pct,90.0
2017-12-31,GAB,DTP3_coverage_pct,75.0
2017-12-31,GAB,HepB3_coverage_pct,75.0
2017-12-31,GAB,MCV1_measles_coverage_pct,63.0
2017-12-31,GBR,DTP3_coverage_pct,94.0
2017-12-31,GBR,HepB3_coverage_pct,0.0
2017-12-31,GBR,MCV1_measles_coverage_pct,92.0
2017-12-31,GEO,BCG_coverage_pct,96.0
2017-12-31,GEO,DTP3_coverage_pct,91.0
2017-12-31,GEO,HepB3_coverage_pct,91.0
2017-12-31,GEO,MCV1_measles_coverage_pct,95.0
2017-12-31,GHA,BCG_coverage_pct,99.0
2017-12-31,GHA,DTP3_coverage_pct,99.0
2017-12-31,GHA,HepB3_coverage_pct,99.0
2017-12-31,GHA,MCV1_measles_coverage_pct,95.0
2017-12-31,GIN,BCG_coverage_pct,73.0
2017-12-31,GIN,DTP3_coverage_pct,49.0
2017-12-31,GIN,HepB3_coverage_pct,49.0
2017-12-31,GIN,MCV1_measles_coverage_pct,48.0
2017-12-31,GMB,BCG_coverage_pct,94.0
2017-12-31,GMB,DTP3_coverage_pct,92.0
2017-12-31,GMB,HepB3_coverage_pct,92.0
2017-12-31,GMB,MCV1_measles_coverage_pct,90.0
2017-12-31,GNB,BCG_coverage_pct,87.0
2017-12-31,GNB,DTP3_coverage_pct,79.0
2017-12-31,GNB,HepB3_coverage_pct,79.0
2017-12-31,GNB,MCV1_measles_coverage_pct,66.0
2017-12-31,GNQ,BCG_coverage_pct,86.0
2017-12-31,GNQ,DTP3_coverage_pct,56.0
2017-12-31,GNQ,HepB3_coverage_pct,56.0
2017-12-31,GNQ,MCV1_measles_coverage_pct,54.0
2017-12-31,GRC,DTP3_coverage_pct,99.0
2017-12-31,GRC,HepB3_coverage_pct,96.0
2017-12-31,GRC,MCV1_measles_coverage_pct,97.0
2017-12-31,GRD,DTP3_coverage_pct,96.0
2017-12-31,GRD,HepB3_coverage_pct,96.0
2017-12-31,GRD,MCV1_measles_coverage_pct,85.0
2017-12-31,GTM,BCG_coverage_pct,93.0
2017-12-31,GTM,DTP3_coverage_pct,91.0
2017-12-31,GTM,HepB3_coverage_pct,91.0
2017-12-31,GTM,MCV1_measles_coverage_pct,94.0
2017-12-31,GUY,BCG_coverage_pct,97.0
2017-12-31,GUY,DTP3_coverage_pct,97.0
2017-12-31,GUY,HepB3_coverage_pct,97.0
2017-12-31,GUY,MCV1_measles_coverage_pct,99.0
2017-12-31,HND,BCG_coverage_pct,92.0
2017-12-31,HND,DTP3_coverage_pct,90.0
2017-12-31,HND,HepB3_coverage_pct,90.0
2017-12-31,HND,MCV1_measles_coverage_pct,98.0
2017-12-31,HRV,BCG_coverage_pct,98.0
2017-12-31,HRV,DTP3_coverage_pct,92.0
2017-12-31,HRV,HepB3_coverage_pct,92.0
2017-12-31,HRV,MCV1_measles_coverage_pct,89.0
2017-12-31,HTI,BCG_coverage_pct,73.0
2017-12-31,HTI,DTP3_coverage_pct,60.0
2017-12-31,HTI,HepB3_coverage_pct,57.0
2017-12-31,HTI,MCV1_measles_coverage_pct,65.0
2017-12-31,HUN,BCG_coverage_pct,99.0
2017-12-31,HUN,DTP3_coverage_pct,99.0
2017-12-31,HUN,HepB3_coverage_pct,0.0
2017-12-31,HUN,MCV1_measles_coverage_pct,99.0
2017-12-31,IDN,BCG_coverage_pct,93.0
2017-12-31,IDN,DTP3_coverage_pct,85.0
2017-12-31,IDN,HepB3_coverage_pct,85.0
2017-12-31,IDN,MCV1_measles_coverage_pct,90.0
2017-12-31,IND,BCG_coverage_pct,92.0
2017-12-31,IND,DTP3_coverage_pct,89.0
2017-12-31,IND,HepB3_coverage_pct,89.0
2017-12-31,IND,MCV1_measles_coverage_pct,90.0
2017-12-31,IRL,DTP3_coverage_pct,95.0
2017-12-31,IRL,HepB3_coverage_pct,95.0
2017-12-31,IRL,MCV1_measles_coverage_pct,92.0
2017-12-31,IRN,BCG_coverage_pct,99.0
2017-12-31,IRN,DTP3_coverage_pct,99.0
2017-12-31,IRN,HepB3_coverage_pct,99.0
2017-12-31,IRN,MCV1_measles_coverage_pct,99.0
2017-12-31,IRQ,BCG_coverage_pct,92.0
2017-12-31,IRQ,DTP3_coverage_pct,81.0
2017-12-31,IRQ,HepB3_coverage_pct,81.0
2017-12-31,IRQ,MCV1_measles_coverage_pct,82.0
2017-12-31,ISL,DTP3_coverage_pct,89.0
2017-12-31,ISL,HepB3_coverage_pct,0.0
2017-12-31,ISL,MCV1_measles_coverage_pct,92.0
2017-12-31,ISR,DTP3_coverage_pct,98.0
2017-12-31,ISR,HepB3_coverage_pct,97.0
2017-12-31,ISR,MCV1_measles_coverage_pct,98.0
2017-12-31,ITA,DTP3_coverage_pct,95.0
2017-12-31,ITA,HepB3_coverage_pct,94.0
2017-12-31,ITA,MCV1_measles_coverage_pct,92.0
2017-12-31,JAM,BCG_coverage_pct,93.0
2017-12-31,JAM,DTP3_coverage_pct,93.0
2017-12-31,JAM,HepB3_coverage_pct,93.0
2017-12-31,JAM,MCV1_measles_coverage_pct,95.0
2017-12-31,JOR,BCG_coverage_pct,99.0
2017-12-31,JOR,DTP3_coverage_pct,99.0
2017-12-31,JOR,HepB3_coverage_pct,99.0
2017-12-31,JOR,MCV1_measles_coverage_pct,93.0
2017-12-31,JPN,BCG_coverage_pct,93.0
2017-12-31,JPN,DTP3_coverage_pct,99.0
2017-12-31,JPN,HepB3_coverage_pct,0.0
2017-12-31,JPN,MCV1_measles_coverage_pct,97.0
2017-12-31,KAZ,BCG_coverage_pct,92.0
2017-12-31,KAZ,DTP3_coverage_pct,86.0
2017-12-31,KAZ,HepB3_coverage_pct,87.0
2017-12-31,KAZ,MCV1_measles_coverage_pct,89.0
2017-12-31,KEN,BCG_coverage_pct,87.0
2017-12-31,KEN,DTP3_coverage_pct,81.0
2017-12-31,KEN,HepB3_coverage_pct,81.0
2017-12-31,KEN,MCV1_measles_coverage_pct,84.0
2017-12-31,KGZ,BCG_coverage_pct,97.0
2017-12-31,KGZ,DTP3_coverage_pct,92.0
2017-12-31,KGZ,HepB3_coverage_pct,92.0
2017-12-31,KGZ,MCV1_measles_coverage_pct,95.0
2017-12-31,KHM,BCG_coverage_pct,99.0
2017-12-31,KHM,DTP3_coverage_pct,90.0
2017-12-31,KHM,HepB3_coverage_pct,90.0
2017-12-31,KHM,MCV1_measles_coverage_pct,85.0
2017-12-31,KIR,BCG_coverage_pct,89.0
2017-12-31,KIR,DTP3_coverage_pct,90.0
2017-12-31,KIR,HepB3_coverage_pct,90.0
2017-12-31,KIR,MCV1_measles_coverage_pct,81.0
2017-12-31,KNA,BCG_coverage_pct,97.0
2017-12-31,KNA,DTP3_coverage_pct,98.0
2017-12-31,KNA,HepB3_coverage_pct,98.0
2017-12-31,KNA,MCV1_measles_coverage_pct,93.0
2017-12-31,KOR,BCG_coverage_pct,98.0
2017-12-31,KOR,DTP3_coverage_pct,97.0
2017-12-31,KOR,HepB3_coverage_pct,98.0
2017-12-31,KOR,MCV1_measles_coverage_pct,97.0
2017-12-31,KWT,BCG_coverage_pct,99.0
2017-12-31,KWT,DTP3_coverage_pct,99.0
2017-12-31,KWT,HepB3_coverage_pct,99.0
2017-12-31,KWT,MCV1_measles_coverage_pct,99.0
2017-12-31,LAO,BCG_coverage_pct,85.0
2017-12-31,LAO,DTP3_coverage_pct,78.0
2017-12-31,LAO,HepB3_coverage_pct,78.0
2017-12-31,LAO,MCV1_measles_coverage_pct,78.0
2017-12-31,LBN,DTP3_coverage_pct,83.0
2017-12-31,LBN,HepB3_coverage_pct,83.0
2017-12-31,LBN,MCV1_measles_coverage_pct,82.0
2017-12-31,LBR,BCG_coverage_pct,87.0
2017-12-31,LBR,DTP3_coverage_pct,80.0
2017-12-31,LBR,HepB3_coverage_pct,80.0
2017-12-31,LBR,MCV1_measles_coverage_pct,75.0
2017-12-31,LBY,BCG_coverage_pct,99.0
2017-12-31,LBY,DTP3_coverage_pct,97.0
2017-12-31,LBY,HepB3_coverage_pct,97.0
2017-12-31,LBY,MCV1_measles_coverage_pct,95.0
2017-12-31,LCA,BCG_coverage_pct,88.0
2017-12-31,LCA,DTP3_coverage_pct,80.0
2017-12-31,LCA,HepB3_coverage_pct,80.0
2017-12-31,LCA,MCV1_measles_coverage_pct,87.0
2017-12-31,LKA,BCG_coverage_pct,99.0
2017-12-31,LKA,DTP3_coverage_pct,99.0
2017-12-31,LKA,HepB3_coverage_pct,99.0
2017-12-31,LKA,MCV1_measles_coverage_pct,99.0
2017-12-31,LSO,BCG_coverage_pct,96.0
2017-12-31,LSO,DTP3_coverage_pct,89.0
2017-12-31,LSO,HepB3_coverage_pct,89.0
2017-12-31,LSO,MCV1_measles_coverage_pct,89.0
2017-12-31,LTU,BCG_coverage_pct,97.0
2017-12-31,LTU,DTP3_coverage_pct,94.0
2017-12-31,LTU,HepB3_coverage_pct,94.0
2017-12-31,LTU,MCV1_measles_coverage_pct,94.0
2017-12-31,LUX,DTP3_coverage_pct,99.0
2017-12-31,LUX,HepB3_coverage_pct,94.0
2017-12-31,LUX,MCV1_measles_coverage_pct,99.0
2017-12-31,LVA,BCG_coverage_pct,96.0
2017-12-31,LVA,DTP3_coverage_pct,98.0
2017-12-31,LVA,HepB3_coverage_pct,98.0
2017-12-31,LVA,MCV1_measles_coverage_pct,96.0
2017-12-31,MAR,BCG_coverage_pct,99.0
2017-12-31,MAR,DTP3_coverage_pct,99.0
2017-12-31,MAR,HepB3_coverage_pct,99.0
2017-12-31,MAR,MCV1_measles_coverage_pct,99.0
2017-12-31,MCO,DTP3_coverage_pct,99.0
2017-12-31,MCO,HepB3_coverage_pct,99.0
2017-12-31,MCO,MCV1_measles_coverage_pct,88.0
2017-12-31,MDA,BCG_coverage_pct,96.0
2017-12-31,MDA,DTP3_coverage_pct,88.0
2017-12-31,MDA,HepB3_coverage_pct,89.0
2017-12-31,MDA,MCV1_measles_coverage_pct,93.0
2017-12-31,MDG,BCG_coverage_pct,74.0
2017-12-31,MDG,DTP3_coverage_pct,65.0
2017-12-31,MDG,HepB3_coverage_pct,65.0
2017-12-31,MDG,MCV1_measles_coverage_pct,55.0
2017-12-31,MDV,BCG_coverage_pct,99.0
2017-12-31,MDV,DTP3_coverage_pct,98.0
2017-12-31,MDV,HepB3_coverage_pct,98.0
2017-12-31,MDV,MCV1_measles_coverage_pct,99.0
2017-12-31,MEX,BCG_coverage_pct,94.0
2017-12-31,MEX,DTP3_coverage_pct,85.0
2017-12-31,MEX,HepB3_coverage_pct,58.0
2017-12-31,MEX,MCV1_measles_coverage_pct,76.0
2017-12-31,MHL,BCG_coverage_pct,92.0
2017-12-31,MHL,DTP3_coverage_pct,80.0
2017-12-31,MHL,HepB3_coverage_pct,82.0
2017-12-31,MHL,MCV1_measles_coverage_pct,83.0
2017-12-31,MKD,BCG_coverage_pct,97.0
2017-12-31,MKD,DTP3_coverage_pct,91.0
2017-12-31,MKD,HepB3_coverage_pct,91.0
2017-12-31,MKD,MCV1_measles_coverage_pct,83.0
2017-12-31,MLI,BCG_coverage_pct,83.0
2017-12-31,MLI,DTP3_coverage_pct,77.0
2017-12-31,MLI,HepB3_coverage_pct,77.0
2017-12-31,MLI,MCV1_measles_coverage_pct,70.0
2017-12-31,MLT,DTP3_coverage_pct,98.0
2017-12-31,MLT,HepB3_coverage_pct,88.0
2017-12-31,MLT,MCV1_measles_coverage_pct,91.0
2017-12-31,MMR,BCG_coverage_pct,91.0
2017-12-31,MMR,DTP3_coverage_pct,89.0
2017-12-31,MMR,HepB3_coverage_pct,89.0
2017-12-31,MMR,MCV1_measles_coverage_pct,83.0
2017-12-31,MNE,BCG_coverage_pct,83.0
2017-12-31,MNE,DTP3_coverage_pct,87.0
2017-12-31,MNE,HepB3_coverage_pct,73.0
2017-12-31,MNE,MCV1_measles_coverage_pct,58.0
2017-12-31,MNG,BCG_coverage_pct,99.0
2017-12-31,MNG,DTP3_coverage_pct,99.0
2017-12-31,MNG,HepB3_coverage_pct,99.0
2017-12-31,MNG,MCV1_measles_coverage_pct,99.0
2017-12-31,MOZ,BCG_coverage_pct,93.0
2017-12-31,MOZ,DTP3_coverage_pct,85.0
2017-12-31,MOZ,HepB3_coverage_pct,85.0
2017-12-31,MOZ,MCV1_measles_coverage_pct,83.0
2017-12-31,MRT,BCG_coverage_pct,88.0
2017-12-31,MRT,DTP3_coverage_pct,76.0
2017-12-31,MRT,HepB3_coverage_pct,76.0
2017-12-31,MRT,MCV1_measles_coverage_pct,75.0
2017-12-31,MUS,BCG_coverage_pct,99.0
2017-12-31,MUS,DTP3_coverage_pct,94.0
2017-12-31,MUS,HepB3_coverage_pct,96.0
2017-12-31,MUS,MCV1_measles_coverage_pct,89.0
2017-12-31,MWI,BCG_coverage_pct,89.0
2017-12-31,MWI,DTP3_coverage_pct,88.0
2017-12-31,MWI,HepB3_coverage_pct,88.0
2017-12-31,MWI,MCV1_measles_coverage_pct,83.0
2017-12-31,MYS,BCG_coverage_pct,99.0
2017-12-31,MYS,DTP3_coverage_pct,99.0
2017-12-31,MYS,HepB3_coverage_pct,98.0
2017-12-31,MYS,MCV1_measles_coverage_pct,96.0
2017-12-31,NAM,BCG_coverage_pct,94.0
2017-12-31,NAM,DTP3_coverage_pct,88.0
2017-12-31,NAM,HepB3_coverage_pct,88.0
2017-12-31,NAM,MCV1_measles_coverage_pct,80.0
2017-12-31,NER,BCG_coverage_pct,92.0
2017-12-31,NER,DTP3_coverage_pct,85.0
2017-12-31,NER,HepB3_coverage_pct,85.0
2017-12-31,NER,MCV1_measles_coverage_pct,82.0
2017-12-31,NGA,BCG_coverage_pct,67.0
2017-12-31,NGA,DTP3_coverage_pct,55.0
2017-12-31,NGA,HepB3_coverage_pct,55.0
2017-12-31,NGA,MCV1_measles_coverage_pct,54.0
2017-12-31,NIC,BCG_coverage_pct,99.0
2017-12-31,NIC,DTP3_coverage_pct,99.0
2017-12-31,NIC,HepB3_coverage_pct,99.0
2017-12-31,NIC,MCV1_measles_coverage_pct,99.0
2017-12-31,NIU,BCG_coverage_pct,99.0
2017-12-31,NIU,DTP3_coverage_pct,99.0
2017-12-31,NIU,HepB3_coverage_pct,99.0
2017-12-31,NIU,MCV1_measles_coverage_pct,99.0
2017-12-31,NLD,DTP3_coverage_pct,94.0
2017-12-31,NLD,HepB3_coverage_pct,92.0
2017-12-31,NLD,MCV1_measles_coverage_pct,93.0
2017-12-31,NOR,DTP3_coverage_pct,96.0
2017-12-31,NOR,HepB3_coverage_pct,0.0
2017-12-31,NOR,MCV1_measles_coverage_pct,96.0
2017-12-31,NPL,BCG_coverage_pct,95.0
2017-12-31,NPL,DTP3_coverage_pct,90.0
2017-12-31,NPL,HepB3_coverage_pct,90.0
2017-12-31,NPL,MCV1_measles_coverage_pct,90.0
2017-12-31,NRU,BCG_coverage_pct,99.0
2017-12-31,NRU,DTP3_coverage_pct,87.0
2017-12-31,NRU,HepB3_coverage_pct,87.0
2017-12-31,NRU,MCV1_measles_coverage_pct,95.0
2017-12-31,NZL,DTP3_coverage_pct,94.0
2017-12-31,NZL,HepB3_coverage_pct,94.0
2017-12-31,NZL,MCV1_measles_coverage_pct,93.0
2017-12-31,OMN,BCG_coverage_pct,99.0
2017-12-31,OMN,DTP3_coverage_pct,99.0
2017-12-31,OMN,HepB3_coverage_pct,99.0
2017-12-31,OMN,MCV1_measles_coverage_pct,99.0
2017-12-31,PAK,BCG_coverage_pct,86.0
2017-12-31,PAK,DTP3_coverage_pct,75.0
2017-12-31,PAK,HepB3_coverage_pct,75.0
2017-12-31,PAK,MCV1_measles_coverage_pct,76.0
2017-12-31,PAN,BCG_coverage_pct,99.0
2017-12-31,PAN,DTP3_coverage_pct,81.0
2017-12-31,PAN,HepB3_coverage_pct,81.0
2017-12-31,PAN,MCV1_measles_coverage_pct,98.0
2017-12-31,PER,BCG_coverage_pct,92.0
2017-12-31,PER,DTP3_coverage_pct,89.0
2017-12-31,PER,HepB3_coverage_pct,89.0
2017-12-31,PER,MCV1_measles_coverage_pct,88.0
2017-12-31,PHL,BCG_coverage_pct,90.0
2017-12-31,PHL,DTP3_coverage_pct,84.0
2017-12-31,PHL,HepB3_coverage_pct,83.0
2017-12-31,PHL,MCV1_measles_coverage_pct,81.0
2017-12-31,PLW,DTP3_coverage_pct,97.0
2017-12-31,PLW,HepB3_coverage_pct,98.0
2017-12-31,PLW,MCV1_measles_coverage_pct,93.0
2017-12-31,PNG,BCG_coverage_pct,62.0
2017-12-31,PNG,DTP3_coverage_pct,36.0
2017-12-31,PNG,HepB3_coverage_pct,36.0
2017-12-31,PNG,MCV1_measles_coverage_pct,41.0
2017-12-31,POL,BCG_coverage_pct,92.0
2017-12-31,POL,DTP3_coverage_pct,96.0
2017-12-31,POL,HepB3_coverage_pct,93.0
2017-12-31,POL,MCV1_measles_coverage_pct,94.0
2017-12-31,PRK,BCG_coverage_pct,98.0
2017-12-31,PRK,DTP3_coverage_pct,97.0
2017-12-31,PRK,HepB3_coverage_pct,97.0
2017-12-31,PRK,MCV1_measles_coverage_pct,99.0
2017-12-31,PRT,DTP3_coverage_pct,98.0
2017-12-31,PRT,HepB3_coverage_pct,98.0
2017-12-31,PRT,MCV1_measles_coverage_pct,98.0
2017-12-31,PRY,BCG_coverage_pct,96.0
2017-12-31,PRY,DTP3_coverage_pct,91.0
2017-12-31,PRY,HepB3_coverage_pct,91.0
2017-12-31,PRY,MCV1_measles_coverage_pct,92.0
2017-12-31,PSE,BCG_coverage_pct,99.0
2017-12-31,PSE,DTP3_coverage_pct,99.0
2017-12-31,PSE,HepB3_coverage_pct,99.0
2017-12-31,PSE,MCV1_measles_coverage_pct,99.0
2017-12-31,QAT,BCG_coverage_pct,99.0
2017-12-31,QAT,DTP3_coverage_pct,97.0
2017-12-31,QAT,HepB3_coverage_pct,97.0
2017-12-31,QAT,MCV1_measles_coverage_pct,99.0
2017-12-31,ROU,BCG_coverage_pct,97.0
2017-12-31,ROU,DTP3_coverage_pct,82.0
2017-12-31,ROU,HepB3_coverage_pct,92.0
2017-12-31,ROU,MCV1_measles_coverage_pct,87.0
2017-12-31,RUS,BCG_coverage_pct,95.0
2017-12-31,RUS,DTP3_coverage_pct,97.0
2017-12-31,RUS,HepB3_coverage_pct,97.0
2017-12-31,RUS,MCV1_measles_coverage_pct,98.0
2017-12-31,RWA,BCG_coverage_pct,98.0
2017-12-31,RWA,DTP3_coverage_pct,98.0
2017-12-31,RWA,HepB3_coverage_pct,98.0
2017-12-31,RWA,MCV1_measles_coverage_pct,97.0
2017-12-31,SAU,BCG_coverage_pct,97.0
2017-12-31,SAU,DTP3_coverage_pct,98.0
2017-12-31,SAU,HepB3_coverage_pct,98.0
2017-12-31,SAU,MCV1_measles_coverage_pct,96.0
2017-12-31,SDN,BCG_coverage_pct,97.0
2017-12-31,SDN,DTP3_coverage_pct,95.0
2017-12-31,SDN,HepB3_coverage_pct,95.0
2017-12-31,SDN,MCV1_measles_coverage_pct,90.0
2017-12-31,SEN,BCG_coverage_pct,99.0
2017-12-31,SEN,DTP3_coverage_pct,93.0
2017-12-31,SEN,HepB3_coverage_pct,93.0
2017-12-31,SEN,MCV1_measles_coverage_pct,90.0
2017-12-31,SGP,BCG_coverage_pct,99.0
2017-12-31,SGP,DTP3_coverage_pct,96.0
2017-12-31,SGP,HepB3_coverage_pct,96.0
2017-12-31,SGP,MCV1_measles_coverage_pct,95.0
2017-12-31,SLB,BCG_coverage_pct,78.0
2017-12-31,SLB,DTP3_coverage_pct,83.0
2017-12-31,SLB,HepB3_coverage_pct,83.0
2017-12-31,SLB,MCV1_measles_coverage_pct,84.0
2017-12-31,SLE,BCG_coverage_pct,90.0
2017-12-31,SLE,DTP3_coverage_pct,90.0
2017-12-31,SLE,HepB3_coverage_pct,90.0
2017-12-31,SLE,MCV1_measles_coverage_pct,80.0
2017-12-31,SLV,BCG_coverage_pct,89.0
2017-12-31,SLV,DTP3_coverage_pct,92.0
2017-12-31,SLV,HepB3_coverage_pct,92.0
2017-12-31,SLV,MCV1_measles_coverage_pct,89.0
2017-12-31,SMR,DTP3_coverage_pct,88.0
2017-12-31,SMR,HepB3_coverage_pct,82.0
2017-12-31,SMR,MCV1_measles_coverage_pct,86.0
2017-12-31,SOM,BCG_coverage_pct,50.0
2017-12-31,SOM,DTP3_coverage_pct,51.0
2017-12-31,SOM,HepB3_coverage_pct,51.0
2017-12-31,SOM,MCV1_measles_coverage_pct,52.0
2017-12-31,SRB,BCG_coverage_pct,97.0
2017-12-31,SRB,DTP3_coverage_pct,95.0
2017-12-31,SRB,HepB3_coverage_pct,93.0
2017-12-31,SRB,MCV1_measles_coverage_pct,86.0
2017-12-31,SSD,BCG_coverage_pct,65.0
2017-12-31,SSD,DTP3_coverage_pct,52.0
2017-12-31,SSD,HepB3_coverage_pct,52.0
2017-12-31,SSD,MCV1_measles_coverage_pct,56.0
2017-12-31,STP,BCG_coverage_pct,94.0
2017-12-31,STP,DTP3_coverage_pct,95.0
2017-12-31,STP,HepB3_coverage_pct,95.0
2017-12-31,STP,MCV1_measles_coverage_pct,90.0
2017-12-31,SUR,DTP3_coverage_pct,67.0
2017-12-31,SUR,HepB3_coverage_pct,67.0
2017-12-31,SUR,MCV1_measles_coverage_pct,76.0
2017-12-31,SVK,BCG_coverage_pct,0.0
2017-12-31,SVK,DTP3_coverage_pct,96.0
2017-12-31,SVK,HepB3_coverage_pct,96.0
2017-12-31,SVK,MCV1_measles_coverage_pct,96.0
2017-12-31,SVN,DTP3_coverage_pct,94.0
2017-12-31,SVN,HepB3_coverage_pct,0.0
2017-12-31,SVN,MCV1_measles_coverage_pct,93.0
2017-12-31,SWE,BCG_coverage_pct,25.0
2017-12-31,SWE,DTP3_coverage_pct,97.0
2017-12-31,SWE,HepB3_coverage_pct,76.0
2017-12-31,SWE,MCV1_measles_coverage_pct,97.0
2017-12-31,SWZ,BCG_coverage_pct,98.0
2017-12-31,SWZ,DTP3_coverage_pct,90.0
2017-12-31,SWZ,HepB3_coverage_pct,90.0
2017-12-31,SWZ,MCV1_measles_coverage_pct,89.0
2017-12-31,SYC,BCG_coverage_pct,99.0
2017-12-31,SYC,DTP3_coverage_pct,97.0
2017-12-31,SYC,HepB3_coverage_pct,97.0
2017-12-31,SYC,MCV1_measles_coverage_pct,99.0
2017-12-31,SYR,BCG_coverage_pct,78.0
2017-12-31,SYR,DTP3_coverage_pct,61.0
2017-12-31,SYR,HepB3_coverage_pct,61.0
2017-12-31,SYR,MCV1_measles_coverage_pct,78.0
2017-12-31,TCD,BCG_coverage_pct,59.0
2017-12-31,TCD,DTP3_coverage_pct,41.0
2017-12-31,TCD,HepB3_coverage_pct,41.0
2017-12-31,TCD,MCV1_measles_coverage_pct,37.0
2017-12-31,TGO,BCG_coverage_pct,90.0
2017-12-31,TGO,DTP3_coverage_pct,84.0
2017-12-31,TGO,HepB3_coverage_pct,84.0
2017-12-31,TGO,MCV1_measles_coverage_pct,79.0
2017-12-31,THA,BCG_coverage_pct,99.0
2017-12-31,THA,DTP3_coverage_pct,99.0
2017-12-31,THA,HepB3_coverage_pct,99.0
2017-12-31,THA,MCV1_measles_coverage_pct,99.0
2017-12-31,TJK,BCG_coverage_pct,96.0
2017-12-31,TJK,DTP3_coverage_pct,90.0
2017-12-31,TJK,HepB3_coverage_pct,89.0
2017-12-31,TJK,MCV1_measles_coverage_pct,86.0
2017-12-31,TKM,BCG_coverage_pct,99.0
2017-12-31,TKM,DTP3_coverage_pct,99.0
2017-12-31,TKM,HepB3_coverage_pct,99.0
2017-12-31,TKM,MCV1_measles_coverage_pct,99.0
2017-12-31,TLS,BCG_coverage_pct,95.0
2017-12-31,TLS,DTP3_coverage_pct,83.0
2017-12-31,TLS,HepB3_coverage_pct,83.0
2017-12-31,TLS,MCV1_measles_coverage_pct,77.0
2017-12-31,TON,BCG_coverage_pct,99.0
2017-12-31,TON,DTP3_coverage_pct,99.0
2017-12-31,TON,HepB3_coverage_pct,99.0
2017-12-31,TON,MCV1_measles_coverage_pct,99.0
2017-12-31,TTO,DTP3_coverage_pct,90.0
2017-12-31,TTO,HepB3_coverage_pct,90.0
2017-12-31,TTO,MCV1_measles_coverage_pct,93.0
2017-12-31,TUN,BCG_coverage_pct,95.0
2017-12-31,TUN,DTP3_coverage_pct,98.0
2017-12-31,TUN,HepB3_coverage_pct,98.0
2017-12-31,TUN,MCV1_measles_coverage_pct,98.0
2017-12-31,TUR,BCG_coverage_pct,93.0
2017-12-31,TUR,DTP3_coverage_pct,96.0
2017-12-31,TUR,HepB3_coverage_pct,96.0
2017-12-31,TUR,MCV1_measles_coverage_pct,96.0
2017-12-31,TUV,BCG_coverage_pct,99.0
2017-12-31,TUV,DTP3_coverage_pct,96.0
2017-12-31,TUV,HepB3_coverage_pct,96.0
2017-12-31,TUV,MCV1_measles_coverage_pct,95.0
2017-12-31,TZA,BCG_coverage_pct,93.0
2017-12-31,TZA,DTP3_coverage_pct,90.0
2017-12-31,TZA,HepB3_coverage_pct,90.0
2017-12-31,TZA,MCV1_measles_coverage_pct,90.0
2017-12-31,UGA,BCG_coverage_pct,89.0
2017-12-31,UGA,DTP3_coverage_pct,94.0
2017-12-31,UGA,HepB3_coverage_pct,94.0
2017-12-31,UGA,MCV1_measles_coverage_pct,83.0
2017-12-31,UKR,BCG_coverage_pct,85.0
2017-12-31,UKR,DTP3_coverage_pct,50.0
2017-12-31,UKR,HepB3_coverage_pct,52.0
2017-12-31,UKR,MCV1_measles_coverage_pct,86.0
2017-12-31,URY,BCG_coverage_pct,98.0
2017-12-31,URY,DTP3_coverage_pct,93.0
2017-12-31,URY,HepB3_coverage_pct,93.0
2017-12-31,URY,MCV1_measles_coverage_pct,96.0
2017-12-31,USA,DTP3_coverage_pct,94.0
2017-12-31,USA,HepB3_coverage_pct,91.0
2017-12-31,USA,MCV1_measles_coverage_pct,91.0
2017-12-31,UZB,BCG_coverage_pct,99.0
2017-12-31,UZB,DTP3_coverage_pct,99.0
2017-12-31,UZB,HepB3_coverage_pct,99.0
2017-12-31,UZB,MCV1_measles_coverage_pct,99.0
2017-12-31,VCT,BCG_coverage_pct,99.0
2017-12-31,VCT,DTP3_coverage_pct,99.0
2017-12-31,VCT,HepB3_coverage_pct,99.0
2017-12-31,VCT,MCV1_measles_coverage_pct,99.0
2017-12-31,VEN,BCG_coverage_pct,94.0
2017-12-31,VEN,DTP3_coverage_pct,66.0
2017-12-31,VEN,HepB3_coverage_pct,66.0
2017-12-31,VEN,MCV1_measles_coverage_pct,96.0
2017-12-31,VNM,BCG_coverage_pct,97.0
2017-12-31,VNM,DTP3_coverage_pct,94.0
2017-12-31,VNM,HepB3_coverage_pct,94.0
2017-12-31,VNM,MCV1_measles_coverage_pct,97.0
2017-12-31,VUT,BCG_coverage_pct,95.0
2017-12-31,VUT,DTP3_coverage_pct,85.0
2017-12-31,VUT,HepB3_coverage_pct,85.0
2017-12-31,VUT,MCV1_measles_coverage_pct,80.0
2017-12-31,WSM,BCG_coverage_pct,89.0
2017-12-31,WSM,DTP3_coverage_pct,67.0
2017-12-31,WSM,HepB3_coverage_pct,67.0
2017-12-31,WSM,MCV1_measles_coverage_pct,67.0
2017-12-31,YEM,BCG_coverage_pct,59.0
2017-12-31,YEM,DTP3_coverage_pct,59.0
2017-12-31,YEM,HepB3_coverage_pct,59.0
2017-12-31,YEM,MCV1_measles_coverage_pct,56.0
2017-12-31,ZAF,BCG_coverage_pct,75.0
2017-12-31,ZAF,DTP3_coverage_pct,84.0
2017-12-31,ZAF,HepB3_coverage_pct,84.0
2017-12-31,ZAF,MCV1_measles_coverage_pct,81.0
2017-12-31,ZMB,BCG_coverage_pct,99.0
2017-12-31,ZMB,DTP3_coverage_pct,94.0
2017-12-31,ZMB,HepB3_coverage_pct,94.0
2017-12-31,ZMB,MCV1_measles_coverage_pct,96.0
2017-12-31,ZWE,BCG_coverage_pct,95.0
2017-12-31,ZWE,DTP3_coverage_pct,89.0
2017-12-31,ZWE,HepB3_coverage_pct,89.0
2017-12-31,ZWE,MCV1_measles_coverage_pct,90.0
2018-12-31,AFG,BCG_coverage_pct,82.0
2018-12-31,AFG,DTP3_coverage_pct,68.0
2018-12-31,AFG,HepB3_coverage_pct,68.0
2018-12-31,AFG,MCV1_measles_coverage_pct,66.0
2018-12-31,AGO,BCG_coverage_pct,74.0
2018-12-31,AGO,DTP3_coverage_pct,64.0
2018-12-31,AGO,HepB3_coverage_pct,64.0
2018-12-31,AGO,MCV1_measles_coverage_pct,56.0
2018-12-31,ALB,BCG_coverage_pct,99.0
2018-12-31,ALB,DTP3_coverage_pct,99.0
2018-12-31,ALB,HepB3_coverage_pct,99.0
2018-12-31,ALB,MCV1_measles_coverage_pct,94.0
2018-12-31,AND,DTP3_coverage_pct,99.0
2018-12-31,AND,HepB3_coverage_pct,98.0
2018-12-31,AND,MCV1_measles_coverage_pct,99.0
2018-12-31,ARE,BCG_coverage_pct,95.0
2018-12-31,ARE,DTP3_coverage_pct,99.0
2018-12-31,ARE,HepB3_coverage_pct,99.0
2018-12-31,ARE,MCV1_measles_coverage_pct,99.0
2018-12-31,ARG,BCG_coverage_pct,93.0
2018-12-31,ARG,DTP3_coverage_pct,86.0
2018-12-31,ARG,HepB3_coverage_pct,86.0
2018-12-31,ARG,MCV1_measles_coverage_pct,94.0
2018-12-31,ARM,BCG_coverage_pct,99.0
2018-12-31,ARM,DTP3_coverage_pct,92.0
2018-12-31,ARM,HepB3_coverage_pct,92.0
2018-12-31,ARM,MCV1_measles_coverage_pct,95.0
2018-12-31,ATG,DTP3_coverage_pct,95.0
2018-12-31,ATG,HepB3_coverage_pct,95.0
2018-12-31,ATG,MCV1_measles_coverage_pct,96.0
2018-12-31,AUS,DTP3_coverage_pct,95.0
2018-12-31,AUS,HepB3_coverage_pct,95.0
2018-12-31,AUS,MCV1_measles_coverage_pct,94.0
2018-12-31,AUT,DTP3_coverage_pct,82.0
2018-12-31,AUT,HepB3_coverage_pct,82.0
2018-12-31,AUT,MCV1_measles_coverage_pct,93.0
2018-12-31,AZE,BCG_coverage_pct,97.0
2018-12-31,AZE,DTP3_coverage_pct,74.0
2018-12-31,AZE,HepB3_coverage_pct,74.0
2018-12-31,AZE,MCV1_measles_coverage_pct,77.0
2018-12-31,BDI,BCG_coverage_pct,91.0
2018-12-31,BDI,DTP3_coverage_pct,90.0
2018-12-31,BDI,HepB3_coverage_pct,90.0
2018-12-31,BDI,MCV1_measles_coverage_pct,88.0
2018-12-31,BEL,DTP3_coverage_pct,98.0
2018-12-31,BEL,HepB3_coverage_pct,97.0
2018-12-31,BEL,MCV1_measles_coverage_pct,96.0
2018-12-31,BEN,BCG_coverage_pct,87.0
2018-12-31,BEN,DTP3_coverage_pct,74.0
2018-12-31,BEN,HepB3_coverage_pct,74.0
2018-12-31,BEN,MCV1_measles_coverage_pct,61.0
2018-12-31,BFA,BCG_coverage_pct,98.0
2018-12-31,BFA,DTP3_coverage_pct,91.0
2018-12-31,BFA,HepB3_coverage_pct,91.0
2018-12-31,BFA,MCV1_measles_coverage_pct,88.0
2018-12-31,BGD,BCG_coverage_pct,99.0
2018-12-31,BGD,DTP3_coverage_pct,98.0
2018-12-31,BGD,HepB3_coverage_pct,98.0
2018-12-31,BGD,MCV1_measles_coverage_pct,97.0
2018-12-31,BGR,BCG_coverage_pct,96.0
2018-12-31,BGR,DTP3_coverage_pct,92.0
2018-12-31,BGR,HepB3_coverage_pct,85.0
2018-12-31,BGR,MCV1_measles_coverage_pct,93.0
2018-12-31,BHR,DTP3_coverage_pct,99.0
2018-12-31,BHR,HepB3_coverage_pct,99.0
2018-12-31,BHR,MCV1_measles_coverage_pct,99.0
2018-12-31,BHS,DTP3_coverage_pct,90.0
2018-12-31,BHS,HepB3_coverage_pct,90.0
2018-12-31,BHS,MCV1_measles_coverage_pct,89.0
2018-12-31,BIH,BCG_coverage_pct,95.0
2018-12-31,BIH,DTP3_coverage_pct,73.0
2018-12-31,BIH,HepB3_coverage_pct,80.0
2018-12-31,BIH,MCV1_measles_coverage_pct,68.0
2018-12-31,BLR,BCG_coverage_pct,98.0
2018-12-31,BLR,DTP3_coverage_pct,97.0
2018-12-31,BLR,HepB3_coverage_pct,98.0
2018-12-31,BLR,MCV1_measles_coverage_pct,98.0
2018-12-31,BLZ,BCG_coverage_pct,99.0
2018-12-31,BLZ,DTP3_coverage_pct,96.0
2018-12-31,BLZ,HepB3_coverage_pct,96.0
2018-12-31,BLZ,MCV1_measles_coverage_pct,97.0
2018-12-31,BOL,BCG_coverage_pct,90.0
2018-12-31,BOL,DTP3_coverage_pct,83.0
2018-12-31,BOL,HepB3_coverage_pct,83.0
2018-12-31,BOL,MCV1_measles_coverage_pct,89.0
2018-12-31,BRA,BCG_coverage_pct,98.0
2018-12-31,BRA,DTP3_coverage_pct,87.0
2018-12-31,BRA,HepB3_coverage_pct,87.0
2018-12-31,BRA,MCV1_measles_coverage_pct,92.0
2018-12-31,BRB,DTP3_coverage_pct,95.0
2018-12-31,BRB,HepB3_coverage_pct,95.0
2018-12-31,BRB,MCV1_measles_coverage_pct,85.0
2018-12-31,BRN,BCG_coverage_pct,99.0
2018-12-31,BRN,DTP3_coverage_pct,99.0
2018-12-31,BRN,HepB3_coverage_pct,99.0
2018-12-31,BRN,MCV1_measles_coverage_pct,99.0
2018-12-31,BTN,BCG_coverage_pct,99.0
2018-12-31,BTN,DTP3_coverage_pct,97.0
2018-12-31,BTN,HepB3_coverage_pct,97.0
2018-12-31,BTN,MCV1_measles_coverage_pct,97.0
2018-12-31,BWA,BCG_coverage_pct,98.0
2018-12-31,BWA,DTP3_coverage_pct,95.0
2018-12-31,BWA,HepB3_coverage_pct,95.0
2018-12-31,BWA,MCV1_measles_coverage_pct,97.0
2018-12-31,CAF,BCG_coverage_pct,60.0
2018-12-31,CAF,DTP3_coverage_pct,40.0
2018-12-31,CAF,HepB3_coverage_pct,40.0
2018-12-31,CAF,MCV1_measles_coverage_pct,39.0
2018-12-31,CAN,DTP3_coverage_pct,91.0
2018-12-31,CAN,HepB3_coverage_pct,71.0
2018-12-31,CAN,MCV1_measles_coverage_pct,90.0
2018-12-31,CHE,DTP3_coverage_pct,96.0
2018-12-31,CHE,HepB3_coverage_pct,69.0
2018-12-31,CHE,MCV1_measles_coverage_pct,95.0
2018-12-31,CHL,BCG_coverage_pct,96.0
2018-12-31,CHL,DTP3_coverage_pct,95.0
2018-12-31,CHL,HepB3_coverage_pct,95.0
2018-12-31,CHL,MCV1_measles_coverage_pct,93.0
2018-12-31,CHN,BCG_coverage_pct,99.0
2018-12-31,CHN,DTP3_coverage_pct,99.0
2018-12-31,CHN,HepB3_coverage_pct,99.0
2018-12-31,CHN,MCV1_measles_coverage_pct,99.0
2018-12-31,CIV,BCG_coverage_pct,94.0
2018-12-31,CIV,DTP3_coverage_pct,84.0
2018-12-31,CIV,HepB3_coverage_pct,84.0
2018-12-31,CIV,MCV1_measles_coverage_pct,73.0
2018-12-31,CMR,BCG_coverage_pct,82.0
2018-12-31,CMR,DTP3_coverage_pct,68.0
2018-12-31,CMR,HepB3_coverage_pct,68.0
2018-12-31,CMR,MCV1_measles_coverage_pct,61.0
2018-12-31,COD,BCG_coverage_pct,86.0
2018-12-31,COD,DTP3_coverage_pct,71.0
2018-12-31,COD,HepB3_coverage_pct,71.0
2018-12-31,COD,MCV1_measles_coverage_pct,64.0
2018-12-31,COG,BCG_coverage_pct,81.0
2018-12-31,COG,DTP3_coverage_pct,75.0
2018-12-31,COG,HepB3_coverage_pct,75.0
2018-12-31,COG,MCV1_measles_coverage_pct,75.0
2018-12-31,COK,BCG_coverage_pct,99.0
2018-12-31,COK,DTP3_coverage_pct,99.0
2018-12-31,COK,HepB3_coverage_pct,99.0
2018-12-31,COK,MCV1_measles_coverage_pct,99.0
2018-12-31,COL,BCG_coverage_pct,89.0
2018-12-31,COL,DTP3_coverage_pct,92.0
2018-12-31,COL,HepB3_coverage_pct,92.0
2018-12-31,COL,MCV1_measles_coverage_pct,95.0
2018-12-31,COM,BCG_coverage_pct,84.0
2018-12-31,COM,DTP3_coverage_pct,77.0
2018-12-31,COM,HepB3_coverage_pct,77.0
2018-12-31,COM,MCV1_measles_coverage_pct,74.0
2018-12-31,CPV,BCG_coverage_pct,96.0
2018-12-31,CPV,DTP3_coverage_pct,98.0
2018-12-31,CPV,HepB3_coverage_pct,98.0
2018-12-31,CPV,MCV1_measles_coverage_pct,99.0
2018-12-31,CRI,BCG_coverage_pct,99.0
2018-12-31,CRI,DTP3_coverage_pct,94.0
2018-12-31,CRI,HepB3_coverage_pct,98.0
2018-12-31,CRI,MCV1_measles_coverage_pct,94.0
2018-12-31,CUB,BCG_coverage_pct,99.0
2018-12-31,CUB,DTP3_coverage_pct,99.0
2018-12-31,CUB,HepB3_coverage_pct,99.0
2018-12-31,CUB,MCV1_measles_coverage_pct,99.0
2018-12-31,CYP,DTP3_coverage_pct,99.0
2018-12-31,CYP,HepB3_coverage_pct,97.0
2018-12-31,CYP,MCV1_measles_coverage_pct,90.0
2018-12-31,CZE,DTP3_coverage_pct,97.0
2018-12-31,CZE,HepB3_coverage_pct,96.0
2018-12-31,CZE,MCV1_measles_coverage_pct,96.0
2018-12-31,DEU,DTP3_coverage_pct,91.0
2018-12-31,DEU,HepB3_coverage_pct,88.0
2018-12-31,DEU,MCV1_measles_coverage_pct,97.0
2018-12-31,DJI,BCG_coverage_pct,93.0
2018-12-31,DJI,DTP3_coverage_pct,84.0
2018-12-31,DJI,HepB3_coverage_pct,84.0
2018-12-31,DJI,MCV1_measles_coverage_pct,86.0
2018-12-31,DMA,BCG_coverage_pct,95.0
2018-12-31,DMA,DTP3_coverage_pct,94.0
2018-12-31,DMA,HepB3_coverage_pct,94.0
2018-12-31,DMA,MCV1_measles_coverage_pct,84.0
2018-12-31,DNK,DTP3_coverage_pct,97.0
2018-12-31,DNK,HepB3_coverage_pct,0.0
2018-12-31,DNK,MCV1_measles_coverage_pct,95.0
2018-12-31,DOM,BCG_coverage_pct,99.0
2018-12-31,DOM,DTP3_coverage_pct,87.0
2018-12-31,DOM,HepB3_coverage_pct,84.0
2018-12-31,DOM,MCV1_measles_coverage_pct,91.0
2018-12-31,DZA,BCG_coverage_pct,99.0
2018-12-31,DZA,DTP3_coverage_pct,91.0
2018-12-31,DZA,HepB3_coverage_pct,91.0
2018-12-31,DZA,MCV1_measles_coverage_pct,80.0
2018-12-31,ECU,BCG_coverage_pct,90.0
2018-12-31,ECU,DTP3_coverage_pct,85.0
2018-12-31,ECU,HepB3_coverage_pct,85.0
2018-12-31,ECU,MCV1_measles_coverage_pct,83.0
2018-12-31,EGY,BCG_coverage_pct,95.0
2018-12-31,EGY,DTP3_coverage_pct,95.0
2018-12-31,EGY,HepB3_coverage_pct,95.0
2018-12-31,EGY,MCV1_measles_coverage_pct,94.0
2018-12-31,ERI,BCG_coverage_pct,97.0
2018-12-31,ERI,DTP3_coverage_pct,95.0
2018-12-31,ERI,HepB3_coverage_pct,95.0
2018-12-31,ERI,MCV1_measles_coverage_pct,93.0
2018-12-31,ESP,DTP3_coverage_pct,96.0
2018-12-31,ESP,HepB3_coverage_pct,96.0
2018-12-31,ESP,MCV1_measles_coverage_pct,98.0
2018-12-31,EST,BCG_coverage_pct,92.0
2018-12-31,EST,DTP3_coverage_pct,92.0
2018-12-31,EST,HepB3_coverage_pct,93.0
2018-12-31,EST,MCV1_measles_coverage_pct,87.0
2018-12-31,ETH,BCG_coverage_pct,71.0
2018-12-31,ETH,DTP3_coverage_pct,68.0
2018-12-31,ETH,HepB3_coverage_pct,68.0
2018-12-31,ETH,MCV1_measles_coverage_pct,62.0
2018-12-31,FIN,DTP3_coverage_pct,91.0
2018-12-31,FIN,HepB3_coverage_pct,0.0
2018-12-31,FIN,MCV1_measles_coverage_pct,96.0
2018-12-31,FJI,BCG_coverage_pct,96.0
2018-12-31,FJI,DTP3_coverage_pct,94.0
2018-12-31,FJI,HepB3_coverage_pct,94.0
2018-12-31,FJI,MCV1_measles_coverage_pct,95.0
2018-12-31,FRA,DTP3_coverage_pct,95.0
2018-12-31,FRA,HepB3_coverage_pct,90.0
2018-12-31,FRA,MCV1_measles_coverage_pct,91.0
2018-12-31,FSM,BCG_coverage_pct,80.0
2018-12-31,FSM,DTP3_coverage_pct,75.0
2018-12-31,FSM,HepB3_coverage_pct,83.0
2018-12-31,FSM,MCV1_measles_coverage_pct,73.0
2018-12-31,GAB,BCG_coverage_pct,85.0
2018-12-31,GAB,DTP3_coverage_pct,70.0
2018-12-31,GAB,HepB3_coverage_pct,70.0
2018-12-31,GAB,MCV1_measles_coverage_pct,59.0
2018-12-31,GBR,DTP3_coverage_pct,94.0
2018-12-31,GBR,HepB3_coverage_pct,0.0
2018-12-31,GBR,MCV1_measles_coverage_pct,92.0
2018-12-31,GEO,BCG_coverage_pct,97.0
2018-12-31,GEO,DTP3_coverage_pct,93.0
2018-12-31,GEO,HepB3_coverage_pct,93.0
2018-12-31,GEO,MCV1_measles_coverage_pct,98.0
2018-12-31,GHA,BCG_coverage_pct,98.0
2018-12-31,GHA,DTP3_coverage_pct,97.0
2018-12-31,GHA,HepB3_coverage_pct,97.0
2018-12-31,GHA,MCV1_measles_coverage_pct,92.0
2018-12-31,GIN,BCG_coverage_pct,73.0
2018-12-31,GIN,DTP3_coverage_pct,51.0
2018-12-31,GIN,HepB3_coverage_pct,51.0
2018-12-31,GIN,MCV1_measles_coverage_pct,49.0
2018-12-31,GMB,BCG_coverage_pct,94.0
2018-12-31,GMB,DTP3_coverage_pct,93.0
2018-12-31,GMB,HepB3_coverage_pct,93.0
2018-12-31,GMB,MCV1_measles_coverage_pct,91.0
2018-12-31,GNB,BCG_coverage_pct,91.0
2018-12-31,GNB,DTP3_coverage_pct,85.0
2018-12-31,GNB,HepB3_coverage_pct,85.0
2018-12-31,GNB,MCV1_measles_coverage_pct,81.0
2018-12-31,GNQ,BCG_coverage_pct,86.0
2018-12-31,GNQ,DTP3_coverage_pct,59.0
2018-12-31,GNQ,HepB3_coverage_pct,59.0
2018-12-31,GNQ,MCV1_measles_coverage_pct,55.0
2018-12-31,GRC,DTP3_coverage_pct,99.0
2018-12-31,GRC,HepB3_coverage_pct,96.0
2018-12-31,GRC,MCV1_measles_coverage_pct,97.0
2018-12-31,GRD,DTP3_coverage_pct,95.0
2018-12-31,GRD,HepB3_coverage_pct,95.0
2018-12-31,GRD,MCV1_measles_coverage_pct,84.0
2018-12-31,GTM,BCG_coverage_pct,88.0
2018-12-31,GTM,DTP3_coverage_pct,85.0
2018-12-31,GTM,HepB3_coverage_pct,85.0
2018-12-31,GTM,MCV1_measles_coverage_pct,89.0
2018-12-31,GUY,BCG_coverage_pct,99.0
2018-12-31,GUY,DTP3_coverage_pct,95.0
2018-12-31,GUY,HepB3_coverage_pct,95.0
2018-12-31,GUY,MCV1_measles_coverage_pct,98.0
2018-12-31,HND,BCG_coverage_pct,93.0
2018-12-31,HND,DTP3_coverage_pct,91.0
2018-12-31,HND,HepB3_coverage_pct,91.0
2018-12-31,HND,MCV1_measles_coverage_pct,91.0
2018-12-31,HRV,BCG_coverage_pct,98.0
2018-12-31,HRV,DTP3_coverage_pct,93.0
2018-12-31,HRV,HepB3_coverage_pct,93.0
2018-12-31,HRV,MCV1_measles_coverage_pct,93.0
2018-12-31,HTI,BCG_coverage_pct,73.0
2018-12-31,HTI,DTP3_coverage_pct,57.0
2018-12-31,HTI,HepB3_coverage_pct,56.0
2018-12-31,HTI,MCV1_measles_coverage_pct,70.0
2018-12-31,HUN,BCG_coverage_pct,99.0
2018-12-31,HUN,DTP3_coverage_pct,99.0
2018-12-31,HUN,HepB3_coverage_pct,0.0
2018-12-31,HUN,MCV1_measles_coverage_pct,99.0
2018-12-31,IDN,BCG_coverage_pct,92.0
2018-12-31,IDN,DTP3_coverage_pct,85.0
2018-12-31,IDN,HepB3_coverage_pct,85.0
2018-12-31,IDN,MCV1_measles_coverage_pct,89.0
2018-12-31,IND,BCG_coverage_pct,92.0
2018-12-31,IND,DTP3_coverage_pct,90.0
2018-12-31,IND,HepB3_coverage_pct,90.0
2018-12-31,IND,MCV1_measles_coverage_pct,93.0
2018-12-31,IRL,DTP3_coverage_pct,94.0
2018-12-31,IRL,HepB3_coverage_pct,94.0
2018-12-31,IRL,MCV1_measles_coverage_pct,92.0
2018-12-31,IRN,BCG_coverage_pct,99.0
2018-12-31,IRN,DTP3_coverage_pct,99.0
2018-12-31,IRN,HepB3_coverage_pct,99.0
2018-12-31,IRN,MCV1_measles_coverage_pct,99.0
2018-12-31,IRQ,BCG_coverage_pct,95.0
2018-12-31,IRQ,DTP3_coverage_pct,86.0
2018-12-31,IRQ,HepB3_coverage_pct,86.0
2018-12-31,IRQ,MCV1_measles_coverage_pct,88.0
2018-12-31,ISL,DTP3_coverage_pct,91.0
2018-12-31,ISL,HepB3_coverage_pct,0.0
2018-12-31,ISL,MCV1_measles_coverage_pct,93.0
2018-12-31,ISR,DTP3_coverage_pct,98.0
2018-12-31,ISR,HepB3_coverage_pct,96.0
2018-12-31,ISR,MCV1_measles_coverage_pct,98.0
2018-12-31,ITA,DTP3_coverage_pct,95.0
2018-12-31,ITA,HepB3_coverage_pct,95.0
2018-12-31,ITA,MCV1_measles_coverage_pct,93.0
2018-12-31,JAM,BCG_coverage_pct,93.0
2018-12-31,JAM,DTP3_coverage_pct,97.0
2018-12-31,JAM,HepB3_coverage_pct,97.0
2018-12-31,JAM,MCV1_measles_coverage_pct,89.0
2018-12-31,JOR,BCG_coverage_pct,94.0
2018-12-31,JOR,DTP3_coverage_pct,96.0
2018-12-31,JOR,HepB3_coverage_pct,96.0
2018-12-31,JOR,MCV1_measles_coverage_pct,92.0
2018-12-31,JPN,BCG_coverage_pct,99.0
2018-12-31,JPN,DTP3_coverage_pct,98.0
2018-12-31,JPN,HepB3_coverage_pct,0.0
2018-12-31,JPN,MCV1_measles_coverage_pct,97.0
2018-12-31,KAZ,BCG_coverage_pct,91.0
2018-12-31,KAZ,DTP3_coverage_pct,79.0
2018-12-31,KAZ,HepB3_coverage_pct,79.0
2018-12-31,KAZ,MCV1_measles_coverage_pct,83.0
2018-12-31,KEN,BCG_coverage_pct,93.0
2018-12-31,KEN,DTP3_coverage_pct,91.0
2018-12-31,KEN,HepB3_coverage_pct,91.0
2018-12-31,KEN,MCV1_measles_coverage_pct,92.0
2018-12-31,KGZ,BCG_coverage_pct,97.0
2018-12-31,KGZ,DTP3_coverage_pct,94.0
2018-12-31,KGZ,HepB3_coverage_pct,94.0
2018-12-31,KGZ,MCV1_measles_coverage_pct,96.0
2018-12-31,KHM,BCG_coverage_pct,90.0
2018-12-31,KHM,DTP3_coverage_pct,89.0
2018-12-31,KHM,HepB3_coverage_pct,89.0
2018-12-31,KHM,MCV1_measles_coverage_pct,86.0
2018-12-31,KIR,BCG_coverage_pct,90.0
2018-12-31,KIR,DTP3_coverage_pct,95.0
2018-12-31,KIR,HepB3_coverage_pct,95.0
2018-12-31,KIR,MCV1_measles_coverage_pct,84.0
2018-12-31,KNA,BCG_coverage_pct,97.0
2018-12-31,KNA,DTP3_coverage_pct,98.0
2018-12-31,KNA,HepB3_coverage_pct,98.0
2018-12-31,KNA,MCV1_measles_coverage_pct,96.0
2018-12-31,KOR,BCG_coverage_pct,98.0
2018-12-31,KOR,DTP3_coverage_pct,98.0
2018-12-31,KOR,HepB3_coverage_pct,98.0
2018-12-31,KOR,MCV1_measles_coverage_pct,98.0
2018-12-31,KWT,BCG_coverage_pct,96.0
2018-12-31,KWT,DTP3_coverage_pct,91.0
2018-12-31,KWT,HepB3_coverage_pct,91.0
2018-12-31,KWT,MCV1_measles_coverage_pct,98.0
2018-12-31,LAO,BCG_coverage_pct,82.0
2018-12-31,LAO,DTP3_coverage_pct,75.0
2018-12-31,LAO,HepB3_coverage_pct,75.0
2018-12-31,LAO,MCV1_measles_coverage_pct,75.0
2018-12-31,LBN,DTP3_coverage_pct,83.0
2018-12-31,LBN,HepB3_coverage_pct,83.0
2018-12-31,LBN,MCV1_measles_coverage_pct,82.0
2018-12-31,LBR,BCG_coverage_pct,92.0
2018-12-31,LBR,DTP3_coverage_pct,81.0
2018-12-31,LBR,HepB3_coverage_pct,81.0
2018-12-31,LBR,MCV1_measles_coverage_pct,74.0
2018-12-31,LBY,BCG_coverage_pct,74.0
2018-12-31,LBY,DTP3_coverage_pct,73.0
2018-12-31,LBY,HepB3_coverage_pct,73.0
2018-12-31,LBY,MCV1_measles_coverage_pct,73.0
2018-12-31,LCA,BCG_coverage_pct,99.0
2018-12-31,LCA,DTP3_coverage_pct,95.0
2018-12-31,LCA,HepB3_coverage_pct,95.0
2018-12-31,LCA,MCV1_measles_coverage_pct,86.0
2018-12-31,LKA,BCG_coverage_pct,99.0
2018-12-31,LKA,DTP3_coverage_pct,99.0
2018-12-31,LKA,HepB3_coverage_pct,99.0
2018-12-31,LKA,MCV1_measles_coverage_pct,99.0
2018-12-31,LSO,BCG_coverage_pct,97.0
2018-12-31,LSO,DTP3_coverage_pct,90.0
2018-12-31,LSO,HepB3_coverage_pct,90.0
2018-12-31,LSO,MCV1_measles_coverage_pct,89.0
2018-12-31,LTU,BCG_coverage_pct,96.0
2018-12-31,LTU,DTP3_coverage_pct,92.0
2018-12-31,LTU,HepB3_coverage_pct,93.0
2018-12-31,LTU,MCV1_measles_coverage_pct,92.0
2018-12-31,LUX,DTP3_coverage_pct,99.0
2018-12-31,LUX,HepB3_coverage_pct,96.0
2018-12-31,LUX,MCV1_measles_coverage_pct,99.0
2018-12-31,LVA,BCG_coverage_pct,95.0
2018-12-31,LVA,DTP3_coverage_pct,96.0
2018-12-31,LVA,HepB3_coverage_pct,96.0
2018-12-31,LVA,MCV1_measles_coverage_pct,98.0
2018-12-31,MAR,BCG_coverage_pct,99.0
2018-12-31,MAR,DTP3_coverage_pct,99.0
2018-12-31,MAR,HepB3_coverage_pct,99.0
2018-12-31,MAR,MCV1_measles_coverage_pct,99.0
2018-12-31,MCO,DTP3_coverage_pct,99.0
2018-12-31,MCO,HepB3_coverage_pct,99.0
2018-12-31,MCO,MCV1_measles_coverage_pct,88.0
2018-12-31,MDA,BCG_coverage_pct,96.0
2018-12-31,MDA,DTP3_coverage_pct,93.0
2018-12-31,MDA,HepB3_coverage_pct,94.0
2018-12-31,MDA,MCV1_measles_coverage_pct,93.0
2018-12-31,MDG,BCG_coverage_pct,77.0
2018-12-31,MDG,DTP3_coverage_pct,74.0
2018-12-31,MDG,HepB3_coverage_pct,74.0
2018-12-31,MDG,MCV1_measles_coverage_pct,68.0
2018-12-31,MDV,BCG_coverage_pct,99.0
2018-12-31,MDV,DTP3_coverage_pct,98.0
2018-12-31,MDV,HepB3_coverage_pct,98.0
2018-12-31,MDV,MCV1_measles_coverage_pct,99.0
2018-12-31,MEX,BCG_coverage_pct,96.0
2018-12-31,MEX,DTP3_coverage_pct,88.0
2018-12-31,MEX,HepB3_coverage_pct,55.0
2018-12-31,MEX,MCV1_measles_coverage_pct,97.0
2018-12-31,MHL,BCG_coverage_pct,98.0
2018-12-31,MHL,DTP3_coverage_pct,81.0
2018-12-31,MHL,HepB3_coverage_pct,84.0
2018-12-31,MHL,MCV1_measles_coverage_pct,83.0
2018-12-31,MKD,BCG_coverage_pct,93.0
2018-12-31,MKD,DTP3_coverage_pct,93.0
2018-12-31,MKD,HepB3_coverage_pct,92.0
2018-12-31,MKD,MCV1_measles_coverage_pct,75.0
2018-12-31,MLI,BCG_coverage_pct,83.0
2018-12-31,MLI,DTP3_coverage_pct,76.0
2018-12-31,MLI,HepB3_coverage_pct,76.0
2018-12-31,MLI,MCV1_measles_coverage_pct,70.0
2018-12-31,MLT,DTP3_coverage_pct,97.0
2018-12-31,MLT,HepB3_coverage_pct,98.0
2018-12-31,MLT,MCV1_measles_coverage_pct,96.0
2018-12-31,MMR,BCG_coverage_pct,90.0
2018-12-31,MMR,DTP3_coverage_pct,91.0
2018-12-31,MMR,HepB3_coverage_pct,91.0
2018-12-31,MMR,MCV1_measles_coverage_pct,93.0
2018-12-31,MNE,BCG_coverage_pct,93.0
2018-12-31,MNE,DTP3_coverage_pct,86.0
2018-12-31,MNE,HepB3_coverage_pct,72.0
2018-12-31,MNE,MCV1_measles_coverage_pct,42.0
2018-12-31,MNG,BCG_coverage_pct,99.0
2018-12-31,MNG,DTP3_coverage_pct,99.0
2018-12-31,MNG,HepB3_coverage_pct,99.0
2018-12-31,MNG,MCV1_measles_coverage_pct,99.0
2018-12-31,MOZ,BCG_coverage_pct,93.0
2018-12-31,MOZ,DTP3_coverage_pct,85.0
2018-12-31,MOZ,HepB3_coverage_pct,85.0
2018-12-31,MOZ,MCV1_measles_coverage_pct,83.0
2018-12-31,MRT,BCG_coverage_pct,89.0
2018-12-31,MRT,DTP3_coverage_pct,77.0
2018-12-31,MRT,HepB3_coverage_pct,77.0
2018-12-31,MRT,MCV1_measles_coverage_pct,78.0
2018-12-31,MUS,BCG_coverage_pct,99.0
2018-12-31,MUS,DTP3_coverage_pct,97.0
2018-12-31,MUS,HepB3_coverage_pct,97.0
2018-12-31,MUS,MCV1_measles_coverage_pct,99.0
2018-12-31,MWI,BCG_coverage_pct,92.0
2018-12-31,MWI,DTP3_coverage_pct,92.0
2018-12-31,MWI,HepB3_coverage_pct,92.0
2018-12-31,MWI,MCV1_measles_coverage_pct,87.0
2018-12-31,MYS,BCG_coverage_pct,98.0
2018-12-31,MYS,DTP3_coverage_pct,99.0
2018-12-31,MYS,HepB3_coverage_pct,99.0
2018-12-31,MYS,MCV1_measles_coverage_pct,98.0
2018-12-31,NAM,BCG_coverage_pct,96.0
2018-12-31,NAM,DTP3_coverage_pct,89.0
2018-12-31,NAM,HepB3_coverage_pct,89.0
2018-12-31,NAM,MCV1_measles_coverage_pct,82.0
2018-12-31,NER,BCG_coverage_pct,87.0
2018-12-31,NER,DTP3_coverage_pct,79.0
2018-12-31,NER,HepB3_coverage_pct,79.0
2018-12-31,NER,MCV1_measles_coverage_pct,77.0
2018-12-31,NGA,BCG_coverage_pct,71.0
2018-12-31,NGA,DTP3_coverage_pct,61.0
2018-12-31,NGA,HepB3_coverage_pct,61.0
2018-12-31,NGA,MCV1_measles_coverage_pct,56.0
2018-12-31,NIC,BCG_coverage_pct,99.0
2018-12-31,NIC,DTP3_coverage_pct,99.0
2018-12-31,NIC,HepB3_coverage_pct,99.0
2018-12-31,NIC,MCV1_measles_coverage_pct,99.0
2018-12-31,NIU,BCG_coverage_pct,99.0
2018-12-31,NIU,DTP3_coverage_pct,99.0
2018-12-31,NIU,HepB3_coverage_pct,99.0
2018-12-31,NIU,MCV1_measles_coverage_pct,99.0
2018-12-31,NLD,DTP3_coverage_pct,93.0
2018-12-31,NLD,HepB3_coverage_pct,92.0
2018-12-31,NLD,MCV1_measles_coverage_pct,93.0
2018-12-31,NOR,DTP3_coverage_pct,96.0
2018-12-31,NOR,HepB3_coverage_pct,0.0
2018-12-31,NOR,MCV1_measles_coverage_pct,96.0
2018-12-31,NPL,BCG_coverage_pct,96.0
2018-12-31,NPL,DTP3_coverage_pct,91.0
2018-12-31,NPL,HepB3_coverage_pct,91.0
2018-12-31,NPL,MCV1_measles_coverage_pct,91.0
2018-12-31,NRU,BCG_coverage_pct,99.0
2018-12-31,NRU,DTP3_coverage_pct,90.0
2018-12-31,NRU,HepB3_coverage_pct,90.0
2018-12-31,NRU,MCV1_measles_coverage_pct,99.0
2018-12-31,NZL,DTP3_coverage_pct,93.0
2018-12-31,NZL,HepB3_coverage_pct,93.0
2018-12-31,NZL,MCV1_measles_coverage_pct,92.0
2018-12-31,OMN,BCG_coverage_pct,99.0
2018-12-31,OMN,DTP3_coverage_pct,99.0
2018-12-31,OMN,HepB3_coverage_pct,99.0
2018-12-31,OMN,MCV1_measles_coverage_pct,99.0
2018-12-31,PAK,BCG_coverage_pct,90.0
2018-12-31,PAK,DTP3_coverage_pct,80.0
2018-12-31,PAK,HepB3_coverage_pct,80.0
2018-12-31,PAK,MCV1_measles_coverage_pct,79.0
2018-12-31,PAN,BCG_coverage_pct,99.0
2018-12-31,PAN,DTP3_coverage_pct,88.0
2018-12-31,PAN,HepB3_coverage_pct,88.0
2018-12-31,PAN,MCV1_measles_coverage_pct,98.0
2018-12-31,PER,BCG_coverage_pct,94.0
2018-12-31,PER,DTP3_coverage_pct,89.0
2018-12-31,PER,HepB3_coverage_pct,89.0
2018-12-31,PER,MCV1_measles_coverage_pct,86.0
2018-12-31,PHL,BCG_coverage_pct,89.0
2018-12-31,PHL,DTP3_coverage_pct,84.0
2018-12-31,PHL,HepB3_coverage_pct,83.0
2018-12-31,PHL,MCV1_measles_coverage_pct,82.0
2018-12-31,PLW,DTP3_coverage_pct,95.0
2018-12-31,PLW,HepB3_coverage_pct,98.0
2018-12-31,PLW,MCV1_measles_coverage_pct,90.0
2018-12-31,PNG,BCG_coverage_pct,52.0
2018-12-31,PNG,DTP3_coverage_pct,35.0
2018-12-31,PNG,HepB3_coverage_pct,35.0
2018-12-31,PNG,MCV1_measles_coverage_pct,37.0
2018-12-31,POL,BCG_coverage_pct,91.0
2018-12-31,POL,DTP3_coverage_pct,95.0
2018-12-31,POL,HepB3_coverage_pct,91.0
2018-12-31,POL,MCV1_measles_coverage_pct,93.0
2018-12-31,PRK,BCG_coverage_pct,96.0
2018-12-31,PRK,DTP3_coverage_pct,97.0
2018-12-31,PRK,HepB3_coverage_pct,97.0
2018-12-31,PRK,MCV1_measles_coverage_pct,98.0
2018-12-31,PRT,DTP3_coverage_pct,99.0
2018-12-31,PRT,HepB3_coverage_pct,98.0
2018-12-31,PRT,MCV1_measles_coverage_pct,99.0
2018-12-31,PRY,BCG_coverage_pct,91.0
2018-12-31,PRY,DTP3_coverage_pct,88.0
2018-12-31,PRY,HepB3_coverage_pct,88.0
2018-12-31,PRY,MCV1_measles_coverage_pct,93.0
2018-12-31,PSE,BCG_coverage_pct,99.0
2018-12-31,PSE,DTP3_coverage_pct,99.0
2018-12-31,PSE,HepB3_coverage_pct,99.0
2018-12-31,PSE,MCV1_measles_coverage_pct,99.0
2018-12-31,QAT,BCG_coverage_pct,99.0
2018-12-31,QAT,DTP3_coverage_pct,98.0
2018-12-31,QAT,HepB3_coverage_pct,98.0
2018-12-31,QAT,MCV1_measles_coverage_pct,99.0
2018-12-31,ROU,BCG_coverage_pct,96.0
2018-12-31,ROU,DTP3_coverage_pct,86.0
2018-12-31,ROU,HepB3_coverage_pct,93.0
2018-12-31,ROU,MCV1_measles_coverage_pct,90.0
2018-12-31,RUS,BCG_coverage_pct,95.0
2018-12-31,RUS,DTP3_coverage_pct,97.0
2018-12-31,RUS,HepB3_coverage_pct,97.0
2018-12-31,RUS,MCV1_measles_coverage_pct,98.0
2018-12-31,RWA,BCG_coverage_pct,97.0
2018-12-31,RWA,DTP3_coverage_pct,97.0
2018-12-31,RWA,HepB3_coverage_pct,97.0
2018-12-31,RWA,MCV1_measles_coverage_pct,99.0
2018-12-31,SAU,BCG_coverage_pct,98.0
2018-12-31,SAU,DTP3_coverage_pct,96.0
2018-12-31,SAU,HepB3_coverage_pct,97.0
2018-12-31,SAU,MCV1_measles_coverage_pct,98.0
2018-12-31,SDN,BCG_coverage_pct,88.0
2018-12-31,SDN,DTP3_coverage_pct,93.0
2018-12-31,SDN,HepB3_coverage_pct,93.0
2018-12-31,SDN,MCV1_measles_coverage_pct,88.0
2018-12-31,SEN,BCG_coverage_pct,94.0
2018-12-31,SEN,DTP3_coverage_pct,92.0
2018-12-31,SEN,HepB3_coverage_pct,92.0
2018-12-31,SEN,MCV1_measles_coverage_pct,86.0
2018-12-31,SGP,BCG_coverage_pct,99.0
2018-12-31,SGP,DTP3_coverage_pct,97.0
2018-12-31,SGP,HepB3_coverage_pct,97.0
2018-12-31,SGP,MCV1_measles_coverage_pct,97.0
2018-12-31,SLB,BCG_coverage_pct,83.0
2018-12-31,SLB,DTP3_coverage_pct,85.0
2018-12-31,SLB,HepB3_coverage_pct,85.0
2018-12-31,SLB,MCV1_measles_coverage_pct,93.0
2018-12-31,SLE,BCG_coverage_pct,94.0
2018-12-31,SLE,DTP3_coverage_pct,93.0
2018-12-31,SLE,HepB3_coverage_pct,93.0
2018-12-31,SLE,MCV1_measles_coverage_pct,87.0
2018-12-31,SLV,BCG_coverage_pct,89.0
2018-12-31,SLV,DTP3_coverage_pct,89.0
2018-12-31,SLV,HepB3_coverage_pct,89.0
2018-12-31,SLV,MCV1_measles_coverage_pct,87.0
2018-12-31,SMR,DTP3_coverage_pct,90.0
2018-12-31,SMR,HepB3_coverage_pct,78.0
2018-12-31,SMR,MCV1_measles_coverage_pct,89.0
2018-12-31,SOM,BCG_coverage_pct,52.0
2018-12-31,SOM,DTP3_coverage_pct,53.0
2018-12-31,SOM,HepB3_coverage_pct,53.0
2018-12-31,SOM,MCV1_measles_coverage_pct,53.0
2018-12-31,SRB,BCG_coverage_pct,98.0
2018-12-31,SRB,DTP3_coverage_pct,97.0
2018-12-31,SRB,HepB3_coverage_pct,91.0
2018-12-31,SRB,MCV1_measles_coverage_pct,93.0
2018-12-31,SSD,BCG_coverage_pct,66.0
2018-12-31,SSD,DTP3_coverage_pct,59.0
2018-12-31,SSD,HepB3_coverage_pct,59.0
2018-12-31,SSD,MCV1_measles_coverage_pct,61.0
2018-12-31,STP,BCG_coverage_pct,96.0
2018-12-31,STP,DTP3_coverage_pct,95.0
2018-12-31,STP,HepB3_coverage_pct,95.0
2018-12-31,STP,MCV1_measles_coverage_pct,95.0
2018-12-31,SUR,DTP3_coverage_pct,81.0
2018-12-31,SUR,HepB3_coverage_pct,81.0
2018-12-31,SUR,MCV1_measles_coverage_pct,77.0
2018-12-31,SVK,BCG_coverage_pct,0.0
2018-12-31,SVK,DTP3_coverage_pct,97.0
2018-12-31,SVK,HepB3_coverage_pct,97.0
2018-12-31,SVK,MCV1_measles_coverage_pct,96.0
2018-12-31,SVN,DTP3_coverage_pct,93.0
2018-12-31,SVN,HepB3_coverage_pct,0.0
2018-12-31,SVN,MCV1_measles_coverage_pct,93.0
2018-12-31,SWE,BCG_coverage_pct,26.0
2018-12-31,SWE,DTP3_coverage_pct,97.0
2018-12-31,SWE,HepB3_coverage_pct,92.0
2018-12-31,SWE,MCV1_measles_coverage_pct,97.0
2018-12-31,SWZ,BCG_coverage_pct,98.0
2018-12-31,SWZ,DTP3_coverage_pct,90.0
2018-12-31,SWZ,HepB3_coverage_pct,90.0
2018-12-31,SWZ,MCV1_measles_coverage_pct,85.0
2018-12-31,SYC,BCG_coverage_pct,97.0
2018-12-31,SYC,DTP3_coverage_pct,99.0
2018-12-31,SYC,HepB3_coverage_pct,99.0
2018-12-31,SYC,MCV1_measles_coverage_pct,96.0
2018-12-31,SYR,BCG_coverage_pct,79.0
2018-12-31,SYR,DTP3_coverage_pct,60.0
2018-12-31,SYR,HepB3_coverage_pct,60.0
2018-12-31,SYR,MCV1_measles_coverage_pct,74.0
2018-12-31,TCD,BCG_coverage_pct,51.0
2018-12-31,TCD,DTP3_coverage_pct,47.0
2018-12-31,TCD,HepB3_coverage_pct,47.0
2018-12-31,TCD,MCV1_measles_coverage_pct,41.0
2018-12-31,TGO,BCG_coverage_pct,99.0
2018-12-31,TGO,DTP3_coverage_pct,84.0
2018-12-31,TGO,HepB3_coverage_pct,84.0
2018-12-31,TGO,MCV1_measles_coverage_pct,75.0
2018-12-31,THA,BCG_coverage_pct,99.0
2018-12-31,THA,DTP3_coverage_pct,97.0
2018-12-31,THA,HepB3_coverage_pct,97.0
2018-12-31,THA,MCV1_measles_coverage_pct,96.0
2018-12-31,TJK,BCG_coverage_pct,95.0
2018-12-31,TJK,DTP3_coverage_pct,88.0
2018-12-31,TJK,HepB3_coverage_pct,87.0
2018-12-31,TJK,MCV1_measles_coverage_pct,85.0
2018-12-31,TKM,BCG_coverage_pct,99.0
2018-12-31,TKM,DTP3_coverage_pct,99.0
2018-12-31,TKM,HepB3_coverage_pct,99.0
2018-12-31,TKM,MCV1_measles_coverage_pct,99.0
2018-12-31,TLS,BCG_coverage_pct,95.0
2018-12-31,TLS,DTP3_coverage_pct,83.0
2018-12-31,TLS,HepB3_coverage_pct,83.0
2018-12-31,TLS,MCV1_measles_coverage_pct,77.0
2018-12-31,TON,BCG_coverage_pct,99.0
2018-12-31,TON,DTP3_coverage_pct,99.0
2018-12-31,TON,HepB3_coverage_pct,99.0
2018-12-31,TON,MCV1_measles_coverage_pct,99.0
2018-12-31,TTO,DTP3_coverage_pct,99.0
2018-12-31,TTO,HepB3_coverage_pct,99.0
2018-12-31,TTO,MCV1_measles_coverage_pct,90.0
2018-12-31,TUN,BCG_coverage_pct,96.0
2018-12-31,TUN,DTP3_coverage_pct,97.0
2018-12-31,TUN,HepB3_coverage_pct,97.0
2018-12-31,TUN,MCV1_measles_coverage_pct,96.0
2018-12-31,TUR,BCG_coverage_pct,96.0
2018-12-31,TUR,DTP3_coverage_pct,98.0
2018-12-31,TUR,HepB3_coverage_pct,98.0
2018-12-31,TUR,MCV1_measles_coverage_pct,96.0
2018-12-31,TUV,BCG_coverage_pct,99.0
2018-12-31,TUV,DTP3_coverage_pct,89.0
2018-12-31,TUV,HepB3_coverage_pct,89.0
2018-12-31,TUV,MCV1_measles_coverage_pct,88.0
2018-12-31,TZA,BCG_coverage_pct,91.0
2018-12-31,TZA,DTP3_coverage_pct,89.0
2018-12-31,TZA,HepB3_coverage_pct,89.0
2018-12-31,TZA,MCV1_measles_coverage_pct,88.0
2018-12-31,UGA,BCG_coverage_pct,88.0
2018-12-31,UGA,DTP3_coverage_pct,93.0
2018-12-31,UGA,HepB3_coverage_pct,93.0
2018-12-31,UGA,MCV1_measles_coverage_pct,86.0
2018-12-31,UKR,BCG_coverage_pct,90.0
2018-12-31,UKR,DTP3_coverage_pct,69.0
2018-12-31,UKR,HepB3_coverage_pct,67.0
2018-12-31,UKR,MCV1_measles_coverage_pct,91.0
2018-12-31,URY,BCG_coverage_pct,98.0
2018-12-31,URY,DTP3_coverage_pct,91.0
2018-12-31,URY,HepB3_coverage_pct,91.0
2018-12-31,URY,MCV1_measles_coverage_pct,97.0
2018-12-31,USA,DTP3_coverage_pct,94.0
2018-12-31,USA,HepB3_coverage_pct,91.0
2018-12-31,USA,MCV1_measles_coverage_pct,92.0
2018-12-31,UZB,BCG_coverage_pct,96.0
2018-12-31,UZB,DTP3_coverage_pct,98.0
2018-12-31,UZB,HepB3_coverage_pct,98.0
2018-12-31,UZB,MCV1_measles_coverage_pct,96.0
2018-12-31,VCT,BCG_coverage_pct,99.0
2018-12-31,VCT,DTP3_coverage_pct,97.0
2018-12-31,VCT,HepB3_coverage_pct,97.0
2018-12-31,VCT,MCV1_measles_coverage_pct,99.0
2018-12-31,VEN,BCG_coverage_pct,92.0
2018-12-31,VEN,DTP3_coverage_pct,60.0
2018-12-31,VEN,HepB3_coverage_pct,60.0
2018-12-31,VEN,MCV1_measles_coverage_pct,74.0
2018-12-31,VNM,BCG_coverage_pct,95.0
2018-12-31,VNM,DTP3_coverage_pct,75.0
2018-12-31,VNM,HepB3_coverage_pct,75.0
2018-12-31,VNM,MCV1_measles_coverage_pct,97.0
2018-12-31,VUT,BCG_coverage_pct,94.0
2018-12-31,VUT,DTP3_coverage_pct,85.0
2018-12-31,VUT,HepB3_coverage_pct,85.0
2018-12-31,VUT,MCV1_measles_coverage_pct,75.0
2018-12-31,WSM,BCG_coverage_pct,68.0
2018-12-31,WSM,DTP3_coverage_pct,44.0
2018-12-31,WSM,HepB3_coverage_pct,44.0
2018-12-31,WSM,MCV1_measles_coverage_pct,40.0
2018-12-31,YEM,BCG_coverage_pct,55.0
2018-12-31,YEM,DTP3_coverage_pct,54.0
2018-12-31,YEM,HepB3_coverage_pct,54.0
2018-12-31,YEM,MCV1_measles_coverage_pct,53.0
2018-12-31,ZAF,BCG_coverage_pct,70.0
2018-12-31,ZAF,DTP3_coverage_pct,82.0
2018-12-31,ZAF,HepB3_coverage_pct,82.0
2018-12-31,ZAF,MCV1_measles_coverage_pct,81.0
2018-12-31,ZMB,BCG_coverage_pct,91.0
2018-12-31,ZMB,DTP3_coverage_pct,90.0
2018-12-31,ZMB,HepB3_coverage_pct,90.0
2018-12-31,ZMB,MCV1_measles_coverage_pct,94.0
2018-12-31,ZWE,BCG_coverage_pct,95.0
2018-12-31,ZWE,DTP3_coverage_pct,89.0
2018-12-31,ZWE,HepB3_coverage_pct,89.0
2018-12-31,ZWE,MCV1_measles_coverage_pct,88.0
2019-12-31,AFG,BCG_coverage_pct,74.0
2019-12-31,AFG,DTP3_coverage_pct,65.0
2019-12-31,AFG,HepB3_coverage_pct,65.0
2019-12-31,AFG,MCV1_measles_coverage_pct,57.0
2019-12-31,AGO,BCG_coverage_pct,72.0
2019-12-31,AGO,DTP3_coverage_pct,61.0
2019-12-31,AGO,HepB3_coverage_pct,61.0
2019-12-31,AGO,MCV1_measles_coverage_pct,59.0
2019-12-31,ALB,BCG_coverage_pct,99.0
2019-12-31,ALB,DTP3_coverage_pct,99.0
2019-12-31,ALB,HepB3_coverage_pct,99.0
2019-12-31,ALB,MCV1_measles_coverage_pct,95.0
2019-12-31,AND,DTP3_coverage_pct,99.0
2019-12-31,AND,HepB3_coverage_pct,98.0
2019-12-31,AND,MCV1_measles_coverage_pct,99.0
2019-12-31,ARE,BCG_coverage_pct,94.0
2019-12-31,ARE,DTP3_coverage_pct,99.0
2019-12-31,ARE,HepB3_coverage_pct,98.0
2019-12-31,ARE,MCV1_measles_coverage_pct,99.0
2019-12-31,ARG,BCG_coverage_pct,85.0
2019-12-31,ARG,DTP3_coverage_pct,83.0
2019-12-31,ARG,HepB3_coverage_pct,83.0
2019-12-31,ARG,MCV1_measles_coverage_pct,86.0
2019-12-31,ARM,BCG_coverage_pct,99.0
2019-12-31,ARM,DTP3_coverage_pct,92.0
2019-12-31,ARM,HepB3_coverage_pct,92.0
2019-12-31,ARM,MCV1_measles_coverage_pct,95.0
2019-12-31,ATG,DTP3_coverage_pct,99.0
2019-12-31,ATG,HepB3_coverage_pct,99.0
2019-12-31,ATG,MCV1_measles_coverage_pct,97.0
2019-12-31,AUS,DTP3_coverage_pct,95.0
2019-12-31,AUS,HepB3_coverage_pct,95.0
2019-12-31,AUS,MCV1_measles_coverage_pct,94.0
2019-12-31,AUT,DTP3_coverage_pct,84.0
2019-12-31,AUT,HepB3_coverage_pct,84.0
2019-12-31,AUT,MCV1_measles_coverage_pct,95.0
2019-12-31,AZE,BCG_coverage_pct,96.0
2019-12-31,AZE,DTP3_coverage_pct,73.0
2019-12-31,AZE,HepB3_coverage_pct,73.0
2019-12-31,AZE,MCV1_measles_coverage_pct,78.0
2019-12-31,BDI,BCG_coverage_pct,93.0
2019-12-31,BDI,DTP3_coverage_pct,93.0
2019-12-31,BDI,HepB3_coverage_pct,93.0
2019-12-31,BDI,MCV1_measles_coverage_pct,92.0
2019-12-31,BEL,DTP3_coverage_pct,97.0
2019-12-31,BEL,HepB3_coverage_pct,97.0
2019-12-31,BEL,MCV1_measles_coverage_pct,96.0
2019-12-31,BEN,BCG_coverage_pct,87.0
2019-12-31,BEN,DTP3_coverage_pct,72.0
2019-12-31,BEN,HepB3_coverage_pct,72.0
2019-12-31,BEN,MCV1_measles_coverage_pct,58.0
2019-12-31,BFA,BCG_coverage_pct,98.0
2019-12-31,BFA,DTP3_coverage_pct,91.0
2019-12-31,BFA,HepB3_coverage_pct,91.0
2019-12-31,BFA,MCV1_measles_coverage_pct,88.0
2019-12-31,BGD,BCG_coverage_pct,99.0
2019-12-31,BGD,DTP3_coverage_pct,98.0
2019-12-31,BGD,HepB3_coverage_pct,98.0
2019-12-31,BGD,MCV1_measles_coverage_pct,97.0
2019-12-31,BGR,BCG_coverage_pct,96.0
2019-12-31,BGR,DTP3_coverage_pct,93.0
2019-12-31,BGR,HepB3_coverage_pct,93.0
2019-12-31,BGR,MCV1_measles_coverage_pct,95.0
2019-12-31,BHR,DTP3_coverage_pct,99.0
2019-12-31,BHR,HepB3_coverage_pct,99.0
2019-12-31,BHR,MCV1_measles_coverage_pct,99.0
2019-12-31,BHS,DTP3_coverage_pct,89.0
2019-12-31,BHS,HepB3_coverage_pct,89.0
2019-12-31,BHS,MCV1_measles_coverage_pct,83.0
2019-12-31,BIH,BCG_coverage_pct,93.0
2019-12-31,BIH,DTP3_coverage_pct,80.0
2019-12-31,BIH,HepB3_coverage_pct,81.0
2019-12-31,BIH,MCV1_measles_coverage_pct,79.0
2019-12-31,BLR,BCG_coverage_pct,97.0
2019-12-31,BLR,DTP3_coverage_pct,98.0
2019-12-31,BLR,HepB3_coverage_pct,97.0
2019-12-31,BLR,MCV1_measles_coverage_pct,98.0
2019-12-31,BLZ,BCG_coverage_pct,95.0
2019-12-31,BLZ,DTP3_coverage_pct,98.0
2019-12-31,BLZ,HepB3_coverage_pct,98.0
2019-12-31,BLZ,MCV1_measles_coverage_pct,96.0
2019-12-31,BOL,BCG_coverage_pct,80.0
2019-12-31,BOL,DTP3_coverage_pct,75.0
2019-12-31,BOL,HepB3_coverage_pct,75.0
2019-12-31,BOL,MCV1_measles_coverage_pct,79.0
2019-12-31,BRA,BCG_coverage_pct,85.0
2019-12-31,BRA,DTP3_coverage_pct,70.0
2019-12-31,BRA,HepB3_coverage_pct,72.0
2019-12-31,BRA,MCV1_measles_coverage_pct,91.0
2019-12-31,BRB,DTP3_coverage_pct,90.0
2019-12-31,BRB,HepB3_coverage_pct,90.0
2019-12-31,BRB,MCV1_measles_coverage_pct,92.0
2019-12-31,BRN,BCG_coverage_pct,99.0
2019-12-31,BRN,DTP3_coverage_pct,99.0
2019-12-31,BRN,HepB3_coverage_pct,99.0
2019-12-31,BRN,MCV1_measles_coverage_pct,97.0
2019-12-31,BTN,BCG_coverage_pct,92.0
2019-12-31,BTN,DTP3_coverage_pct,97.0
2019-12-31,BTN,HepB3_coverage_pct,97.0
2019-12-31,BTN,MCV1_measles_coverage_pct,97.0
2019-12-31,BWA,BCG_coverage_pct,98.0
2019-12-31,BWA,DTP3_coverage_pct,95.0
2019-12-31,BWA,HepB3_coverage_pct,95.0
2019-12-31,BWA,MCV1_measles_coverage_pct,97.0
2019-12-31,CAF,BCG_coverage_pct,58.0
2019-12-31,CAF,DTP3_coverage_pct,38.0
2019-12-31,CAF,HepB3_coverage_pct,38.0
2019-12-31,CAF,MCV1_measles_coverage_pct,37.0
2019-12-31,CAN,DTP3_coverage_pct,91.0
2019-12-31,CAN,HepB3_coverage_pct,84.0
2019-12-31,CAN,MCV1_measles_coverage_pct,90.0
2019-12-31,CHE,DTP3_coverage_pct,96.0
2019-12-31,CHE,HepB3_coverage_pct,69.0
2019-12-31,CHE,MCV1_measles_coverage_pct,95.0
2019-12-31,CHL,BCG_coverage_pct,98.0
2019-12-31,CHL,DTP3_coverage_pct,96.0
2019-12-31,CHL,HepB3_coverage_pct,96.0
2019-12-31,CHL,MCV1_measles_coverage_pct,95.0
2019-12-31,CHN,BCG_coverage_pct,99.0
2019-12-31,CHN,DTP3_coverage_pct,99.0
2019-12-31,CHN,HepB3_coverage_pct,99.0
2019-12-31,CHN,MCV1_measles_coverage_pct,99.0
2019-12-31,CIV,BCG_coverage_pct,93.0
2019-12-31,CIV,DTP3_coverage_pct,79.0
2019-12-31,CIV,HepB3_coverage_pct,79.0
2019-12-31,CIV,MCV1_measles_coverage_pct,72.0
2019-12-31,CMR,BCG_coverage_pct,78.0
2019-12-31,CMR,DTP3_coverage_pct,67.0
2019-12-31,CMR,HepB3_coverage_pct,67.0
2019-12-31,CMR,MCV1_measles_coverage_pct,61.0
2019-12-31,COD,BCG_coverage_pct,84.0
2019-12-31,COD,DTP3_coverage_pct,73.0
2019-12-31,COD,HepB3_coverage_pct,73.0
2019-12-31,COD,MCV1_measles_coverage_pct,65.0
2019-12-31,COG,BCG_coverage_pct,80.0
2019-12-31,COG,DTP3_coverage_pct,79.0
2019-12-31,COG,HepB3_coverage_pct,79.0
2019-12-31,COG,MCV1_measles_coverage_pct,73.0
2019-12-31,COK,BCG_coverage_pct,99.0
2019-12-31,COK,DTP3_coverage_pct,98.0
2019-12-31,COK,HepB3_coverage_pct,98.0
2019-12-31,COK,MCV1_measles_coverage_pct,99.0
2019-12-31,COL,BCG_coverage_pct,90.0
2019-12-31,COL,DTP3_coverage_pct,94.0
2019-12-31,COL,HepB3_coverage_pct,92.0
2019-12-31,COL,MCV1_measles_coverage_pct,95.0
2019-12-31,COM,BCG_coverage_pct,87.0
2019-12-31,COM,DTP3_coverage_pct,78.0
2019-12-31,COM,HepB3_coverage_pct,78.0
2019-12-31,COM,MCV1_measles_coverage_pct,76.0
2019-12-31,CPV,BCG_coverage_pct,97.0
2019-12-31,CPV,DTP3_coverage_pct,96.0
2019-12-31,CPV,HepB3_coverage_pct,96.0
2019-12-31,CPV,MCV1_measles_coverage_pct,98.0
2019-12-31,CRI,BCG_coverage_pct,99.0
2019-12-31,CRI,DTP3_coverage_pct,95.0
2019-12-31,CRI,HepB3_coverage_pct,94.0
2019-12-31,CRI,MCV1_measles_coverage_pct,95.0
2019-12-31,CUB,BCG_coverage_pct,99.0
2019-12-31,CUB,DTP3_coverage_pct,99.0
2019-12-31,CUB,HepB3_coverage_pct,99.0
2019-12-31,CUB,MCV1_measles_coverage_pct,99.0
2019-12-31,CYP,DTP3_coverage_pct,96.0
2019-12-31,CYP,HepB3_coverage_pct,94.0
2019-12-31,CYP,MCV1_measles_coverage_pct,86.0
2019-12-31,CZE,DTP3_coverage_pct,97.0
2019-12-31,CZE,HepB3_coverage_pct,97.0
2019-12-31,CZE,MCV1_measles_coverage_pct,92.0
2019-12-31,DEU,DTP3_coverage_pct,91.0
2019-12-31,DEU,HepB3_coverage_pct,88.0
2019-12-31,DEU,MCV1_measles_coverage_pct,97.0
2019-12-31,DJI,BCG_coverage_pct,95.0
2019-12-31,DJI,DTP3_coverage_pct,85.0
2019-12-31,DJI,HepB3_coverage_pct,85.0
2019-12-31,DJI,MCV1_measles_coverage_pct,83.0
2019-12-31,DMA,BCG_coverage_pct,98.0
2019-12-31,DMA,DTP3_coverage_pct,99.0
2019-12-31,DMA,HepB3_coverage_pct,99.0
2019-12-31,DMA,MCV1_measles_coverage_pct,92.0
2019-12-31,DNK,DTP3_coverage_pct,97.0
2019-12-31,DNK,HepB3_coverage_pct,0.0
2019-12-31,DNK,MCV1_measles_coverage_pct,96.0
2019-12-31,DOM,BCG_coverage_pct,99.0
2019-12-31,DOM,DTP3_coverage_pct,89.0
2019-12-31,DOM,HepB3_coverage_pct,87.0
2019-12-31,DOM,MCV1_measles_coverage_pct,96.0
2019-12-31,DZA,BCG_coverage_pct,99.0
2019-12-31,DZA,DTP3_coverage_pct,88.0
2019-12-31,DZA,HepB3_coverage_pct,88.0
2019-12-31,DZA,MCV1_measles_coverage_pct,80.0
2019-12-31,ECU,BCG_coverage_pct,86.0
2019-12-31,ECU,DTP3_coverage_pct,85.0
2019-12-31,ECU,HepB3_coverage_pct,85.0
2019-12-31,ECU,MCV1_measles_coverage_pct,83.0
2019-12-31,EGY,BCG_coverage_pct,96.0
2019-12-31,EGY,DTP3_coverage_pct,95.0
2019-12-31,EGY,HepB3_coverage_pct,95.0
2019-12-31,EGY,MCV1_measles_coverage_pct,95.0
2019-12-31,ERI,BCG_coverage_pct,97.0
2019-12-31,ERI,DTP3_coverage_pct,95.0
2019-12-31,ERI,HepB3_coverage_pct,95.0
2019-12-31,ERI,MCV1_measles_coverage_pct,93.0
2019-12-31,ESP,DTP3_coverage_pct,95.0
2019-12-31,ESP,HepB3_coverage_pct,95.0
2019-12-31,ESP,MCV1_measles_coverage_pct,98.0
2019-12-31,EST,BCG_coverage_pct,92.0
2019-12-31,EST,DTP3_coverage_pct,91.0
2019-12-31,EST,HepB3_coverage_pct,91.0
2019-12-31,EST,MCV1_measles_coverage_pct,88.0
2019-12-31,ETH,BCG_coverage_pct,68.0
2019-12-31,ETH,DTP3_coverage_pct,70.0
2019-12-31,ETH,HepB3_coverage_pct,70.0
2019-12-31,ETH,MCV1_measles_coverage_pct,65.0
2019-12-31,FIN,DTP3_coverage_pct,91.0
2019-12-31,FIN,HepB3_coverage_pct,0.0
2019-12-31,FIN,MCV1_measles_coverage_pct,96.0
2019-12-31,FJI,BCG_coverage_pct,97.0
2019-12-31,FJI,DTP3_coverage_pct,97.0
2019-12-31,FJI,HepB3_coverage_pct,97.0
2019-12-31,FJI,MCV1_measles_coverage_pct,94.0
2019-12-31,FRA,DTP3_coverage_pct,95.0
2019-12-31,FRA,HepB3_coverage_pct,92.0
2019-12-31,FRA,MCV1_measles_coverage_pct,92.0
2019-12-31,FSM,BCG_coverage_pct,77.0
2019-12-31,FSM,DTP3_coverage_pct,78.0
2019-12-31,FSM,HepB3_coverage_pct,84.0
2019-12-31,FSM,MCV1_measles_coverage_pct,78.0
2019-12-31,GAB,BCG_coverage_pct,89.0
2019-12-31,GAB,DTP3_coverage_pct,70.0
2019-12-31,GAB,HepB3_coverage_pct,70.0
2019-12-31,GAB,MCV1_measles_coverage_pct,62.0
2019-12-31,GBR,DTP3_coverage_pct,93.0
2019-12-31,GBR,HepB3_coverage_pct,93.0
2019-12-31,GBR,MCV1_measles_coverage_pct,91.0
2019-12-31,GEO,BCG_coverage_pct,96.0
2019-12-31,GEO,DTP3_coverage_pct,94.0
2019-12-31,GEO,HepB3_coverage_pct,94.0
2019-12-31,GEO,MCV1_measles_coverage_pct,99.0
2019-12-31,GHA,BCG_coverage_pct,96.0
2019-12-31,GHA,DTP3_coverage_pct,97.0
2019-12-31,GHA,HepB3_coverage_pct,97.0
2019-12-31,GHA,MCV1_measles_coverage_pct,92.0
2019-12-31,GIN,BCG_coverage_pct,73.0
2019-12-31,GIN,DTP3_coverage_pct,53.0
2019-12-31,GIN,HepB3_coverage_pct,53.0
2019-12-31,GIN,MCV1_measles_coverage_pct,50.0
2019-12-31,GMB,BCG_coverage_pct,88.0
2019-12-31,GMB,DTP3_coverage_pct,88.0
2019-12-31,GMB,HepB3_coverage_pct,88.0
2019-12-31,GMB,MCV1_measles_coverage_pct,85.0
2019-12-31,GNB,BCG_coverage_pct,88.0
2019-12-31,GNB,DTP3_coverage_pct,84.0
2019-12-31,GNB,HepB3_coverage_pct,84.0
2019-12-31,GNB,MCV1_measles_coverage_pct,83.0
2019-12-31,GNQ,BCG_coverage_pct,87.0
2019-12-31,GNQ,DTP3_coverage_pct,62.0
2019-12-31,GNQ,HepB3_coverage_pct,62.0
2019-12-31,GNQ,MCV1_measles_coverage_pct,57.0
2019-12-31,GRC,DTP3_coverage_pct,99.0
2019-12-31,GRC,HepB3_coverage_pct,96.0
2019-12-31,GRC,MCV1_measles_coverage_pct,97.0
2019-12-31,GRD,DTP3_coverage_pct,94.0
2019-12-31,GRD,HepB3_coverage_pct,94.0
2019-12-31,GRD,MCV1_measles_coverage_pct,94.0
2019-12-31,GTM,BCG_coverage_pct,90.0
2019-12-31,GTM,DTP3_coverage_pct,88.0
2019-12-31,GTM,HepB3_coverage_pct,88.0
2019-12-31,GTM,MCV1_measles_coverage_pct,90.0
2019-12-31,GUY,BCG_coverage_pct,99.0
2019-12-31,GUY,DTP3_coverage_pct,99.0
2019-12-31,GUY,HepB3_coverage_pct,99.0
2019-12-31,GUY,MCV1_measles_coverage_pct,98.0
2019-12-31,HND,BCG_coverage_pct,92.0
2019-12-31,HND,DTP3_coverage_pct,90.0
2019-12-31,HND,HepB3_coverage_pct,90.0
2019-12-31,HND,MCV1_measles_coverage_pct,90.0
2019-12-31,HRV,BCG_coverage_pct,98.0
2019-12-31,HRV,DTP3_coverage_pct,94.0
2019-12-31,HRV,HepB3_coverage_pct,93.0
2019-12-31,HRV,MCV1_measles_coverage_pct,93.0
2019-12-31,HTI,BCG_coverage_pct,73.0
2019-12-31,HTI,DTP3_coverage_pct,54.0
2019-12-31,HTI,HepB3_coverage_pct,54.0
2019-12-31,HTI,MCV1_measles_coverage_pct,74.0
2019-12-31,HUN,BCG_coverage_pct,99.0
2019-12-31,HUN,DTP3_coverage_pct,99.0
2019-12-31,HUN,HepB3_coverage_pct,0.0
2019-12-31,HUN,MCV1_measles_coverage_pct,99.0
2019-12-31,IDN,BCG_coverage_pct,90.0
2019-12-31,IDN,DTP3_coverage_pct,85.0
2019-12-31,IDN,HepB3_coverage_pct,85.0
2019-12-31,IDN,MCV1_measles_coverage_pct,88.0
2019-12-31,IND,BCG_coverage_pct,92.0
2019-12-31,IND,DTP3_coverage_pct,91.0
2019-12-31,IND,HepB3_coverage_pct,91.0
2019-12-31,IND,MCV1_measles_coverage_pct,95.0
2019-12-31,IRL,DTP3_coverage_pct,94.0
2019-12-31,IRL,HepB3_coverage_pct,93.0
2019-12-31,IRL,MCV1_measles_coverage_pct,91.0
2019-12-31,IRN,BCG_coverage_pct,99.0
2019-12-31,IRN,DTP3_coverage_pct,99.0
2019-12-31,IRN,HepB3_coverage_pct,99.0
2019-12-31,IRN,MCV1_measles_coverage_pct,99.0
2019-12-31,IRQ,BCG_coverage_pct,98.0
2019-12-31,IRQ,DTP3_coverage_pct,84.0
2019-12-31,IRQ,HepB3_coverage_pct,84.0
2019-12-31,IRQ,MCV1_measles_coverage_pct,86.0
2019-12-31,ISL,DTP3_coverage_pct,93.0
2019-12-31,ISL,HepB3_coverage_pct,0.0
2019-12-31,ISL,MCV1_measles_coverage_pct,93.0
2019-12-31,ISR,DTP3_coverage_pct,98.0
2019-12-31,ISR,HepB3_coverage_pct,97.0
2019-12-31,ISR,MCV1_measles_coverage_pct,99.0
2019-12-31,ITA,DTP3_coverage_pct,96.0
2019-12-31,ITA,HepB3_coverage_pct,95.0
2019-12-31,ITA,MCV1_measles_coverage_pct,94.0
2019-12-31,JAM,BCG_coverage_pct,97.0
2019-12-31,JAM,DTP3_coverage_pct,96.0
2019-12-31,JAM,HepB3_coverage_pct,96.0
2019-12-31,JAM,MCV1_measles_coverage_pct,94.0
2019-12-31,JOR,BCG_coverage_pct,86.0
2019-12-31,JOR,DTP3_coverage_pct,89.0
2019-12-31,JOR,HepB3_coverage_pct,89.0
2019-12-31,JOR,MCV1_measles_coverage_pct,87.0
2019-12-31,JPN,BCG_coverage_pct,97.0
2019-12-31,JPN,DTP3_coverage_pct,98.0
2019-12-31,JPN,HepB3_coverage_pct,99.0
2019-12-31,JPN,MCV1_measles_coverage_pct,96.0
2019-12-31,KAZ,BCG_coverage_pct,81.0
2019-12-31,KAZ,DTP3_coverage_pct,73.0
2019-12-31,KAZ,HepB3_coverage_pct,72.0
2019-12-31,KAZ,MCV1_measles_coverage_pct,79.0
2019-12-31,KEN,BCG_coverage_pct,96.0
2019-12-31,KEN,DTP3_coverage_pct,93.0
2019-12-31,KEN,HepB3_coverage_pct,93.0
2019-12-31,KEN,MCV1_measles_coverage_pct,92.0
2019-12-31,KGZ,BCG_coverage_pct,96.0
2019-12-31,KGZ,DTP3_coverage_pct,95.0
2019-12-31,KGZ,HepB3_coverage_pct,95.0
2019-12-31,KGZ,MCV1_measles_coverage_pct,96.0
2019-12-31,KHM,BCG_coverage_pct,95.0
2019-12-31,KHM,DTP3_coverage_pct,88.0
2019-12-31,KHM,HepB3_coverage_pct,88.0
2019-12-31,KHM,MCV1_measles_coverage_pct,87.0
2019-12-31,KIR,BCG_coverage_pct,92.0
2019-12-31,KIR,DTP3_coverage_pct,97.0
2019-12-31,KIR,HepB3_coverage_pct,97.0
2019-12-31,KIR,MCV1_measles_coverage_pct,94.0
2019-12-31,KNA,BCG_coverage_pct,99.0
2019-12-31,KNA,DTP3_coverage_pct,97.0
2019-12-31,KNA,HepB3_coverage_pct,97.0
2019-12-31,KNA,MCV1_measles_coverage_pct,97.0
2019-12-31,KOR,BCG_coverage_pct,98.0
2019-12-31,KOR,DTP3_coverage_pct,98.0
2019-12-31,KOR,HepB3_coverage_pct,98.0
2019-12-31,KOR,MCV1_measles_coverage_pct,98.0
2019-12-31,KWT,BCG_coverage_pct,97.0
2019-12-31,KWT,DTP3_coverage_pct,92.0
2019-12-31,KWT,HepB3_coverage_pct,92.0
2019-12-31,KWT,MCV1_measles_coverage_pct,97.0
2019-12-31,LAO,BCG_coverage_pct,70.0
2019-12-31,LAO,DTP3_coverage_pct,66.0
2019-12-31,LAO,HepB3_coverage_pct,66.0
2019-12-31,LAO,MCV1_measles_coverage_pct,70.0
2019-12-31,LBN,DTP3_coverage_pct,83.0
2019-12-31,LBN,HepB3_coverage_pct,83.0
2019-12-31,LBN,MCV1_measles_coverage_pct,82.0
2019-12-31,LBR,BCG_coverage_pct,84.0
2019-12-31,LBR,DTP3_coverage_pct,71.0
2019-12-31,LBR,HepB3_coverage_pct,71.0
2019-12-31,LBR,MCV1_measles_coverage_pct,68.0
2019-12-31,LBY,BCG_coverage_pct,74.0
2019-12-31,LBY,DTP3_coverage_pct,73.0
2019-12-31,LBY,HepB3_coverage_pct,73.0
2019-12-31,LBY,MCV1_measles_coverage_pct,73.0
2019-12-31,LCA,BCG_coverage_pct,95.0
2019-12-31,LCA,DTP3_coverage_pct,92.0
2019-12-31,LCA,HepB3_coverage_pct,92.0
2019-12-31,LCA,MCV1_measles_coverage_pct,96.0
2019-12-31,LKA,BCG_coverage_pct,99.0
2019-12-31,LKA,DTP3_coverage_pct,99.0
2019-12-31,LKA,HepB3_coverage_pct,99.0
2019-12-31,LKA,MCV1_measles_coverage_pct,99.0
2019-12-31,LSO,BCG_coverage_pct,98.0
2019-12-31,LSO,DTP3_coverage_pct,92.0
2019-12-31,LSO,HepB3_coverage_pct,92.0
2019-12-31,LSO,MCV1_measles_coverage_pct,90.0
2019-12-31,LTU,BCG_coverage_pct,96.0
2019-12-31,LTU,DTP3_coverage_pct,92.0
2019-12-31,LTU,HepB3_coverage_pct,92.0
2019-12-31,LTU,MCV1_measles_coverage_pct,93.0
2019-12-31,LUX,DTP3_coverage_pct,99.0
2019-12-31,LUX,HepB3_coverage_pct,96.0
2019-12-31,LUX,MCV1_measles_coverage_pct,96.0
2019-12-31,LVA,BCG_coverage_pct,96.0
2019-12-31,LVA,DTP3_coverage_pct,99.0
2019-12-31,LVA,HepB3_coverage_pct,99.0
2019-12-31,LVA,MCV1_measles_coverage_pct,99.0
2019-12-31,MAR,BCG_coverage_pct,99.0
2019-12-31,MAR,DTP3_coverage_pct,99.0
2019-12-31,MAR,HepB3_coverage_pct,99.0
2019-12-31,MAR,MCV1_measles_coverage_pct,99.0
2019-12-31,MCO,DTP3_coverage_pct,99.0
2019-12-31,MCO,HepB3_coverage_pct,99.0
2019-12-31,MCO,MCV1_measles_coverage_pct,88.0
2019-12-31,MDA,BCG_coverage_pct,94.0
2019-12-31,MDA,DTP3_coverage_pct,91.0
2019-12-31,MDA,HepB3_coverage_pct,94.0
2019-12-31,MDA,MCV1_measles_coverage_pct,97.0
2019-12-31,MDG,BCG_coverage_pct,79.0
2019-12-31,MDG,DTP3_coverage_pct,69.0
2019-12-31,MDG,HepB3_coverage_pct,69.0
2019-12-31,MDG,MCV1_measles_coverage_pct,60.0
2019-12-31,MDV,BCG_coverage_pct,99.0
2019-12-31,MDV,DTP3_coverage_pct,98.0
2019-12-31,MDV,HepB3_coverage_pct,98.0
2019-12-31,MDV,MCV1_measles_coverage_pct,99.0
2019-12-31,MEX,BCG_coverage_pct,76.0
2019-12-31,MEX,DTP3_coverage_pct,82.0
2019-12-31,MEX,HepB3_coverage_pct,56.0
2019-12-31,MEX,MCV1_measles_coverage_pct,73.0
2019-12-31,MHL,BCG_coverage_pct,89.0
2019-12-31,MHL,DTP3_coverage_pct,79.0
2019-12-31,MHL,HepB3_coverage_pct,82.0
2019-12-31,MHL,MCV1_measles_coverage_pct,85.0
2019-12-31,MKD,BCG_coverage_pct,93.0
2019-12-31,MKD,DTP3_coverage_pct,91.0
2019-12-31,MKD,HepB3_coverage_pct,91.0
2019-12-31,MKD,MCV1_measles_coverage_pct,75.0
2019-12-31,MLI,BCG_coverage_pct,83.0
2019-12-31,MLI,DTP3_coverage_pct,76.0
2019-12-31,MLI,HepB3_coverage_pct,76.0
2019-12-31,MLI,MCV1_measles_coverage_pct,71.0
2019-12-31,MLT,DTP3_coverage_pct,98.0
2019-12-31,MLT,HepB3_coverage_pct,98.0
2019-12-31,MLT,MCV1_measles_coverage_pct,96.0
2019-12-31,MMR,BCG_coverage_pct,91.0
2019-12-31,MMR,DTP3_coverage_pct,90.0
2019-12-31,MMR,HepB3_coverage_pct,90.0
2019-12-31,MMR,MCV1_measles_coverage_pct,84.0
2019-12-31,MNE,BCG_coverage_pct,80.0
2019-12-31,MNE,DTP3_coverage_pct,87.0
2019-12-31,MNE,HepB3_coverage_pct,68.0
2019-12-31,MNE,MCV1_measles_coverage_pct,37.0
2019-12-31,MNG,BCG_coverage_pct,99.0
2019-12-31,MNG,DTP3_coverage_pct,98.0
2019-12-31,MNG,HepB3_coverage_pct,98.0
2019-12-31,MNG,MCV1_measles_coverage_pct,98.0
2019-12-31,MOZ,BCG_coverage_pct,93.0
2019-12-31,MOZ,DTP3_coverage_pct,85.0
2019-12-31,MOZ,HepB3_coverage_pct,85.0
2019-12-31,MOZ,MCV1_measles_coverage_pct,83.0
2019-12-31,MRT,BCG_coverage_pct,90.0
2019-12-31,MRT,DTP3_coverage_pct,80.0
2019-12-31,MRT,HepB3_coverage_pct,80.0
2019-12-31,MRT,MCV1_measles_coverage_pct,75.0
2019-12-31,MUS,BCG_coverage_pct,99.0
2019-12-31,MUS,DTP3_coverage_pct,96.0
2019-12-31,MUS,HepB3_coverage_pct,97.0
2019-12-31,MUS,MCV1_measles_coverage_pct,99.0
2019-12-31,MWI,BCG_coverage_pct,94.0
2019-12-31,MWI,DTP3_coverage_pct,95.0
2019-12-31,MWI,HepB3_coverage_pct,95.0
2019-12-31,MWI,MCV1_measles_coverage_pct,92.0
2019-12-31,MYS,BCG_coverage_pct,99.0
2019-12-31,MYS,DTP3_coverage_pct,98.0
2019-12-31,MYS,HepB3_coverage_pct,97.0
2019-12-31,MYS,MCV1_measles_coverage_pct,97.0
2019-12-31,NAM,BCG_coverage_pct,98.0
2019-12-31,NAM,DTP3_coverage_pct,87.0
2019-12-31,NAM,HepB3_coverage_pct,87.0
2019-12-31,NAM,MCV1_measles_coverage_pct,80.0
2019-12-31,NER,BCG_coverage_pct,70.0
2019-12-31,NER,DTP3_coverage_pct,81.0
2019-12-31,NER,HepB3_coverage_pct,81.0
2019-12-31,NER,MCV1_measles_coverage_pct,79.0
2019-12-31,NGA,BCG_coverage_pct,75.0
2019-12-31,NGA,DTP3_coverage_pct,66.0
2019-12-31,NGA,HepB3_coverage_pct,66.0
2019-12-31,NGA,MCV1_measles_coverage_pct,58.0
2019-12-31,NIC,BCG_coverage_pct,99.0
2019-12-31,NIC,DTP3_coverage_pct,99.0
2019-12-31,NIC,HepB3_coverage_pct,99.0
2019-12-31,NIC,MCV1_measles_coverage_pct,99.0
2019-12-31,NIU,BCG_coverage_pct,99.0
2019-12-31,NIU,DTP3_coverage_pct,99.0
2019-12-31,NIU,HepB3_coverage_pct,99.0
2019-12-31,NIU,MCV1_measles_coverage_pct,99.0
2019-12-31,NLD,DTP3_coverage_pct,94.0
2019-12-31,NLD,HepB3_coverage_pct,92.0
2019-12-31,NLD,MCV1_measles_coverage_pct,94.0
2019-12-31,NOR,DTP3_coverage_pct,97.0
2019-12-31,NOR,HepB3_coverage_pct,96.0
2019-12-31,NOR,MCV1_measles_coverage_pct,97.0
2019-12-31,NPL,BCG_coverage_pct,96.0
2019-12-31,NPL,DTP3_coverage_pct,93.0
2019-12-31,NPL,HepB3_coverage_pct,93.0
2019-12-31,NPL,MCV1_measles_coverage_pct,92.0
2019-12-31,NRU,BCG_coverage_pct,99.0
2019-12-31,NRU,DTP3_coverage_pct,96.0
2019-12-31,NRU,HepB3_coverage_pct,96.0
2019-12-31,NRU,MCV1_measles_coverage_pct,95.0
2019-12-31,NZL,DTP3_coverage_pct,92.0
2019-12-31,NZL,HepB3_coverage_pct,92.0
2019-12-31,NZL,MCV1_measles_coverage_pct,92.0
2019-12-31,OMN,BCG_coverage_pct,99.0
2019-12-31,OMN,DTP3_coverage_pct,99.0
2019-12-31,OMN,HepB3_coverage_pct,99.0
2019-12-31,OMN,MCV1_measles_coverage_pct,99.0
2019-12-31,PAK,BCG_coverage_pct,93.0
2019-12-31,PAK,DTP3_coverage_pct,84.0
2019-12-31,PAK,HepB3_coverage_pct,84.0
2019-12-31,PAK,MCV1_measles_coverage_pct,81.0
2019-12-31,PAN,BCG_coverage_pct,99.0
2019-12-31,PAN,DTP3_coverage_pct,88.0
2019-12-31,PAN,HepB3_coverage_pct,88.0
2019-12-31,PAN,MCV1_measles_coverage_pct,97.0
2019-12-31,PER,BCG_coverage_pct,94.0
2019-12-31,PER,DTP3_coverage_pct,88.0
2019-12-31,PER,HepB3_coverage_pct,88.0
2019-12-31,PER,MCV1_measles_coverage_pct,85.0
2019-12-31,PHL,BCG_coverage_pct,89.0
2019-12-31,PHL,DTP3_coverage_pct,84.0
2019-12-31,PHL,HepB3_coverage_pct,82.0
2019-12-31,PHL,MCV1_measles_coverage_pct,83.0
2019-12-31,PLW,DTP3_coverage_pct,97.0
2019-12-31,PLW,HepB3_coverage_pct,98.0
2019-12-31,PLW,MCV1_measles_coverage_pct,97.0
2019-12-31,PNG,BCG_coverage_pct,45.0
2019-12-31,PNG,DTP3_coverage_pct,35.0
2019-12-31,PNG,HepB3_coverage_pct,35.0
2019-12-31,PNG,MCV1_measles_coverage_pct,37.0
2019-12-31,POL,BCG_coverage_pct,91.0
2019-12-31,POL,DTP3_coverage_pct,95.0
2019-12-31,POL,HepB3_coverage_pct,91.0
2019-12-31,POL,MCV1_measles_coverage_pct,93.0
2019-12-31,PRK,BCG_coverage_pct,96.0
2019-12-31,PRK,DTP3_coverage_pct,97.0
2019-12-31,PRK,HepB3_coverage_pct,97.0
2019-12-31,PRK,MCV1_measles_coverage_pct,99.0
2019-12-31,PRT,DTP3_coverage_pct,99.0
2019-12-31,PRT,HepB3_coverage_pct,98.0
2019-12-31,PRT,MCV1_measles_coverage_pct,99.0
2019-12-31,PRY,BCG_coverage_pct,87.0
2019-12-31,PRY,DTP3_coverage_pct,86.0
2019-12-31,PRY,HepB3_coverage_pct,86.0
2019-12-31,PRY,MCV1_measles_coverage_pct,87.0
2019-12-31,PSE,BCG_coverage_pct,99.0
2019-12-31,PSE,DTP3_coverage_pct,99.0
2019-12-31,PSE,HepB3_coverage_pct,99.0
2019-12-31,PSE,MCV1_measles_coverage_pct,99.0
2019-12-31,QAT,BCG_coverage_pct,99.0
2019-12-31,QAT,DTP3_coverage_pct,98.0
2019-12-31,QAT,HepB3_coverage_pct,98.0
2019-12-31,QAT,MCV1_measles_coverage_pct,99.0
2019-12-31,ROU,BCG_coverage_pct,96.0
2019-12-31,ROU,DTP3_coverage_pct,88.0
2019-12-31,ROU,HepB3_coverage_pct,90.0
2019-12-31,ROU,MCV1_measles_coverage_pct,90.0
2019-12-31,RUS,BCG_coverage_pct,96.0
2019-12-31,RUS,DTP3_coverage_pct,97.0
2019-12-31,RUS,HepB3_coverage_pct,97.0
2019-12-31,RUS,MCV1_measles_coverage_pct,98.0
2019-12-31,RWA,BCG_coverage_pct,98.0
2019-12-31,RWA,DTP3_coverage_pct,98.0
2019-12-31,RWA,HepB3_coverage_pct,98.0
2019-12-31,RWA,MCV1_measles_coverage_pct,96.0
2019-12-31,SAU,BCG_coverage_pct,52.0
2019-12-31,SAU,DTP3_coverage_pct,96.0
2019-12-31,SAU,HepB3_coverage_pct,96.0
2019-12-31,SAU,MCV1_measles_coverage_pct,95.0
2019-12-31,SDN,BCG_coverage_pct,92.0
2019-12-31,SDN,DTP3_coverage_pct,93.0
2019-12-31,SDN,HepB3_coverage_pct,93.0
2019-12-31,SDN,MCV1_measles_coverage_pct,90.0
2019-12-31,SEN,BCG_coverage_pct,93.0
2019-12-31,SEN,DTP3_coverage_pct,91.0
2019-12-31,SEN,HepB3_coverage_pct,91.0
2019-12-31,SEN,MCV1_measles_coverage_pct,86.0
2019-12-31,SGP,BCG_coverage_pct,99.0
2019-12-31,SGP,DTP3_coverage_pct,97.0
2019-12-31,SGP,HepB3_coverage_pct,97.0
2019-12-31,SGP,MCV1_measles_coverage_pct,96.0
2019-12-31,SLB,BCG_coverage_pct,77.0
2019-12-31,SLB,DTP3_coverage_pct,94.0
2019-12-31,SLB,HepB3_coverage_pct,94.0
2019-12-31,SLB,MCV1_measles_coverage_pct,81.0
2019-12-31,SLE,BCG_coverage_pct,98.0
2019-12-31,SLE,DTP3_coverage_pct,95.0
2019-12-31,SLE,HepB3_coverage_pct,95.0
2019-12-31,SLE,MCV1_measles_coverage_pct,93.0
2019-12-31,SLV,BCG_coverage_pct,93.0
2019-12-31,SLV,DTP3_coverage_pct,96.0
2019-12-31,SLV,HepB3_coverage_pct,96.0
2019-12-31,SLV,MCV1_measles_coverage_pct,96.0
2019-12-31,SMR,DTP3_coverage_pct,88.0
2019-12-31,SMR,HepB3_coverage_pct,87.0
2019-12-31,SMR,MCV1_measles_coverage_pct,86.0
2019-12-31,SOM,BCG_coverage_pct,58.0
2019-12-31,SOM,DTP3_coverage_pct,57.0
2019-12-31,SOM,HepB3_coverage_pct,57.0
2019-12-31,SOM,MCV1_measles_coverage_pct,52.0
2019-12-31,SRB,BCG_coverage_pct,98.0
2019-12-31,SRB,DTP3_coverage_pct,97.0
2019-12-31,SRB,HepB3_coverage_pct,94.0
2019-12-31,SRB,MCV1_measles_coverage_pct,87.0
2019-12-31,SSD,BCG_coverage_pct,66.0
2019-12-31,SSD,DTP3_coverage_pct,61.0
2019-12-31,SSD,HepB3_coverage_pct,61.0
2019-12-31,SSD,MCV1_measles_coverage_pct,65.0
2019-12-31,STP,BCG_coverage_pct,95.0
2019-12-31,STP,DTP3_coverage_pct,95.0
2019-12-31,STP,HepB3_coverage_pct,95.0
2019-12-31,STP,MCV1_measles_coverage_pct,95.0
2019-12-31,SUR,DTP3_coverage_pct,77.0
2019-12-31,SUR,HepB3_coverage_pct,77.0
2019-12-31,SUR,MCV1_measles_coverage_pct,64.0
2019-12-31,SVK,BCG_coverage_pct,0.0
2019-12-31,SVK,DTP3_coverage_pct,97.0
2019-12-31,SVK,HepB3_coverage_pct,97.0
2019-12-31,SVK,MCV1_measles_coverage_pct,96.0
2019-12-31,SVN,DTP3_coverage_pct,95.0
2019-12-31,SVN,HepB3_coverage_pct,0.0
2019-12-31,SVN,MCV1_measles_coverage_pct,94.0
2019-12-31,SWE,BCG_coverage_pct,25.0
2019-12-31,SWE,DTP3_coverage_pct,98.0
2019-12-31,SWE,HepB3_coverage_pct,97.0
2019-12-31,SWE,MCV1_measles_coverage_pct,97.0
2019-12-31,SWZ,BCG_coverage_pct,98.0
2019-12-31,SWZ,DTP3_coverage_pct,90.0
2019-12-31,SWZ,HepB3_coverage_pct,90.0
2019-12-31,SWZ,MCV1_measles_coverage_pct,81.0
2019-12-31,SYC,BCG_coverage_pct,98.0
2019-12-31,SYC,DTP3_coverage_pct,99.0
2019-12-31,SYC,HepB3_coverage_pct,99.0
2019-12-31,SYC,MCV1_measles_coverage_pct,99.0
2019-12-31,SYR,BCG_coverage_pct,84.0
2019-12-31,SYR,DTP3_coverage_pct,67.0
2019-12-31,SYR,HepB3_coverage_pct,67.0
2019-12-31,SYR,MCV1_measles_coverage_pct,76.0
2019-12-31,TCD,BCG_coverage_pct,75.0
2019-12-31,TCD,DTP3_coverage_pct,53.0
2019-12-31,TCD,HepB3_coverage_pct,53.0
2019-12-31,TCD,MCV1_measles_coverage_pct,40.0
2019-12-31,TGO,BCG_coverage_pct,99.0
2019-12-31,TGO,DTP3_coverage_pct,88.0
2019-12-31,TGO,HepB3_coverage_pct,88.0
2019-12-31,TGO,MCV1_measles_coverage_pct,81.0
2019-12-31,THA,BCG_coverage_pct,99.0
2019-12-31,THA,DTP3_coverage_pct,97.0
2019-12-31,THA,HepB3_coverage_pct,97.0
2019-12-31,THA,MCV1_measles_coverage_pct,96.0
2019-12-31,TJK,BCG_coverage_pct,95.0
2019-12-31,TJK,DTP3_coverage_pct,88.0
2019-12-31,TJK,HepB3_coverage_pct,88.0
2019-12-31,TJK,MCV1_measles_coverage_pct,83.0
2019-12-31,TKM,BCG_coverage_pct,98.0
2019-12-31,TKM,DTP3_coverage_pct,99.0
2019-12-31,TKM,HepB3_coverage_pct,99.0
2019-12-31,TKM,MCV1_measles_coverage_pct,99.0
2019-12-31,TLS,BCG_coverage_pct,93.0
2019-12-31,TLS,DTP3_coverage_pct,83.0
2019-12-31,TLS,HepB3_coverage_pct,83.0
2019-12-31,TLS,MCV1_measles_coverage_pct,75.0
2019-12-31,TON,BCG_coverage_pct,99.0
2019-12-31,TON,DTP3_coverage_pct,99.0
2019-12-31,TON,HepB3_coverage_pct,99.0
2019-12-31,TON,MCV1_measles_coverage_pct,99.0
2019-12-31,TTO,DTP3_coverage_pct,93.0
2019-12-31,TTO,HepB3_coverage_pct,93.0
2019-12-31,TTO,MCV1_measles_coverage_pct,99.0
2019-12-31,TUN,BCG_coverage_pct,95.0
2019-12-31,TUN,DTP3_coverage_pct,98.0
2019-12-31,TUN,HepB3_coverage_pct,98.0
2019-12-31,TUN,MCV1_measles_coverage_pct,98.0
2019-12-31,TUR,BCG_coverage_pct,96.0
2019-12-31,TUR,DTP3_coverage_pct,99.0
2019-12-31,TUR,HepB3_coverage_pct,99.0
2019-12-31,TUR,MCV1_measles_coverage_pct,97.0
2019-12-31,TUV,BCG_coverage_pct,99.0
2019-12-31,TUV,DTP3_coverage_pct,92.0
2019-12-31,TUV,HepB3_coverage_pct,92.0
2019-12-31,TUV,MCV1_measles_coverage_pct,96.0
2019-12-31,TZA,BCG_coverage_pct,92.0
2019-12-31,TZA,DTP3_coverage_pct,91.0
2019-12-31,TZA,HepB3_coverage_pct,91.0
2019-12-31,TZA,MCV1_measles_coverage_pct,89.0
2019-12-31,UGA,BCG_coverage_pct,88.0
2019-12-31,UGA,DTP3_coverage_pct,93.0
2019-12-31,UGA,HepB3_coverage_pct,93.0
2019-12-31,UGA,MCV1_measles_coverage_pct,87.0
2019-12-31,UKR,BCG_coverage_pct,84.0
2019-12-31,UKR,DTP3_coverage_pct,80.0
2019-12-31,UKR,HepB3_coverage_pct,77.0
2019-12-31,UKR,MCV1_measles_coverage_pct,93.0
2019-12-31,URY,BCG_coverage_pct,99.0
2019-12-31,URY,DTP3_coverage_pct,94.0
2019-12-31,URY,HepB3_coverage_pct,94.0
2019-12-31,URY,MCV1_measles_coverage_pct,96.0
2019-12-31,USA,DTP3_coverage_pct,94.0
2019-12-31,USA,HepB3_coverage_pct,91.0
2019-12-31,USA,MCV1_measles_coverage_pct,90.0
2019-12-31,UZB,BCG_coverage_pct,99.0
2019-12-31,UZB,DTP3_coverage_pct,96.0
2019-12-31,UZB,HepB3_coverage_pct,96.0
2019-12-31,UZB,MCV1_measles_coverage_pct,98.0
2019-12-31,VCT,BCG_coverage_pct,99.0
2019-12-31,VCT,DTP3_coverage_pct,97.0
2019-12-31,VCT,HepB3_coverage_pct,98.0
2019-12-31,VCT,MCV1_measles_coverage_pct,99.0
2019-12-31,VEN,BCG_coverage_pct,91.0
2019-12-31,VEN,DTP3_coverage_pct,64.0
2019-12-31,VEN,HepB3_coverage_pct,64.0
2019-12-31,VEN,MCV1_measles_coverage_pct,93.0
2019-12-31,VNM,BCG_coverage_pct,96.0
2019-12-31,VNM,DTP3_coverage_pct,89.0
2019-12-31,VNM,HepB3_coverage_pct,89.0
2019-12-31,VNM,MCV1_measles_coverage_pct,95.0
2019-12-31,VUT,BCG_coverage_pct,97.0
2019-12-31,VUT,DTP3_coverage_pct,90.0
2019-12-31,VUT,HepB3_coverage_pct,90.0
2019-12-31,VUT,MCV1_measles_coverage_pct,80.0
2019-12-31,WSM,BCG_coverage_pct,96.0
2019-12-31,WSM,DTP3_coverage_pct,68.0
2019-12-31,WSM,HepB3_coverage_pct,68.0
2019-12-31,WSM,MCV1_measles_coverage_pct,96.0
2019-12-31,YEM,BCG_coverage_pct,59.0
2019-12-31,YEM,DTP3_coverage_pct,60.0
2019-12-31,YEM,HepB3_coverage_pct,60.0
2019-12-31,YEM,MCV1_measles_coverage_pct,54.0
2019-12-31,ZAF,BCG_coverage_pct,84.0
2019-12-31,ZAF,DTP3_coverage_pct,85.0
2019-12-31,ZAF,HepB3_coverage_pct,85.0
2019-12-31,ZAF,MCV1_measles_coverage_pct,83.0
2019-12-31,ZMB,BCG_coverage_pct,95.0
2019-12-31,ZMB,DTP3_coverage_pct,88.0
2019-12-31,ZMB,HepB3_coverage_pct,88.0
2019-12-31,ZMB,MCV1_measles_coverage_pct,93.0
2019-12-31,ZWE,BCG_coverage_pct,95.0
2019-12-31,ZWE,DTP3_coverage_pct,90.0
2019-12-31,ZWE,HepB3_coverage_pct,90.0
2019-12-31,ZWE,MCV1_measles_coverage_pct,85.0
2020-12-31,AFG,BCG_coverage_pct,72.0
2020-12-31,AFG,DTP3_coverage_pct,61.0
2020-12-31,AFG,HepB3_coverage_pct,61.0
2020-12-31,AFG,MCV1_measles_coverage_pct,57.0
2020-12-31,AGO,BCG_coverage_pct,62.0
2020-12-31,AGO,DTP3_coverage_pct,55.0
2020-12-31,AGO,HepB3_coverage_pct,55.0
2020-12-31,AGO,MCV1_measles_coverage_pct,54.0
2020-12-31,ALB,BCG_coverage_pct,98.0
2020-12-31,ALB,DTP3_coverage_pct,98.0
2020-12-31,ALB,HepB3_coverage_pct,98.0
2020-12-31,ALB,MCV1_measles_coverage_pct,91.0
2020-12-31,AND,DTP3_coverage_pct,99.0
2020-12-31,AND,HepB3_coverage_pct,98.0
2020-12-31,AND,MCV1_measles_coverage_pct,98.0
2020-12-31,ARE,BCG_coverage_pct,86.0
2020-12-31,ARE,DTP3_coverage_pct,90.0
2020-12-31,ARE,HepB3_coverage_pct,91.0
2020-12-31,ARE,MCV1_measles_coverage_pct,99.0
2020-12-31,ARG,BCG_coverage_pct,75.0
2020-12-31,ARG,DTP3_coverage_pct,74.0
2020-12-31,ARG,HepB3_coverage_pct,74.0
2020-12-31,ARG,MCV1_measles_coverage_pct,77.0
2020-12-31,ARM,BCG_coverage_pct,99.0
2020-12-31,ARM,DTP3_coverage_pct,92.0
2020-12-31,ARM,HepB3_coverage_pct,92.0
2020-12-31,ARM,MCV1_measles_coverage_pct,94.0
2020-12-31,ATG,DTP3_coverage_pct,96.0
2020-12-31,ATG,HepB3_coverage_pct,95.0
2020-12-31,ATG,MCV1_measles_coverage_pct,89.0
2020-12-31,AUS,DTP3_coverage_pct,95.0
2020-12-31,AUS,HepB3_coverage_pct,95.0
2020-12-31,AUS,MCV1_measles_coverage_pct,93.0
2020-12-31,AUT,DTP3_coverage_pct,85.0
2020-12-31,AUT,HepB3_coverage_pct,85.0
2020-12-31,AUT,MCV1_measles_coverage_pct,94.0
2020-12-31,AZE,BCG_coverage_pct,94.0
2020-12-31,AZE,DTP3_coverage_pct,56.0
2020-12-31,AZE,HepB3_coverage_pct,56.0
2020-12-31,AZE,MCV1_measles_coverage_pct,61.0
2020-12-31,BDI,BCG_coverage_pct,83.0
2020-12-31,BDI,DTP3_coverage_pct,93.0
2020-12-31,BDI,HepB3_coverage_pct,93.0
2020-12-31,BDI,MCV1_measles_coverage_pct,90.0
2020-12-31,BEL,DTP3_coverage_pct,98.0
2020-12-31,BEL,HepB3_coverage_pct,97.0
2020-12-31,BEL,MCV1_measles_coverage_pct,96.0
2020-12-31,BEN,BCG_coverage_pct,86.0
2020-12-31,BEN,DTP3_coverage_pct,70.0
2020-12-31,BEN,HepB3_coverage_pct,70.0
2020-12-31,BEN,MCV1_measles_coverage_pct,54.0
2020-12-31,BFA,BCG_coverage_pct,98.0
2020-12-31,BFA,DTP3_coverage_pct,91.0
2020-12-31,BFA,HepB3_coverage_pct,91.0
2020-12-31,BFA,MCV1_measles_coverage_pct,88.0
2020-12-31,BGD,BCG_coverage_pct,99.0
2020-12-31,BGD,DTP3_coverage_pct,97.0
2020-12-31,BGD,HepB3_coverage_pct,98.0
2020-12-31,BGD,MCV1_measles_coverage_pct,97.0
2020-12-31,BGR,BCG_coverage_pct,97.0
2020-12-31,BGR,DTP3_coverage_pct,91.0
2020-12-31,BGR,HepB3_coverage_pct,91.0
2020-12-31,BGR,MCV1_measles_coverage_pct,88.0
2020-12-31,BHR,DTP3_coverage_pct,98.0
2020-12-31,BHR,HepB3_coverage_pct,98.0
2020-12-31,BHR,MCV1_measles_coverage_pct,99.0
2020-12-31,BHS,DTP3_coverage_pct,83.0
2020-12-31,BHS,HepB3_coverage_pct,83.0
2020-12-31,BHS,MCV1_measles_coverage_pct,87.0
2020-12-31,BIH,BCG_coverage_pct,94.0
2020-12-31,BIH,DTP3_coverage_pct,78.0
2020-12-31,BIH,HepB3_coverage_pct,80.0
2020-12-31,BIH,MCV1_measles_coverage_pct,70.0
2020-12-31,BLR,BCG_coverage_pct,97.0
2020-12-31,BLR,DTP3_coverage_pct,97.0
2020-12-31,BLR,HepB3_coverage_pct,97.0
2020-12-31,BLR,MCV1_measles_coverage_pct,97.0
2020-12-31,BLZ,BCG_coverage_pct,76.0
2020-12-31,BLZ,DTP3_coverage_pct,79.0
2020-12-31,BLZ,HepB3_coverage_pct,79.0
2020-12-31,BLZ,MCV1_measles_coverage_pct,82.0
2020-12-31,BOL,BCG_coverage_pct,82.0
2020-12-31,BOL,DTP3_coverage_pct,68.0
2020-12-31,BOL,HepB3_coverage_pct,68.0
2020-12-31,BOL,MCV1_measles_coverage_pct,74.0
2020-12-31,BRA,BCG_coverage_pct,73.0
2020-12-31,BRA,DTP3_coverage_pct,77.0
2020-12-31,BRA,HepB3_coverage_pct,77.0
2020-12-31,BRA,MCV1_measles_coverage_pct,79.0
2020-12-31,BRB,DTP3_coverage_pct,85.0
2020-12-31,BRB,HepB3_coverage_pct,85.0
2020-12-31,BRB,MCV1_measles_coverage_pct,89.0
2020-12-31,BRN,BCG_coverage_pct,99.0
2020-12-31,BRN,DTP3_coverage_pct,99.0
2020-12-31,BRN,HepB3_coverage_pct,99.0
2020-12-31,BRN,MCV1_measles_coverage_pct,99.0
2020-12-31,BTN,BCG_coverage_pct,98.0
2020-12-31,BTN,DTP3_coverage_pct,95.0
2020-12-31,BTN,HepB3_coverage_pct,96.0
2020-12-31,BTN,MCV1_measles_coverage_pct,93.0
2020-12-31,BWA,BCG_coverage_pct,98.0
2020-12-31,BWA,DTP3_coverage_pct,95.0
2020-12-31,BWA,HepB3_coverage_pct,95.0
2020-12-31,BWA,MCV1_measles_coverage_pct,87.0
2020-12-31,CAF,BCG_coverage_pct,57.0
2020-12-31,CAF,DTP3_coverage_pct,37.0
2020-12-31,CAF,HepB3_coverage_pct,37.0
2020-12-31,CAF,MCV1_measles_coverage_pct,36.0
2020-12-31,CAN,DTP3_coverage_pct,92.0
2020-12-31,CAN,HepB3_coverage_pct,84.0
2020-12-31,CAN,MCV1_measles_coverage_pct,90.0
2020-12-31,CHE,DTP3_coverage_pct,97.0
2020-12-31,CHE,HepB3_coverage_pct,72.0
2020-12-31,CHE,MCV1_measles_coverage_pct,97.0
2020-12-31,CHL,BCG_coverage_pct,98.0
2020-12-31,CHL,DTP3_coverage_pct,93.0
2020-12-31,CHL,HepB3_coverage_pct,93.0
2020-12-31,CHL,MCV1_measles_coverage_pct,91.0
2020-12-31,CHN,BCG_coverage_pct,99.0
2020-12-31,CHN,DTP3_coverage_pct,99.0
2020-12-31,CHN,HepB3_coverage_pct,99.0
2020-12-31,CHN,MCV1_measles_coverage_pct,99.0
2020-12-31,CIV,BCG_coverage_pct,85.0
2020-12-31,CIV,DTP3_coverage_pct,73.0
2020-12-31,CIV,HepB3_coverage_pct,73.0
2020-12-31,CIV,MCV1_measles_coverage_pct,63.0
2020-12-31,CMR,BCG_coverage_pct,79.0
2020-12-31,CMR,DTP3_coverage_pct,68.0
2020-12-31,CMR,HepB3_coverage_pct,68.0
2020-12-31,CMR,MCV1_measles_coverage_pct,63.0
2020-12-31,COD,BCG_coverage_pct,83.0
2020-12-31,COD,DTP3_coverage_pct,70.0
2020-12-31,COD,HepB3_coverage_pct,70.0
2020-12-31,COD,MCV1_measles_coverage_pct,62.0
2020-12-31,COG,BCG_coverage_pct,72.0
2020-12-31,COG,DTP3_coverage_pct,73.0
2020-12-31,COG,HepB3_coverage_pct,73.0
2020-12-31,COG,MCV1_measles_coverage_pct,68.0
2020-12-31,COK,BCG_coverage_pct,98.0
2020-12-31,COK,DTP3_coverage_pct,89.0
2020-12-31,COK,HepB3_coverage_pct,89.0
2020-12-31,COK,MCV1_measles_coverage_pct,87.0
2020-12-31,COL,BCG_coverage_pct,89.0
2020-12-31,COL,DTP3_coverage_pct,88.0
2020-12-31,COL,HepB3_coverage_pct,88.0
2020-12-31,COL,MCV1_measles_coverage_pct,90.0
2020-12-31,COM,BCG_coverage_pct,86.0
2020-12-31,COM,DTP3_coverage_pct,74.0
2020-12-31,COM,HepB3_coverage_pct,74.0
2020-12-31,COM,MCV1_measles_coverage_pct,75.0
2020-12-31,CPV,BCG_coverage_pct,99.0
2020-12-31,CPV,DTP3_coverage_pct,93.0
2020-12-31,CPV,HepB3_coverage_pct,93.0
2020-12-31,CPV,MCV1_measles_coverage_pct,95.0
2020-12-31,CRI,BCG_coverage_pct,99.0
2020-12-31,CRI,DTP3_coverage_pct,97.0
2020-12-31,CRI,HepB3_coverage_pct,91.0
2020-12-31,CRI,MCV1_measles_coverage_pct,95.0
2020-12-31,CUB,BCG_coverage_pct,99.0
2020-12-31,CUB,DTP3_coverage_pct,99.0
2020-12-31,CUB,HepB3_coverage_pct,99.0
2020-12-31,CUB,MCV1_measles_coverage_pct,98.0
2020-12-31,CYP,DTP3_coverage_pct,96.0
2020-12-31,CYP,HepB3_coverage_pct,94.0
2020-12-31,CYP,MCV1_measles_coverage_pct,86.0
2020-12-31,CZE,DTP3_coverage_pct,97.0
2020-12-31,CZE,HepB3_coverage_pct,96.0
2020-12-31,CZE,MCV1_measles_coverage_pct,94.0
2020-12-31,DEU,DTP3_coverage_pct,91.0
2020-12-31,DEU,HepB3_coverage_pct,88.0
2020-12-31,DEU,MCV1_measles_coverage_pct,97.0
2020-12-31,DJI,BCG_coverage_pct,77.0
2020-12-31,DJI,DTP3_coverage_pct,70.0
2020-12-31,DJI,HepB3_coverage_pct,70.0
2020-12-31,DJI,MCV1_measles_coverage_pct,62.0
2020-12-31,DMA,BCG_coverage_pct,98.0
2020-12-31,DMA,DTP3_coverage_pct,96.0
2020-12-31,DMA,HepB3_coverage_pct,97.0
2020-12-31,DMA,MCV1_measles_coverage_pct,92.0
2020-12-31,DNK,DTP3_coverage_pct,97.0
2020-12-31,DNK,HepB3_coverage_pct,0.0
2020-12-31,DNK,MCV1_measles_coverage_pct,94.0
2020-12-31,DOM,BCG_coverage_pct,85.0
2020-12-31,DOM,DTP3_coverage_pct,82.0
2020-12-31,DOM,HepB3_coverage_pct,81.0
2020-12-31,DOM,MCV1_measles_coverage_pct,82.0
2020-12-31,DZA,BCG_coverage_pct,99.0
2020-12-31,DZA,DTP3_coverage_pct,84.0
2020-12-31,DZA,HepB3_coverage_pct,84.0
2020-12-31,DZA,MCV1_measles_coverage_pct,80.0
2020-12-31,ECU,BCG_coverage_pct,81.0
2020-12-31,ECU,DTP3_coverage_pct,70.0
2020-12-31,ECU,HepB3_coverage_pct,70.0
2020-12-31,ECU,MCV1_measles_coverage_pct,81.0
2020-12-31,EGY,BCG_coverage_pct,96.0
2020-12-31,EGY,DTP3_coverage_pct,94.0
2020-12-31,EGY,HepB3_coverage_pct,94.0
2020-12-31,EGY,MCV1_measles_coverage_pct,94.0
2020-12-31,ERI,BCG_coverage_pct,97.0
2020-12-31,ERI,DTP3_coverage_pct,95.0
2020-12-31,ERI,HepB3_coverage_pct,95.0
2020-12-31,ERI,MCV1_measles_coverage_pct,93.0
2020-12-31,ESP,DTP3_coverage_pct,94.0
2020-12-31,ESP,HepB3_coverage_pct,94.0
2020-12-31,ESP,MCV1_measles_coverage_pct,96.0
2020-12-31,EST,BCG_coverage_pct,91.0
2020-12-31,EST,DTP3_coverage_pct,91.0
2020-12-31,EST,HepB3_coverage_pct,90.0
2020-12-31,EST,MCV1_measles_coverage_pct,91.0
2020-12-31,ETH,BCG_coverage_pct,68.0
2020-12-31,ETH,DTP3_coverage_pct,71.0
2020-12-31,ETH,HepB3_coverage_pct,71.0
2020-12-31,ETH,MCV1_measles_coverage_pct,67.0
2020-12-31,FIN,DTP3_coverage_pct,89.0
2020-12-31,FIN,HepB3_coverage_pct,0.0
2020-12-31,FIN,MCV1_measles_coverage_pct,95.0
2020-12-31,FJI,BCG_coverage_pct,97.0
2020-12-31,FJI,DTP3_coverage_pct,97.0
2020-12-31,FJI,HepB3_coverage_pct,97.0
2020-12-31,FJI,MCV1_measles_coverage_pct,92.0
2020-12-31,FRA,DTP3_coverage_pct,96.0
2020-12-31,FRA,HepB3_coverage_pct,95.0
2020-12-31,FRA,MCV1_measles_coverage_pct,94.0
2020-12-31,FSM,BCG_coverage_pct,84.0
2020-12-31,FSM,DTP3_coverage_pct,83.0
2020-12-31,FSM,HepB3_coverage_pct,88.0
2020-12-31,FSM,MCV1_measles_coverage_pct,79.0
2020-12-31,GAB,BCG_coverage_pct,82.0
2020-12-31,GAB,DTP3_coverage_pct,63.0
2020-12-31,GAB,HepB3_coverage_pct,63.0
2020-12-31,GAB,MCV1_measles_coverage_pct,53.0
2020-12-31,GBR,DTP3_coverage_pct,93.0
2020-12-31,GBR,HepB3_coverage_pct,93.0
2020-12-31,GBR,MCV1_measles_coverage_pct,91.0
2020-12-31,GEO,BCG_coverage_pct,96.0
2020-12-31,GEO,DTP3_coverage_pct,88.0
2020-12-31,GEO,HepB3_coverage_pct,88.0
2020-12-31,GEO,MCV1_measles_coverage_pct,91.0
2020-12-31,GHA,BCG_coverage_pct,93.0
2020-12-31,GHA,DTP3_coverage_pct,94.0
2020-12-31,GHA,HepB3_coverage_pct,94.0
2020-12-31,GHA,MCV1_measles_coverage_pct,88.0
2020-12-31,GIN,BCG_coverage_pct,74.0
2020-12-31,GIN,DTP3_coverage_pct,54.0
2020-12-31,GIN,HepB3_coverage_pct,54.0
2020-12-31,GIN,MCV1_measles_coverage_pct,50.0
2020-12-31,GMB,BCG_coverage_pct,85.0
2020-12-31,GMB,DTP3_coverage_pct,85.0
2020-12-31,GMB,HepB3_coverage_pct,85.0
2020-12-31,GMB,MCV1_measles_coverage_pct,82.0
2020-12-31,GNB,BCG_coverage_pct,74.0
2020-12-31,GNB,DTP3_coverage_pct,82.0
2020-12-31,GNB,HepB3_coverage_pct,82.0
2020-12-31,GNB,MCV1_measles_coverage_pct,78.0
2020-12-31,GNQ,BCG_coverage_pct,87.0
2020-12-31,GNQ,DTP3_coverage_pct,64.0
2020-12-31,GNQ,HepB3_coverage_pct,64.0
2020-12-31,GNQ,MCV1_measles_coverage_pct,58.0
2020-12-31,GRC,DTP3_coverage_pct,99.0
2020-12-31,GRC,HepB3_coverage_pct,96.0
2020-12-31,GRC,MCV1_measles_coverage_pct,97.0
2020-12-31,GRD,DTP3_coverage_pct,72.0
2020-12-31,GRD,HepB3_coverage_pct,72.0
2020-12-31,GRD,MCV1_measles_coverage_pct,83.0
2020-12-31,GTM,BCG_coverage_pct,93.0
2020-12-31,GTM,DTP3_coverage_pct,90.0
2020-12-31,GTM,HepB3_coverage_pct,90.0
2020-12-31,GTM,MCV1_measles_coverage_pct,89.0
2020-12-31,GUY,BCG_coverage_pct,94.0
2020-12-31,GUY,DTP3_coverage_pct,99.0
2020-12-31,GUY,HepB3_coverage_pct,99.0
2020-12-31,GUY,MCV1_measles_coverage_pct,98.0
2020-12-31,HND,BCG_coverage_pct,91.0
2020-12-31,HND,DTP3_coverage_pct,90.0
2020-12-31,HND,HepB3_coverage_pct,90.0
2020-12-31,HND,MCV1_measles_coverage_pct,90.0
2020-12-31,HRV,BCG_coverage_pct,98.0
2020-12-31,HRV,DTP3_coverage_pct,94.0
2020-12-31,HRV,HepB3_coverage_pct,91.0
2020-12-31,HRV,MCV1_measles_coverage_pct,91.0
2020-12-31,HTI,BCG_coverage_pct,77.0
2020-12-31,HTI,DTP3_coverage_pct,58.0
2020-12-31,HTI,HepB3_coverage_pct,58.0
2020-12-31,HTI,MCV1_measles_coverage_pct,74.0
2020-12-31,HUN,BCG_coverage_pct,99.0
2020-12-31,HUN,DTP3_coverage_pct,99.0
2020-12-31,HUN,HepB3_coverage_pct,0.0
2020-12-31,HUN,MCV1_measles_coverage_pct,99.0
2020-12-31,IDN,BCG_coverage_pct,87.0
2020-12-31,IDN,DTP3_coverage_pct,77.0
2020-12-31,IDN,HepB3_coverage_pct,77.0
2020-12-31,IDN,MCV1_measles_coverage_pct,76.0
2020-12-31,IND,BCG_coverage_pct,85.0
2020-12-31,IND,DTP3_coverage_pct,85.0
2020-12-31,IND,HepB3_coverage_pct,85.0
2020-12-31,IND,MCV1_measles_coverage_pct,89.0
2020-12-31,IRL,DTP3_coverage_pct,94.0
2020-12-31,IRL,HepB3_coverage_pct,94.0
2020-12-31,IRL,MCV1_measles_coverage_pct,92.0
2020-12-31,IRN,BCG_coverage_pct,98.0
2020-12-31,IRN,DTP3_coverage_pct,99.0
2020-12-31,IRN,HepB3_coverage_pct,99.0
2020-12-31,IRN,MCV1_measles_coverage_pct,99.0
2020-12-31,IRQ,BCG_coverage_pct,99.0
2020-12-31,IRQ,DTP3_coverage_pct,74.0
2020-12-31,IRQ,HepB3_coverage_pct,74.0
2020-12-31,IRQ,MCV1_measles_coverage_pct,93.0
2020-12-31,ISL,DTP3_coverage_pct,93.0
2020-12-31,ISL,HepB3_coverage_pct,0.0
2020-12-31,ISL,MCV1_measles_coverage_pct,93.0
2020-12-31,ISR,DTP3_coverage_pct,98.0
2020-12-31,ISR,HepB3_coverage_pct,96.0
2020-12-31,ISR,MCV1_measles_coverage_pct,99.0
2020-12-31,ITA,DTP3_coverage_pct,94.0
2020-12-31,ITA,HepB3_coverage_pct,94.0
2020-12-31,ITA,MCV1_measles_coverage_pct,92.0
2020-12-31,JAM,BCG_coverage_pct,99.0
2020-12-31,JAM,DTP3_coverage_pct,96.0
2020-12-31,JAM,HepB3_coverage_pct,95.0
2020-12-31,JAM,MCV1_measles_coverage_pct,93.0
2020-12-31,JOR,BCG_coverage_pct,76.0
2020-12-31,JOR,DTP3_coverage_pct,77.0
2020-12-31,JOR,HepB3_coverage_pct,77.0
2020-12-31,JOR,MCV1_measles_coverage_pct,76.0
2020-12-31,JPN,BCG_coverage_pct,95.0
2020-12-31,JPN,DTP3_coverage_pct,96.0
2020-12-31,JPN,HepB3_coverage_pct,92.0
2020-12-31,JPN,MCV1_measles_coverage_pct,98.0
2020-12-31,KAZ,BCG_coverage_pct,86.0
2020-12-31,KAZ,DTP3_coverage_pct,60.0
2020-12-31,KAZ,HepB3_coverage_pct,59.0
2020-12-31,KAZ,MCV1_measles_coverage_pct,70.0
2020-12-31,KEN,BCG_coverage_pct,97.0
2020-12-31,KEN,DTP3_coverage_pct,93.0
2020-12-31,KEN,HepB3_coverage_pct,93.0
2020-12-31,KEN,MCV1_measles_coverage_pct,89.0
2020-12-31,KGZ,BCG_coverage_pct,96.0
2020-12-31,KGZ,DTP3_coverage_pct,87.0
2020-12-31,KGZ,HepB3_coverage_pct,86.0
2020-12-31,KGZ,MCV1_measles_coverage_pct,92.0
2020-12-31,KHM,BCG_coverage_pct,94.0
2020-12-31,KHM,DTP3_coverage_pct,86.0
2020-12-31,KHM,HepB3_coverage_pct,86.0
2020-12-31,KHM,MCV1_measles_coverage_pct,83.0
2020-12-31,KIR,BCG_coverage_pct,93.0
2020-12-31,KIR,DTP3_coverage_pct,92.0
2020-12-31,KIR,HepB3_coverage_pct,92.0
2020-12-31,KIR,MCV1_measles_coverage_pct,82.0
2020-12-31,KNA,BCG_coverage_pct,98.0
2020-12-31,KNA,DTP3_coverage_pct,99.0
2020-12-31,KNA,HepB3_coverage_pct,99.0
2020-12-31,KNA,MCV1_measles_coverage_pct,95.0
2020-12-31,KOR,BCG_coverage_pct,98.0
2020-12-31,KOR,DTP3_coverage_pct,98.0
2020-12-31,KOR,HepB3_coverage_pct,98.0
2020-12-31,KOR,MCV1_measles_coverage_pct,98.0
2020-12-31,KWT,BCG_coverage_pct,98.0
2020-12-31,KWT,DTP3_coverage_pct,93.0
2020-12-31,KWT,HepB3_coverage_pct,93.0
2020-12-31,KWT,MCV1_measles_coverage_pct,95.0
2020-12-31,LAO,BCG_coverage_pct,71.0
2020-12-31,LAO,DTP3_coverage_pct,61.0
2020-12-31,LAO,HepB3_coverage_pct,61.0
2020-12-31,LAO,MCV1_measles_coverage_pct,63.0
2020-12-31,LBN,DTP3_coverage_pct,71.0
2020-12-31,LBN,HepB3_coverage_pct,71.0
2020-12-31,LBN,MCV1_measles_coverage_pct,74.0
2020-12-31,LBR,BCG_coverage_pct,85.0
2020-12-31,LBR,DTP3_coverage_pct,66.0
2020-12-31,LBR,HepB3_coverage_pct,66.0
2020-12-31,LBR,MCV1_measles_coverage_pct,61.0
2020-12-31,LBY,BCG_coverage_pct,74.0
2020-12-31,LBY,DTP3_coverage_pct,73.0
2020-12-31,LBY,HepB3_coverage_pct,73.0
2020-12-31,LBY,MCV1_measles_coverage_pct,73.0
2020-12-31,LCA,BCG_coverage_pct,89.0
2020-12-31,LCA,DTP3_coverage_pct,86.0
2020-12-31,LCA,HepB3_coverage_pct,86.0
2020-12-31,LCA,MCV1_measles_coverage_pct,89.0
2020-12-31,LKA,BCG_coverage_pct,99.0
2020-12-31,LKA,DTP3_coverage_pct,96.0
2020-12-31,LKA,HepB3_coverage_pct,96.0
2020-12-31,LKA,MCV1_measles_coverage_pct,96.0
2020-12-31,LSO,BCG_coverage_pct,98.0
2020-12-31,LSO,DTP3_coverage_pct,93.0
2020-12-31,LSO,HepB3_coverage_pct,93.0
2020-12-31,LSO,MCV1_measles_coverage_pct,90.0
2020-12-31,LTU,BCG_coverage_pct,96.0
2020-12-31,LTU,DTP3_coverage_pct,91.0
2020-12-31,LTU,HepB3_coverage_pct,91.0
2020-12-31,LTU,MCV1_measles_coverage_pct,90.0
2020-12-31,LUX,DTP3_coverage_pct,99.0
2020-12-31,LUX,HepB3_coverage_pct,96.0
2020-12-31,LUX,MCV1_measles_coverage_pct,99.0
2020-12-31,LVA,BCG_coverage_pct,99.0
2020-12-31,LVA,DTP3_coverage_pct,99.0
2020-12-31,LVA,HepB3_coverage_pct,99.0
2020-12-31,LVA,MCV1_measles_coverage_pct,99.0
2020-12-31,MAR,BCG_coverage_pct,99.0
2020-12-31,MAR,DTP3_coverage_pct,99.0
2020-12-31,MAR,HepB3_coverage_pct,99.0
2020-12-31,MAR,MCV1_measles_coverage_pct,99.0
2020-12-31,MCO,DTP3_coverage_pct,99.0
2020-12-31,MCO,HepB3_coverage_pct,99.0
2020-12-31,MCO,MCV1_measles_coverage_pct,88.0
2020-12-31,MDA,BCG_coverage_pct,95.0
2020-12-31,MDA,DTP3_coverage_pct,86.0
2020-12-31,MDA,HepB3_coverage_pct,87.0
2020-12-31,MDA,MCV1_measles_coverage_pct,84.0
2020-12-31,MDG,BCG_coverage_pct,76.0
2020-12-31,MDG,DTP3_coverage_pct,67.0
2020-12-31,MDG,HepB3_coverage_pct,67.0
2020-12-31,MDG,MCV1_measles_coverage_pct,55.0
2020-12-31,MDV,BCG_coverage_pct,99.0
2020-12-31,MDV,DTP3_coverage_pct,98.0
2020-12-31,MDV,HepB3_coverage_pct,98.0
2020-12-31,MDV,MCV1_measles_coverage_pct,98.0
2020-12-31,MEX,BCG_coverage_pct,28.0
2020-12-31,MEX,DTP3_coverage_pct,72.0
2020-12-31,MEX,HepB3_coverage_pct,77.0
2020-12-31,MEX,MCV1_measles_coverage_pct,92.0
2020-12-31,MHL,BCG_coverage_pct,91.0
2020-12-31,MHL,DTP3_coverage_pct,82.0
2020-12-31,MHL,HepB3_coverage_pct,86.0
2020-12-31,MHL,MCV1_measles_coverage_pct,89.0
2020-12-31,MKD,BCG_coverage_pct,93.0
2020-12-31,MKD,DTP3_coverage_pct,84.0
2020-12-31,MKD,HepB3_coverage_pct,84.0
2020-12-31,MKD,MCV1_measles_coverage_pct,63.0
2020-12-31,MLI,BCG_coverage_pct,78.0
2020-12-31,MLI,DTP3_coverage_pct,70.0
2020-12-31,MLI,HepB3_coverage_pct,70.0
2020-12-31,MLI,MCV1_measles_coverage_pct,62.0
2020-12-31,MLT,DTP3_coverage_pct,98.0
2020-12-31,MLT,HepB3_coverage_pct,98.0
2020-12-31,MLT,MCV1_measles_coverage_pct,95.0
2020-12-31,MMR,BCG_coverage_pct,87.0
2020-12-31,MMR,DTP3_coverage_pct,84.0
2020-12-31,MMR,HepB3_coverage_pct,84.0
2020-12-31,MMR,MCV1_measles_coverage_pct,91.0
2020-12-31,MNE,BCG_coverage_pct,67.0
2020-12-31,MNE,DTP3_coverage_pct,84.0
2020-12-31,MNE,HepB3_coverage_pct,52.0
2020-12-31,MNE,MCV1_measles_coverage_pct,24.0
2020-12-31,MNG,BCG_coverage_pct,99.0
2020-12-31,MNG,DTP3_coverage_pct,96.0
2020-12-31,MNG,HepB3_coverage_pct,96.0
2020-12-31,MNG,MCV1_measles_coverage_pct,97.0
2020-12-31,MOZ,BCG_coverage_pct,89.0
2020-12-31,MOZ,DTP3_coverage_pct,71.0
2020-12-31,MOZ,HepB3_coverage_pct,71.0
2020-12-31,MOZ,MCV1_measles_coverage_pct,73.0
2020-12-31,MRT,BCG_coverage_pct,92.0
2020-12-31,MRT,DTP3_coverage_pct,81.0
2020-12-31,MRT,HepB3_coverage_pct,81.0
2020-12-31,MRT,MCV1_measles_coverage_pct,82.0
2020-12-31,MUS,BCG_coverage_pct,98.0
2020-12-31,MUS,DTP3_coverage_pct,95.0
2020-12-31,MUS,HepB3_coverage_pct,96.0
2020-12-31,MUS,MCV1_measles_coverage_pct,98.0
2020-12-31,MWI,BCG_coverage_pct,95.0
2020-12-31,MWI,DTP3_coverage_pct,94.0
2020-12-31,MWI,HepB3_coverage_pct,94.0
2020-12-31,MWI,MCV1_measles_coverage_pct,90.0
2020-12-31,MYS,BCG_coverage_pct,99.0
2020-12-31,MYS,DTP3_coverage_pct,98.0
2020-12-31,MYS,HepB3_coverage_pct,99.0
2020-12-31,MYS,MCV1_measles_coverage_pct,95.0
2020-12-31,NAM,BCG_coverage_pct,99.0
2020-12-31,NAM,DTP3_coverage_pct,93.0
2020-12-31,NAM,HepB3_coverage_pct,93.0
2020-12-31,NAM,MCV1_measles_coverage_pct,90.0
2020-12-31,NER,BCG_coverage_pct,94.0
2020-12-31,NER,DTP3_coverage_pct,81.0
2020-12-31,NER,HepB3_coverage_pct,81.0
2020-12-31,NER,MCV1_measles_coverage_pct,79.0
2020-12-31,NGA,BCG_coverage_pct,74.0
2020-12-31,NGA,DTP3_coverage_pct,62.0
2020-12-31,NGA,HepB3_coverage_pct,62.0
2020-12-31,NGA,MCV1_measles_coverage_pct,60.0
2020-12-31,NIC,BCG_coverage_pct,99.0
2020-12-31,NIC,DTP3_coverage_pct,99.0
2020-12-31,NIC,HepB3_coverage_pct,99.0
2020-12-31,NIC,MCV1_measles_coverage_pct,99.0
2020-12-31,NIU,BCG_coverage_pct,94.0
2020-12-31,NIU,DTP3_coverage_pct,99.0
2020-12-31,NIU,HepB3_coverage_pct,99.0
2020-12-31,NIU,MCV1_measles_coverage_pct,99.0
2020-12-31,NLD,DTP3_coverage_pct,94.0
2020-12-31,NLD,HepB3_coverage_pct,93.0
2020-12-31,NLD,MCV1_measles_coverage_pct,94.0
2020-12-31,NOR,DTP3_coverage_pct,97.0
2020-12-31,NOR,HepB3_coverage_pct,97.0
2020-12-31,NOR,MCV1_measles_coverage_pct,97.0
2020-12-31,NPL,BCG_coverage_pct,92.0
2020-12-31,NPL,DTP3_coverage_pct,84.0
2020-12-31,NPL,HepB3_coverage_pct,84.0
2020-12-31,NPL,MCV1_measles_coverage_pct,87.0
2020-12-31,NRU,BCG_coverage_pct,99.0
2020-12-31,NRU,DTP3_coverage_pct,95.0
2020-12-31,NRU,HepB3_coverage_pct,95.0
2020-12-31,NRU,MCV1_measles_coverage_pct,98.0
2020-12-31,NZL,DTP3_coverage_pct,92.0
2020-12-31,NZL,HepB3_coverage_pct,92.0
2020-12-31,NZL,MCV1_measles_coverage_pct,91.0
2020-12-31,OMN,BCG_coverage_pct,99.0
2020-12-31,OMN,DTP3_coverage_pct,99.0
2020-12-31,OMN,HepB3_coverage_pct,99.0
2020-12-31,OMN,MCV1_measles_coverage_pct,99.0
2020-12-31,PAK,BCG_coverage_pct,91.0
2020-12-31,PAK,DTP3_coverage_pct,80.0
2020-12-31,PAK,HepB3_coverage_pct,80.0
2020-12-31,PAK,MCV1_measles_coverage_pct,83.0
2020-12-31,PAN,BCG_coverage_pct,99.0
2020-12-31,PAN,DTP3_coverage_pct,74.0
2020-12-31,PAN,HepB3_coverage_pct,74.0
2020-12-31,PAN,MCV1_measles_coverage_pct,80.0
2020-12-31,PER,BCG_coverage_pct,87.0
2020-12-31,PER,DTP3_coverage_pct,72.0
2020-12-31,PER,HepB3_coverage_pct,72.0
2020-12-31,PER,MCV1_measles_coverage_pct,77.0
2020-12-31,PHL,BCG_coverage_pct,88.0
2020-12-31,PHL,DTP3_coverage_pct,83.0
2020-12-31,PHL,HepB3_coverage_pct,81.0
2020-12-31,PHL,MCV1_measles_coverage_pct,79.0
2020-12-31,PLW,DTP3_coverage_pct,96.0
2020-12-31,PLW,HepB3_coverage_pct,93.0
2020-12-31,PLW,MCV1_measles_coverage_pct,93.0
2020-12-31,PNG,BCG_coverage_pct,52.0
2020-12-31,PNG,DTP3_coverage_pct,40.0
2020-12-31,PNG,HepB3_coverage_pct,40.0
2020-12-31,PNG,MCV1_measles_coverage_pct,44.0
2020-12-31,POL,BCG_coverage_pct,91.0
2020-12-31,POL,DTP3_coverage_pct,94.0
2020-12-31,POL,HepB3_coverage_pct,90.0
2020-12-31,POL,MCV1_measles_coverage_pct,92.0
2020-12-31,PRK,BCG_coverage_pct,99.0
2020-12-31,PRK,DTP3_coverage_pct,97.0
2020-12-31,PRK,HepB3_coverage_pct,97.0
2020-12-31,PRK,MCV1_measles_coverage_pct,99.0
2020-12-31,PRT,DTP3_coverage_pct,99.0
2020-12-31,PRT,HepB3_coverage_pct,99.0
2020-12-31,PRT,MCV1_measles_coverage_pct,99.0
2020-12-31,PRY,BCG_coverage_pct,84.0
2020-12-31,PRY,DTP3_coverage_pct,79.0
2020-12-31,PRY,HepB3_coverage_pct,79.0
2020-12-31,PRY,MCV1_measles_coverage_pct,80.0
2020-12-31,PSE,BCG_coverage_pct,99.0
2020-12-31,PSE,DTP3_coverage_pct,98.0
2020-12-31,PSE,HepB3_coverage_pct,98.0
2020-12-31,PSE,MCV1_measles_coverage_pct,99.0
2020-12-31,QAT,BCG_coverage_pct,98.0
2020-12-31,QAT,DTP3_coverage_pct,89.0
2020-12-31,QAT,HepB3_coverage_pct,89.0
2020-12-31,QAT,MCV1_measles_coverage_pct,90.0
2020-12-31,ROU,BCG_coverage_pct,97.0
2020-12-31,ROU,DTP3_coverage_pct,87.0
2020-12-31,ROU,HepB3_coverage_pct,87.0
2020-12-31,ROU,MCV1_measles_coverage_pct,87.0
2020-12-31,RUS,BCG_coverage_pct,95.0
2020-12-31,RUS,DTP3_coverage_pct,97.0
2020-12-31,RUS,HepB3_coverage_pct,97.0
2020-12-31,RUS,MCV1_measles_coverage_pct,97.0
2020-12-31,RWA,BCG_coverage_pct,89.0
2020-12-31,RWA,DTP3_coverage_pct,91.0
2020-12-31,RWA,HepB3_coverage_pct,91.0
2020-12-31,RWA,MCV1_measles_coverage_pct,94.0
2020-12-31,SAU,BCG_coverage_pct,95.0
2020-12-31,SAU,DTP3_coverage_pct,95.0
2020-12-31,SAU,HepB3_coverage_pct,95.0
2020-12-31,SAU,MCV1_measles_coverage_pct,96.0
2020-12-31,SDN,BCG_coverage_pct,92.0
2020-12-31,SDN,DTP3_coverage_pct,90.0
2020-12-31,SDN,HepB3_coverage_pct,90.0
2020-12-31,SDN,MCV1_measles_coverage_pct,86.0
2020-12-31,SEN,BCG_coverage_pct,91.0
2020-12-31,SEN,DTP3_coverage_pct,83.0
2020-12-31,SEN,HepB3_coverage_pct,83.0
2020-12-31,SEN,MCV1_measles_coverage_pct,82.0
2020-12-31,SGP,BCG_coverage_pct,99.0
2020-12-31,SGP,DTP3_coverage_pct,98.0
2020-12-31,SGP,HepB3_coverage_pct,97.0
2020-12-31,SGP,MCV1_measles_coverage_pct,97.0
2020-12-31,SLB,BCG_coverage_pct,82.0
2020-12-31,SLB,DTP3_coverage_pct,94.0
2020-12-31,SLB,HepB3_coverage_pct,94.0
2020-12-31,SLB,MCV1_measles_coverage_pct,81.0
2020-12-31,SLE,BCG_coverage_pct,90.0
2020-12-31,SLE,DTP3_coverage_pct,91.0
2020-12-31,SLE,HepB3_coverage_pct,91.0
2020-12-31,SLE,MCV1_measles_coverage_pct,87.0
2020-12-31,SLV,BCG_coverage_pct,97.0
2020-12-31,SLV,DTP3_coverage_pct,89.0
2020-12-31,SLV,HepB3_coverage_pct,89.0
2020-12-31,SLV,MCV1_measles_coverage_pct,84.0
2020-12-31,SMR,DTP3_coverage_pct,89.0
2020-12-31,SMR,HepB3_coverage_pct,89.0
2020-12-31,SMR,MCV1_measles_coverage_pct,90.0
2020-12-31,SOM,BCG_coverage_pct,58.0
2020-12-31,SOM,DTP3_coverage_pct,55.0
2020-12-31,SOM,HepB3_coverage_pct,55.0
2020-12-31,SOM,MCV1_measles_coverage_pct,52.0
2020-12-31,SRB,BCG_coverage_pct,98.0
2020-12-31,SRB,DTP3_coverage_pct,92.0
2020-12-31,SRB,HepB3_coverage_pct,87.0
2020-12-31,SRB,MCV1_measles_coverage_pct,78.0
2020-12-31,SSD,BCG_coverage_pct,69.0
2020-12-31,SSD,DTP3_coverage_pct,67.0
2020-12-31,SSD,HepB3_coverage_pct,67.0
2020-12-31,SSD,MCV1_measles_coverage_pct,69.0
2020-12-31,STP,BCG_coverage_pct,94.0
2020-12-31,STP,DTP3_coverage_pct,96.0
2020-12-31,STP,HepB3_coverage_pct,96.0
2020-12-31,STP,MCV1_measles_coverage_pct,86.0
2020-12-31,SUR,DTP3_coverage_pct,51.0
2020-12-31,SUR,HepB3_coverage_pct,51.0
2020-12-31,SUR,MCV1_measles_coverage_pct,45.0
2020-12-31,SVK,BCG_coverage_pct,0.0
2020-12-31,SVK,DTP3_coverage_pct,97.0
2020-12-31,SVK,HepB3_coverage_pct,97.0
2020-12-31,SVK,MCV1_measles_coverage_pct,96.0
2020-12-31,SVN,DTP3_coverage_pct,95.0
2020-12-31,SVN,HepB3_coverage_pct,0.0
2020-12-31,SVN,MCV1_measles_coverage_pct,94.0
2020-12-31,SWE,BCG_coverage_pct,26.0
2020-12-31,SWE,DTP3_coverage_pct,97.0
2020-12-31,SWE,HepB3_coverage_pct,97.0
2020-12-31,SWE,MCV1_measles_coverage_pct,97.0
2020-12-31,SWZ,BCG_coverage_pct,97.0
2020-12-31,SWZ,DTP3_coverage_pct,83.0
2020-12-31,SWZ,HepB3_coverage_pct,83.0
2020-12-31,SWZ,MCV1_measles_coverage_pct,76.0
2020-12-31,SYC,BCG_coverage_pct,99.0
2020-12-31,SYC,DTP3_coverage_pct,97.0
2020-12-31,SYC,HepB3_coverage_pct,97.0
2020-12-31,SYC,MCV1_measles_coverage_pct,97.0
2020-12-31,SYR,BCG_coverage_pct,74.0
2020-12-31,SYR,DTP3_coverage_pct,62.0
2020-12-31,SYR,HepB3_coverage_pct,62.0
2020-12-31,SYR,MCV1_measles_coverage_pct,70.0
2020-12-31,TCD,BCG_coverage_pct,85.0
2020-12-31,TCD,DTP3_coverage_pct,55.0
2020-12-31,TCD,HepB3_coverage_pct,55.0
2020-12-31,TCD,MCV1_measles_coverage_pct,45.0
2020-12-31,TGO,BCG_coverage_pct,99.0
2020-12-31,TGO,DTP3_coverage_pct,87.0
2020-12-31,TGO,HepB3_coverage_pct,87.0
2020-12-31,TGO,MCV1_measles_coverage_pct,76.0
2020-12-31,THA,BCG_coverage_pct,99.0
2020-12-31,THA,DTP3_coverage_pct,97.0
2020-12-31,THA,HepB3_coverage_pct,97.0
2020-12-31,THA,MCV1_measles_coverage_pct,96.0
2020-12-31,TJK,BCG_coverage_pct,93.0
2020-12-31,TJK,DTP3_coverage_pct,87.0
2020-12-31,TJK,HepB3_coverage_pct,87.0
2020-12-31,TJK,MCV1_measles_coverage_pct,82.0
2020-12-31,TKM,BCG_coverage_pct,98.0
2020-12-31,TKM,DTP3_coverage_pct,98.0
2020-12-31,TKM,HepB3_coverage_pct,99.0
2020-12-31,TKM,MCV1_measles_coverage_pct,98.0
2020-12-31,TLS,BCG_coverage_pct,92.0
2020-12-31,TLS,DTP3_coverage_pct,83.0
2020-12-31,TLS,HepB3_coverage_pct,83.0
2020-12-31,TLS,MCV1_measles_coverage_pct,74.0
2020-12-31,TON,BCG_coverage_pct,99.0
2020-12-31,TON,DTP3_coverage_pct,99.0
2020-12-31,TON,HepB3_coverage_pct,99.0
2020-12-31,TON,MCV1_measles_coverage_pct,99.0
2020-12-31,TTO,DTP3_coverage_pct,99.0
2020-12-31,TTO,HepB3_coverage_pct,99.0
2020-12-31,TTO,MCV1_measles_coverage_pct,91.0
2020-12-31,TUN,BCG_coverage_pct,96.0
2020-12-31,TUN,DTP3_coverage_pct,97.0
2020-12-31,TUN,HepB3_coverage_pct,97.0
2020-12-31,TUN,MCV1_measles_coverage_pct,98.0
2020-12-31,TUR,BCG_coverage_pct,96.0
2020-12-31,TUR,DTP3_coverage_pct,98.0
2020-12-31,TUR,HepB3_coverage_pct,98.0
2020-12-31,TUR,MCV1_measles_coverage_pct,95.0
2020-12-31,TUV,BCG_coverage_pct,99.0
2020-12-31,TUV,DTP3_coverage_pct,95.0
2020-12-31,TUV,HepB3_coverage_pct,93.0
2020-12-31,TUV,MCV1_measles_coverage_pct,93.0
2020-12-31,TZA,BCG_coverage_pct,91.0
2020-12-31,TZA,DTP3_coverage_pct,91.0
2020-12-31,TZA,HepB3_coverage_pct,91.0
2020-12-31,TZA,MCV1_measles_coverage_pct,87.0
2020-12-31,UGA,BCG_coverage_pct,91.0
2020-12-31,UGA,DTP3_coverage_pct,89.0
2020-12-31,UGA,HepB3_coverage_pct,89.0
2020-12-31,UGA,MCV1_measles_coverage_pct,89.0
2020-12-31,UKR,BCG_coverage_pct,93.0
2020-12-31,UKR,DTP3_coverage_pct,81.0
2020-12-31,UKR,HepB3_coverage_pct,81.0
2020-12-31,UKR,MCV1_measles_coverage_pct,85.0
2020-12-31,URY,BCG_coverage_pct,99.0
2020-12-31,URY,DTP3_coverage_pct,92.0
2020-12-31,URY,HepB3_coverage_pct,92.0
2020-12-31,URY,MCV1_measles_coverage_pct,95.0
2020-12-31,USA,DTP3_coverage_pct,93.0
2020-12-31,USA,HepB3_coverage_pct,91.0
2020-12-31,USA,MCV1_measles_coverage_pct,91.0
2020-12-31,UZB,BCG_coverage_pct,99.0
2020-12-31,UZB,DTP3_coverage_pct,95.0
2020-12-31,UZB,HepB3_coverage_pct,95.0
2020-12-31,UZB,MCV1_measles_coverage_pct,99.0
2020-12-31,VCT,BCG_coverage_pct,99.0
2020-12-31,VCT,DTP3_coverage_pct,97.0
2020-12-31,VCT,HepB3_coverage_pct,98.0
2020-12-31,VCT,MCV1_measles_coverage_pct,99.0
2020-12-31,VEN,BCG_coverage_pct,82.0
2020-12-31,VEN,DTP3_coverage_pct,54.0
2020-12-31,VEN,HepB3_coverage_pct,54.0
2020-12-31,VEN,MCV1_measles_coverage_pct,76.0
2020-12-31,VNM,BCG_coverage_pct,95.0
2020-12-31,VNM,DTP3_coverage_pct,94.0
2020-12-31,VNM,HepB3_coverage_pct,94.0
2020-12-31,VNM,MCV1_measles_coverage_pct,97.0
2020-12-31,VUT,BCG_coverage_pct,77.0
2020-12-31,VUT,DTP3_coverage_pct,78.0
2020-12-31,VUT,HepB3_coverage_pct,78.0
2020-12-31,VUT,MCV1_measles_coverage_pct,78.0
2020-12-31,WSM,BCG_coverage_pct,99.0
2020-12-31,WSM,DTP3_coverage_pct,89.0
2020-12-31,WSM,HepB3_coverage_pct,89.0
2020-12-31,WSM,MCV1_measles_coverage_pct,66.0
2020-12-31,YEM,BCG_coverage_pct,59.0
2020-12-31,YEM,DTP3_coverage_pct,57.0
2020-12-31,YEM,HepB3_coverage_pct,57.0
2020-12-31,YEM,MCV1_measles_coverage_pct,53.0
2020-12-31,ZAF,BCG_coverage_pct,86.0
2020-12-31,ZAF,DTP3_coverage_pct,84.0
2020-12-31,ZAF,HepB3_coverage_pct,84.0
2020-12-31,ZAF,MCV1_measles_coverage_pct,84.0
2020-12-31,ZMB,BCG_coverage_pct,85.0
2020-12-31,ZMB,DTP3_coverage_pct,84.0
2020-12-31,ZMB,HepB3_coverage_pct,84.0
2020-12-31,ZMB,MCV1_measles_coverage_pct,96.0
2020-12-31,ZWE,BCG_coverage_pct,88.0
2020-12-31,ZWE,DTP3_coverage_pct,86.0
2020-12-31,ZWE,HepB3_coverage_pct,86.0
2020-12-31,ZWE,MCV1_measles_coverage_pct,85.0
2021-12-31,AFG,BCG_coverage_pct,65.0
2021-12-31,AFG,DTP3_coverage_pct,55.0
2021-12-31,AFG,HepB3_coverage_pct,55.0
2021-12-31,AFG,IPV_polio_coverage_pct,30.0
2021-12-31,AFG,MCV1_measles_coverage_pct,51.0
2021-12-31,AGO,BCG_coverage_pct,61.0
2021-12-31,AGO,DTP3_coverage_pct,50.0
2021-12-31,AGO,HepB3_coverage_pct,50.0
2021-12-31,AGO,IPV_polio_coverage_pct,0.0
2021-12-31,AGO,MCV1_measles_coverage_pct,48.0
2021-12-31,ALB,BCG_coverage_pct,99.0
2021-12-31,ALB,DTP3_coverage_pct,98.0
2021-12-31,ALB,HepB3_coverage_pct,98.0
2021-12-31,ALB,IPV_polio_coverage_pct,98.0
2021-12-31,ALB,MCV1_measles_coverage_pct,87.0
2021-12-31,AND,DTP3_coverage_pct,99.0
2021-12-31,AND,HepB3_coverage_pct,98.0
2021-12-31,AND,IPV_polio_coverage_pct,98.0
2021-12-31,AND,MCV1_measles_coverage_pct,99.0
2021-12-31,ARE,BCG_coverage_pct,99.0
2021-12-31,ARE,DTP3_coverage_pct,96.0
2021-12-31,ARE,HepB3_coverage_pct,95.0
2021-12-31,ARE,IPV_polio_coverage_pct,96.0
2021-12-31,ARE,MCV1_measles_coverage_pct,99.0
2021-12-31,ARG,BCG_coverage_pct,80.0
2021-12-31,ARG,DTP3_coverage_pct,81.0
2021-12-31,ARG,HepB3_coverage_pct,81.0
2021-12-31,ARG,IPV_polio_coverage_pct,79.0
2021-12-31,ARG,MCV1_measles_coverage_pct,86.0
2021-12-31,ARM,BCG_coverage_pct,98.0
2021-12-31,ARM,DTP3_coverage_pct,93.0
2021-12-31,ARM,HepB3_coverage_pct,93.0
2021-12-31,ARM,IPV_polio_coverage_pct,93.0
2021-12-31,ARM,MCV1_measles_coverage_pct,94.0
2021-12-31,ATG,DTP3_coverage_pct,92.0
2021-12-31,ATG,HepB3_coverage_pct,92.0
2021-12-31,ATG,IPV_polio_coverage_pct,93.0
2021-12-31,ATG,MCV1_measles_coverage_pct,85.0
2021-12-31,AUS,DTP3_coverage_pct,95.0
2021-12-31,AUS,HepB3_coverage_pct,95.0
2021-12-31,AUS,IPV_polio_coverage_pct,95.0
2021-12-31,AUS,MCV1_measles_coverage_pct,93.0
2021-12-31,AUT,DTP3_coverage_pct,85.0
2021-12-31,AUT,HepB3_coverage_pct,85.0
2021-12-31,AUT,IPV_polio_coverage_pct,85.0
2021-12-31,AUT,MCV1_measles_coverage_pct,95.0
2021-12-31,AZE,BCG_coverage_pct,95.0
2021-12-31,AZE,DTP3_coverage_pct,49.0
2021-12-31,AZE,HepB3_coverage_pct,49.0
2021-12-31,AZE,IPV_polio_coverage_pct,0.0
2021-12-31,AZE,MCV1_measles_coverage_pct,66.0
2021-12-31,BDI,BCG_coverage_pct,95.0
2021-12-31,BDI,DTP3_coverage_pct,94.0
2021-12-31,BDI,HepB3_coverage_pct,94.0
2021-12-31,BDI,IPV_polio_coverage_pct,0.0
2021-12-31,BDI,MCV1_measles_coverage_pct,90.0
2021-12-31,BEL,DTP3_coverage_pct,98.0
2021-12-31,BEL,HepB3_coverage_pct,97.0
2021-12-31,BEL,IPV_polio_coverage_pct,98.0
2021-12-31,BEL,MCV1_measles_coverage_pct,96.0
2021-12-31,BEN,BCG_coverage_pct,93.0
2021-12-31,BEN,DTP3_coverage_pct,70.0
2021-12-31,BEN,HepB3_coverage_pct,70.0
2021-12-31,BEN,IPV_polio_coverage_pct,0.0
2021-12-31,BEN,MCV1_measles_coverage_pct,53.0
2021-12-31,BFA,BCG_coverage_pct,98.0
2021-12-31,BFA,DTP3_coverage_pct,91.0
2021-12-31,BFA,HepB3_coverage_pct,91.0
2021-12-31,BFA,IPV_polio_coverage_pct,0.0
2021-12-31,BFA,MCV1_measles_coverage_pct,88.0
2021-12-31,BGD,BCG_coverage_pct,99.0
2021-12-31,BGD,DTP3_coverage_pct,97.0
2021-12-31,BGD,HepB3_coverage_pct,97.0
2021-12-31,BGD,IPV_polio_coverage_pct,0.0
2021-12-31,BGD,MCV1_measles_coverage_pct,97.0
2021-12-31,BGR,BCG_coverage_pct,97.0
2021-12-31,BGR,DTP3_coverage_pct,89.0
2021-12-31,BGR,HepB3_coverage_pct,89.0
2021-12-31,BGR,IPV_polio_coverage_pct,89.0
2021-12-31,BGR,MCV1_measles_coverage_pct,89.0
2021-12-31,BHR,DTP3_coverage_pct,98.0
2021-12-31,BHR,HepB3_coverage_pct,98.0
2021-12-31,BHR,IPV_polio_coverage_pct,99.0
2021-12-31,BHR,MCV1_measles_coverage_pct,99.0
2021-12-31,BHS,DTP3_coverage_pct,86.0
2021-12-31,BHS,HepB3_coverage_pct,86.0
2021-12-31,BHS,IPV_polio_coverage_pct,86.0
2021-12-31,BHS,MCV1_measles_coverage_pct,82.0
2021-12-31,BIH,BCG_coverage_pct,94.0
2021-12-31,BIH,DTP3_coverage_pct,76.0
2021-12-31,BIH,HepB3_coverage_pct,79.0
2021-12-31,BIH,IPV_polio_coverage_pct,76.0
2021-12-31,BIH,MCV1_measles_coverage_pct,61.0
2021-12-31,BLR,BCG_coverage_pct,98.0
2021-12-31,BLR,DTP3_coverage_pct,98.0
2021-12-31,BLR,HepB3_coverage_pct,98.0
2021-12-31,BLR,IPV_polio_coverage_pct,97.0
2021-12-31,BLR,MCV1_measles_coverage_pct,98.0
2021-12-31,BLZ,BCG_coverage_pct,84.0
2021-12-31,BLZ,DTP3_coverage_pct,83.0
2021-12-31,BLZ,HepB3_coverage_pct,83.0
2021-12-31,BLZ,IPV_polio_coverage_pct,80.0
2021-12-31,BLZ,MCV1_measles_coverage_pct,79.0
2021-12-31,BOL,BCG_coverage_pct,78.0
2021-12-31,BOL,DTP3_coverage_pct,70.0
2021-12-31,BOL,HepB3_coverage_pct,70.0
2021-12-31,BOL,IPV_polio_coverage_pct,71.0
2021-12-31,BOL,MCV1_measles_coverage_pct,75.0
2021-12-31,BRA,BCG_coverage_pct,69.0
2021-12-31,BRA,DTP3_coverage_pct,68.0
2021-12-31,BRA,HepB3_coverage_pct,68.0
2021-12-31,BRA,IPV_polio_coverage_pct,68.0
2021-12-31,BRA,MCV1_measles_coverage_pct,73.0
2021-12-31,BRB,DTP3_coverage_pct,82.0
2021-12-31,BRB,HepB3_coverage_pct,82.0
2021-12-31,BRB,IPV_polio_coverage_pct,83.0
2021-12-31,BRB,MCV1_measles_coverage_pct,77.0
2021-12-31,BRN,BCG_coverage_pct,99.0
2021-12-31,BRN,DTP3_coverage_pct,99.0
2021-12-31,BRN,HepB3_coverage_pct,99.0
2021-12-31,BRN,IPV_polio_coverage_pct,99.0
2021-12-31,BRN,MCV1_measles_coverage_pct,99.0
2021-12-31,BTN,BCG_coverage_pct,99.0
2021-12-31,BTN,DTP3_coverage_pct,98.0
2021-12-31,BTN,HepB3_coverage_pct,98.0
2021-12-31,BTN,IPV_polio_coverage_pct,0.0
2021-12-31,BTN,MCV1_measles_coverage_pct,97.0
2021-12-31,BWA,BCG_coverage_pct,98.0
2021-12-31,BWA,DTP3_coverage_pct,95.0
2021-12-31,BWA,HepB3_coverage_pct,95.0
2021-12-31,BWA,IPV_polio_coverage_pct,0.0
2021-12-31,BWA,MCV1_measles_coverage_pct,97.0
2021-12-31,CAF,BCG_coverage_pct,55.0
2021-12-31,CAF,DTP3_coverage_pct,35.0
2021-12-31,CAF,HepB3_coverage_pct,35.0
2021-12-31,CAF,IPV_polio_coverage_pct,0.0
2021-12-31,CAF,MCV1_measles_coverage_pct,34.0
2021-12-31,CAN,DTP3_coverage_pct,92.0
2021-12-31,CAN,HepB3_coverage_pct,84.0
2021-12-31,CAN,IPV_polio_coverage_pct,92.0
2021-12-31,CAN,MCV1_measles_coverage_pct,90.0
2021-12-31,CHE,DTP3_coverage_pct,96.0
2021-12-31,CHE,HepB3_coverage_pct,73.0
2021-12-31,CHE,IPV_polio_coverage_pct,96.0
2021-12-31,CHE,MCV1_measles_coverage_pct,95.0
2021-12-31,CHL,BCG_coverage_pct,98.0
2021-12-31,CHL,DTP3_coverage_pct,95.0
2021-12-31,CHL,HepB3_coverage_pct,95.0
2021-12-31,CHL,IPV_polio_coverage_pct,95.0
2021-12-31,CHL,MCV1_measles_coverage_pct,92.0
2021-12-31,CHN,BCG_coverage_pct,99.0
2021-12-31,CHN,DTP3_coverage_pct,99.0
2021-12-31,CHN,HepB3_coverage_pct,99.0
2021-12-31,CHN,IPV_polio_coverage_pct,99.0
2021-12-31,CHN,MCV1_measles_coverage_pct,99.0
2021-12-31,CIV,BCG_coverage_pct,87.0
2021-12-31,CIV,DTP3_coverage_pct,71.0
2021-12-31,CIV,HepB3_coverage_pct,71.0
2021-12-31,CIV,IPV_polio_coverage_pct,0.0
2021-12-31,CIV,MCV1_measles_coverage_pct,62.0
2021-12-31,CMR,BCG_coverage_pct,80.0
2021-12-31,CMR,DTP3_coverage_pct,71.0
2021-12-31,CMR,HepB3_coverage_pct,71.0
2021-12-31,CMR,IPV_polio_coverage_pct,0.0
2021-12-31,CMR,MCV1_measles_coverage_pct,65.0
2021-12-31,COD,BCG_coverage_pct,67.0
2021-12-31,COD,DTP3_coverage_pct,65.0
2021-12-31,COD,HepB3_coverage_pct,65.0
2021-12-31,COD,IPV_polio_coverage_pct,0.0
2021-12-31,COD,MCV1_measles_coverage_pct,55.0
2021-12-31,COG,BCG_coverage_pct,81.0
2021-12-31,COG,DTP3_coverage_pct,77.0
2021-12-31,COG,HepB3_coverage_pct,77.0
2021-12-31,COG,IPV_polio_coverage_pct,0.0
2021-12-31,COG,MCV1_measles_coverage_pct,68.0
2021-12-31,COK,BCG_coverage_pct,97.0
2021-12-31,COK,DTP3_coverage_pct,81.0
2021-12-31,COK,HepB3_coverage_pct,81.0
2021-12-31,COK,IPV_polio_coverage_pct,0.0
2021-12-31,COK,MCV1_measles_coverage_pct,74.0
2021-12-31,COL,BCG_coverage_pct,87.0
2021-12-31,COL,DTP3_coverage_pct,87.0
2021-12-31,COL,HepB3_coverage_pct,87.0
2021-12-31,COL,IPV_polio_coverage_pct,86.0
2021-12-31,COL,MCV1_measles_coverage_pct,86.0
2021-12-31,COM,BCG_coverage_pct,85.0
2021-12-31,COM,DTP3_coverage_pct,72.0
2021-12-31,COM,HepB3_coverage_pct,72.0
2021-12-31,COM,IPV_polio_coverage_pct,0.0
2021-12-31,COM,MCV1_measles_coverage_pct,68.0
2021-12-31,CPV,BCG_coverage_pct,99.0
2021-12-31,CPV,DTP3_coverage_pct,93.0
2021-12-31,CPV,HepB3_coverage_pct,93.0
2021-12-31,CPV,IPV_polio_coverage_pct,0.0
2021-12-31,CPV,MCV1_measles_coverage_pct,95.0
2021-12-31,CRI,BCG_coverage_pct,88.0
2021-12-31,CRI,DTP3_coverage_pct,93.0
2021-12-31,CRI,HepB3_coverage_pct,87.0
2021-12-31,CRI,IPV_polio_coverage_pct,92.0
2021-12-31,CRI,MCV1_measles_coverage_pct,89.0
2021-12-31,CUB,BCG_coverage_pct,99.0
2021-12-31,CUB,DTP3_coverage_pct,99.0
2021-12-31,CUB,HepB3_coverage_pct,99.0
2021-12-31,CUB,IPV_polio_coverage_pct,99.0
2021-12-31,CUB,MCV1_measles_coverage_pct,99.0
2021-12-31,CYP,DTP3_coverage_pct,96.0
2021-12-31,CYP,HepB3_coverage_pct,94.0
2021-12-31,CYP,IPV_polio_coverage_pct,96.0
2021-12-31,CYP,MCV1_measles_coverage_pct,86.0
2021-12-31,CZE,DTP3_coverage_pct,94.0
2021-12-31,CZE,HepB3_coverage_pct,94.0
2021-12-31,CZE,IPV_polio_coverage_pct,94.0
2021-12-31,CZE,MCV1_measles_coverage_pct,97.0
2021-12-31,DEU,DTP3_coverage_pct,92.0
2021-12-31,DEU,HepB3_coverage_pct,87.0
2021-12-31,DEU,IPV_polio_coverage_pct,92.0
2021-12-31,DEU,MCV1_measles_coverage_pct,98.0
2021-12-31,DJI,BCG_coverage_pct,61.0
2021-12-31,DJI,DTP3_coverage_pct,59.0
2021-12-31,DJI,HepB3_coverage_pct,59.0
2021-12-31,DJI,IPV_polio_coverage_pct,0.0
2021-12-31,DJI,MCV1_measles_coverage_pct,50.0
2021-12-31,DMA,BCG_coverage_pct,89.0
2021-12-31,DMA,DTP3_coverage_pct,92.0
2021-12-31,DMA,HepB3_coverage_pct,92.0
2021-12-31,DMA,IPV_polio_coverage_pct,94.0
2021-12-31,DMA,MCV1_measles_coverage_pct,88.0
2021-12-31,DNK,DTP3_coverage_pct,97.0
2021-12-31,DNK,HepB3_coverage_pct,0.0
2021-12-31,DNK,IPV_polio_coverage_pct,97.0
2021-12-31,DNK,MCV1_measles_coverage_pct,95.0
2021-12-31,DOM,BCG_coverage_pct,99.0
2021-12-31,DOM,DTP3_coverage_pct,84.0
2021-12-31,DOM,HepB3_coverage_pct,83.0
2021-12-31,DOM,IPV_polio_coverage_pct,0.0
2021-12-31,DOM,MCV1_measles_coverage_pct,88.0
2021-12-31,DZA,BCG_coverage_pct,98.0
2021-12-31,DZA,DTP3_coverage_pct,81.0
2021-12-31,DZA,HepB3_coverage_pct,81.0
2021-12-31,DZA,IPV_polio_coverage_pct,0.0
2021-12-31,DZA,MCV1_measles_coverage_pct,79.0
2021-12-31,ECU,BCG_coverage_pct,75.0
2021-12-31,ECU,DTP3_coverage_pct,68.0
2021-12-31,ECU,HepB3_coverage_pct,68.0
2021-12-31,ECU,IPV_polio_coverage_pct,68.0
2021-12-31,ECU,MCV1_measles_coverage_pct,65.0
2021-12-31,EGY,BCG_coverage_pct,97.0
2021-12-31,EGY,DTP3_coverage_pct,96.0
2021-12-31,EGY,HepB3_coverage_pct,96.0
2021-12-31,EGY,IPV_polio_coverage_pct,96.0
2021-12-31,EGY,MCV1_measles_coverage_pct,96.0
2021-12-31,ERI,BCG_coverage_pct,97.0
2021-12-31,ERI,DTP3_coverage_pct,95.0
2021-12-31,ERI,HepB3_coverage_pct,95.0
2021-12-31,ERI,IPV_polio_coverage_pct,49.0
2021-12-31,ERI,MCV1_measles_coverage_pct,93.0
2021-12-31,ESP,DTP3_coverage_pct,93.0
2021-12-31,ESP,HepB3_coverage_pct,93.0
2021-12-31,ESP,IPV_polio_coverage_pct,93.0
2021-12-31,ESP,MCV1_measles_coverage_pct,95.0
2021-12-31,EST,BCG_coverage_pct,90.0
2021-12-31,EST,DTP3_coverage_pct,90.0
2021-12-31,EST,HepB3_coverage_pct,84.0
2021-12-31,EST,IPV_polio_coverage_pct,89.0
2021-12-31,EST,MCV1_measles_coverage_pct,89.0
2021-12-31,ETH,BCG_coverage_pct,70.0
2021-12-31,ETH,DTP3_coverage_pct,69.0
2021-12-31,ETH,HepB3_coverage_pct,69.0
2021-12-31,ETH,IPV_polio_coverage_pct,0.0
2021-12-31,ETH,MCV1_measles_coverage_pct,65.0
2021-12-31,FIN,DTP3_coverage_pct,89.0
2021-12-31,FIN,HepB3_coverage_pct,0.0
2021-12-31,FIN,IPV_polio_coverage_pct,89.0
2021-12-31,FIN,MCV1_measles_coverage_pct,93.0
2021-12-31,FJI,BCG_coverage_pct,96.0
2021-12-31,FJI,DTP3_coverage_pct,98.0
2021-12-31,FJI,HepB3_coverage_pct,98.0
2021-12-31,FJI,IPV_polio_coverage_pct,0.0
2021-12-31,FJI,MCV1_measles_coverage_pct,98.0
2021-12-31,FRA,DTP3_coverage_pct,96.0
2021-12-31,FRA,HepB3_coverage_pct,96.0
2021-12-31,FRA,IPV_polio_coverage_pct,96.0
2021-12-31,FRA,MCV1_measles_coverage_pct,94.0
2021-12-31,FSM,BCG_coverage_pct,59.0
2021-12-31,FSM,DTP3_coverage_pct,72.0
2021-12-31,FSM,HepB3_coverage_pct,79.0
2021-12-31,FSM,IPV_polio_coverage_pct,72.0
2021-12-31,FSM,MCV1_measles_coverage_pct,64.0
2021-12-31,GAB,BCG_coverage_pct,83.0
2021-12-31,GAB,DTP3_coverage_pct,75.0
2021-12-31,GAB,HepB3_coverage_pct,75.0
2021-12-31,GAB,IPV_polio_coverage_pct,0.0
2021-12-31,GAB,MCV1_measles_coverage_pct,64.0
2021-12-31,GBR,DTP3_coverage_pct,93.0
2021-12-31,GBR,HepB3_coverage_pct,93.0
2021-12-31,GBR,IPV_polio_coverage_pct,93.0
2021-12-31,GBR,MCV1_measles_coverage_pct,91.0
2021-12-31,GEO,BCG_coverage_pct,96.0
2021-12-31,GEO,DTP3_coverage_pct,85.0
2021-12-31,GEO,HepB3_coverage_pct,85.0
2021-12-31,GEO,IPV_polio_coverage_pct,85.0
2021-12-31,GEO,MCV1_measles_coverage_pct,90.0
2021-12-31,GHA,BCG_coverage_pct,99.0
2021-12-31,GHA,DTP3_coverage_pct,98.0
2021-12-31,GHA,HepB3_coverage_pct,98.0
2021-12-31,GHA,IPV_polio_coverage_pct,0.0
2021-12-31,GHA,MCV1_measles_coverage_pct,94.0
2021-12-31,GIN,BCG_coverage_pct,74.0
2021-12-31,GIN,DTP3_coverage_pct,56.0
2021-12-31,GIN,HepB3_coverage_pct,56.0
2021-12-31,GIN,IPV_polio_coverage_pct,0.0
2021-12-31,GIN,MCV1_measles_coverage_pct,51.0
2021-12-31,GMB,BCG_coverage_pct,81.0
2021-12-31,GMB,DTP3_coverage_pct,82.0
2021-12-31,GMB,HepB3_coverage_pct,82.0
2021-12-31,GMB,IPV_polio_coverage_pct,17.0
2021-12-31,GMB,MCV1_measles_coverage_pct,79.0
2021-12-31,GNB,BCG_coverage_pct,43.0
2021-12-31,GNB,DTP3_coverage_pct,78.0
2021-12-31,GNB,HepB3_coverage_pct,78.0
2021-12-31,GNB,IPV_polio_coverage_pct,0.0
2021-12-31,GNB,MCV1_measles_coverage_pct,70.0
2021-12-31,GNQ,BCG_coverage_pct,88.0
2021-12-31,GNQ,DTP3_coverage_pct,67.0
2021-12-31,GNQ,HepB3_coverage_pct,67.0
2021-12-31,GNQ,IPV_polio_coverage_pct,0.0
2021-12-31,GNQ,MCV1_measles_coverage_pct,59.0
2021-12-31,GRC,DTP3_coverage_pct,99.0
2021-12-31,GRC,HepB3_coverage_pct,96.0
2021-12-31,GRC,IPV_polio_coverage_pct,99.0
2021-12-31,GRC,MCV1_measles_coverage_pct,97.0
2021-12-31,GRD,DTP3_coverage_pct,77.0
2021-12-31,GRD,HepB3_coverage_pct,77.0
2021-12-31,GRD,IPV_polio_coverage_pct,74.0
2021-12-31,GRD,MCV1_measles_coverage_pct,70.0
2021-12-31,GTM,BCG_coverage_pct,85.0
2021-12-31,GTM,DTP3_coverage_pct,80.0
2021-12-31,GTM,HepB3_coverage_pct,80.0
2021-12-31,GTM,IPV_polio_coverage_pct,84.0
2021-12-31,GTM,MCV1_measles_coverage_pct,88.0
2021-12-31,GUY,BCG_coverage_pct,90.0
2021-12-31,GUY,DTP3_coverage_pct,98.0
2021-12-31,GUY,HepB3_coverage_pct,98.0
2021-12-31,GUY,IPV_polio_coverage_pct,94.0
2021-12-31,GUY,MCV1_measles_coverage_pct,95.0
2021-12-31,HND,BCG_coverage_pct,90.0
2021-12-31,HND,DTP3_coverage_pct,89.0
2021-12-31,HND,HepB3_coverage_pct,89.0
2021-12-31,HND,IPV_polio_coverage_pct,91.0
2021-12-31,HND,MCV1_measles_coverage_pct,89.0
2021-12-31,HRV,BCG_coverage_pct,97.0
2021-12-31,HRV,DTP3_coverage_pct,92.0
2021-12-31,HRV,HepB3_coverage_pct,90.0
2021-12-31,HRV,IPV_polio_coverage_pct,92.0
2021-12-31,HRV,MCV1_measles_coverage_pct,89.0
2021-12-31,HTI,BCG_coverage_pct,67.0
2021-12-31,HTI,DTP3_coverage_pct,48.0
2021-12-31,HTI,HepB3_coverage_pct,48.0
2021-12-31,HTI,IPV_polio_coverage_pct,0.0
2021-12-31,HTI,MCV1_measles_coverage_pct,63.0
2021-12-31,HUN,BCG_coverage_pct,99.0
2021-12-31,HUN,DTP3_coverage_pct,99.0
2021-12-31,HUN,HepB3_coverage_pct,0.0
2021-12-31,HUN,IPV_polio_coverage_pct,99.0
2021-12-31,HUN,MCV1_measles_coverage_pct,99.0
2021-12-31,IDN,BCG_coverage_pct,81.0
2021-12-31,IDN,DTP3_coverage_pct,67.0
2021-12-31,IDN,HepB3_coverage_pct,67.0
2021-12-31,IDN,IPV_polio_coverage_pct,0.0
2021-12-31,IDN,MCV1_measles_coverage_pct,72.0
2021-12-31,IND,BCG_coverage_pct,84.0
2021-12-31,IND,DTP3_coverage_pct,85.0
2021-12-31,IND,HepB3_coverage_pct,85.0
2021-12-31,IND,IPV_polio_coverage_pct,0.0
2021-12-31,IND,MCV1_measles_coverage_pct,89.0
2021-12-31,IRL,DTP3_coverage_pct,94.0
2021-12-31,IRL,HepB3_coverage_pct,93.0
2021-12-31,IRL,IPV_polio_coverage_pct,94.0
2021-12-31,IRL,MCV1_measles_coverage_pct,90.0
2021-12-31,IRN,BCG_coverage_pct,99.0
2021-12-31,IRN,DTP3_coverage_pct,98.0
2021-12-31,IRN,HepB3_coverage_pct,98.0
2021-12-31,IRN,IPV_polio_coverage_pct,98.0
2021-12-31,IRN,MCV1_measles_coverage_pct,99.0
2021-12-31,IRQ,BCG_coverage_pct,94.0
2021-12-31,IRQ,DTP3_coverage_pct,78.0
2021-12-31,IRQ,HepB3_coverage_pct,78.0
2021-12-31,IRQ,IPV_polio_coverage_pct,77.0
2021-12-31,IRQ,MCV1_measles_coverage_pct,84.0
2021-12-31,ISL,DTP3_coverage_pct,92.0
2021-12-31,ISL,HepB3_coverage_pct,0.0
2021-12-31,ISL,IPV_polio_coverage_pct,92.0
2021-12-31,ISL,MCV1_measles_coverage_pct,92.0
2021-12-31,ISR,DTP3_coverage_pct,98.0
2021-12-31,ISR,HepB3_coverage_pct,96.0
2021-12-31,ISR,IPV_polio_coverage_pct,98.0
2021-12-31,ISR,MCV1_measles_coverage_pct,99.0
2021-12-31,ITA,DTP3_coverage_pct,94.0
2021-12-31,ITA,HepB3_coverage_pct,94.0
2021-12-31,ITA,IPV_polio_coverage_pct,94.0
2021-12-31,ITA,MCV1_measles_coverage_pct,94.0
2021-12-31,JAM,BCG_coverage_pct,97.0
2021-12-31,JAM,DTP3_coverage_pct,90.0
2021-12-31,JAM,HepB3_coverage_pct,89.0
2021-12-31,JAM,IPV_polio_coverage_pct,4.0
2021-12-31,JAM,MCV1_measles_coverage_pct,88.0
2021-12-31,JOR,BCG_coverage_pct,81.0
2021-12-31,JOR,DTP3_coverage_pct,85.0
2021-12-31,JOR,HepB3_coverage_pct,85.0
2021-12-31,JOR,IPV_polio_coverage_pct,85.0
2021-12-31,JOR,MCV1_measles_coverage_pct,81.0
2021-12-31,JPN,BCG_coverage_pct,98.0
2021-12-31,JPN,DTP3_coverage_pct,99.0
2021-12-31,JPN,HepB3_coverage_pct,96.0
2021-12-31,JPN,IPV_polio_coverage_pct,99.0
2021-12-31,JPN,MCV1_measles_coverage_pct,95.0
2021-12-31,KAZ,BCG_coverage_pct,86.0
2021-12-31,KAZ,DTP3_coverage_pct,61.0
2021-12-31,KAZ,HepB3_coverage_pct,60.0
2021-12-31,KAZ,IPV_polio_coverage_pct,61.0
2021-12-31,KAZ,MCV1_measles_coverage_pct,70.0
2021-12-31,KEN,BCG_coverage_pct,94.0
2021-12-31,KEN,DTP3_coverage_pct,95.0
2021-12-31,KEN,HepB3_coverage_pct,95.0
2021-12-31,KEN,IPV_polio_coverage_pct,0.0
2021-12-31,KEN,MCV1_measles_coverage_pct,88.0
2021-12-31,KGZ,BCG_coverage_pct,97.0
2021-12-31,KGZ,DTP3_coverage_pct,89.0
2021-12-31,KGZ,HepB3_coverage_pct,89.0
2021-12-31,KGZ,IPV_polio_coverage_pct,0.0
2021-12-31,KGZ,MCV1_measles_coverage_pct,93.0
2021-12-31,KHM,BCG_coverage_pct,92.0
2021-12-31,KHM,DTP3_coverage_pct,86.0
2021-12-31,KHM,HepB3_coverage_pct,86.0
2021-12-31,KHM,IPV_polio_coverage_pct,0.0
2021-12-31,KHM,MCV1_measles_coverage_pct,83.0
2021-12-31,KIR,BCG_coverage_pct,96.0
2021-12-31,KIR,DTP3_coverage_pct,90.0
2021-12-31,KIR,HepB3_coverage_pct,90.0
2021-12-31,KIR,IPV_polio_coverage_pct,0.0
2021-12-31,KIR,MCV1_measles_coverage_pct,80.0
2021-12-31,KNA,BCG_coverage_pct,96.0
2021-12-31,KNA,DTP3_coverage_pct,96.0
2021-12-31,KNA,HepB3_coverage_pct,96.0
2021-12-31,KNA,IPV_polio_coverage_pct,0.0
2021-12-31,KNA,MCV1_measles_coverage_pct,96.0
2021-12-31,KOR,BCG_coverage_pct,98.0
2021-12-31,KOR,DTP3_coverage_pct,98.0
2021-12-31,KOR,HepB3_coverage_pct,98.0
2021-12-31,KOR,IPV_polio_coverage_pct,98.0
2021-12-31,KOR,MCV1_measles_coverage_pct,98.0
2021-12-31,KWT,BCG_coverage_pct,99.0
2021-12-31,KWT,DTP3_coverage_pct,94.0
2021-12-31,KWT,HepB3_coverage_pct,94.0
2021-12-31,KWT,IPV_polio_coverage_pct,94.0
2021-12-31,KWT,MCV1_measles_coverage_pct,94.0
2021-12-31,LAO,BCG_coverage_pct,74.0
2021-12-31,LAO,DTP3_coverage_pct,65.0
2021-12-31,LAO,HepB3_coverage_pct,65.0
2021-12-31,LAO,IPV_polio_coverage_pct,0.0
2021-12-31,LAO,MCV1_measles_coverage_pct,62.0
2021-12-31,LBN,DTP3_coverage_pct,67.0
2021-12-31,LBN,HepB3_coverage_pct,67.0
2021-12-31,LBN,IPV_polio_coverage_pct,0.0
2021-12-31,LBN,MCV1_measles_coverage_pct,67.0
2021-12-31,LBR,BCG_coverage_pct,81.0
2021-12-31,LBR,DTP3_coverage_pct,67.0
2021-12-31,LBR,HepB3_coverage_pct,67.0
2021-12-31,LBR,IPV_polio_coverage_pct,0.0
2021-12-31,LBR,MCV1_measles_coverage_pct,58.0
2021-12-31,LBY,BCG_coverage_pct,74.0
2021-12-31,LBY,DTP3_coverage_pct,73.0
2021-12-31,LBY,HepB3_coverage_pct,73.0
2021-12-31,LBY,IPV_polio_coverage_pct,73.0
2021-12-31,LBY,MCV1_measles_coverage_pct,73.0
2021-12-31,LCA,BCG_coverage_pct,81.0
2021-12-31,LCA,DTP3_coverage_pct,80.0
2021-12-31,LCA,HepB3_coverage_pct,80.0
2021-12-31,LCA,IPV_polio_coverage_pct,0.0
2021-12-31,LCA,MCV1_measles_coverage_pct,77.0
2021-12-31,LKA,BCG_coverage_pct,99.0
2021-12-31,LKA,DTP3_coverage_pct,96.0
2021-12-31,LKA,HepB3_coverage_pct,96.0
2021-12-31,LKA,IPV_polio_coverage_pct,0.0
2021-12-31,LKA,MCV1_measles_coverage_pct,97.0
2021-12-31,LSO,BCG_coverage_pct,99.0
2021-12-31,LSO,DTP3_coverage_pct,95.0
2021-12-31,LSO,HepB3_coverage_pct,95.0
2021-12-31,LSO,IPV_polio_coverage_pct,0.0
2021-12-31,LSO,MCV1_measles_coverage_pct,90.0
2021-12-31,LTU,BCG_coverage_pct,93.0
2021-12-31,LTU,DTP3_coverage_pct,90.0
2021-12-31,LTU,HepB3_coverage_pct,90.0
2021-12-31,LTU,IPV_polio_coverage_pct,90.0
2021-12-31,LTU,MCV1_measles_coverage_pct,88.0
2021-12-31,LUX,DTP3_coverage_pct,99.0
2021-12-31,LUX,HepB3_coverage_pct,96.0
2021-12-31,LUX,IPV_polio_coverage_pct,99.0
2021-12-31,LUX,MCV1_measles_coverage_pct,99.0
2021-12-31,LVA,BCG_coverage_pct,96.0
2021-12-31,LVA,DTP3_coverage_pct,94.0
2021-12-31,LVA,HepB3_coverage_pct,94.0
2021-12-31,LVA,IPV_polio_coverage_pct,94.0
2021-12-31,LVA,MCV1_measles_coverage_pct,97.0
2021-12-31,MAR,BCG_coverage_pct,99.0
2021-12-31,MAR,DTP3_coverage_pct,99.0
2021-12-31,MAR,HepB3_coverage_pct,99.0
2021-12-31,MAR,IPV_polio_coverage_pct,0.0
2021-12-31,MAR,MCV1_measles_coverage_pct,99.0
2021-12-31,MCO,DTP3_coverage_pct,99.0
2021-12-31,MCO,HepB3_coverage_pct,99.0
2021-12-31,MCO,IPV_polio_coverage_pct,99.0
2021-12-31,MCO,MCV1_measles_coverage_pct,88.0
2021-12-31,MDA,BCG_coverage_pct,98.0
2021-12-31,MDA,DTP3_coverage_pct,87.0
2021-12-31,MDA,HepB3_coverage_pct,87.0
2021-12-31,MDA,IPV_polio_coverage_pct,0.0
2021-12-31,MDA,MCV1_measles_coverage_pct,83.0
2021-12-31,MDG,BCG_coverage_pct,53.0
2021-12-31,MDG,DTP3_coverage_pct,55.0
2021-12-31,MDG,HepB3_coverage_pct,55.0
2021-12-31,MDG,IPV_polio_coverage_pct,5.0
2021-12-31,MDG,MCV1_measles_coverage_pct,43.0
2021-12-31,MDV,BCG_coverage_pct,99.0
2021-12-31,MDV,DTP3_coverage_pct,95.0
2021-12-31,MDV,HepB3_coverage_pct,95.0
2021-12-31,MDV,IPV_polio_coverage_pct,0.0
2021-12-31,MDV,MCV1_measles_coverage_pct,97.0
2021-12-31,MEX,BCG_coverage_pct,99.0
2021-12-31,MEX,DTP3_coverage_pct,78.0
2021-12-31,MEX,HepB3_coverage_pct,80.0
2021-12-31,MEX,IPV_polio_coverage_pct,78.0
2021-12-31,MEX,MCV1_measles_coverage_pct,99.0
2021-12-31,MHL,BCG_coverage_pct,83.0
2021-12-31,MHL,DTP3_coverage_pct,86.0
2021-12-31,MHL,HepB3_coverage_pct,89.0
2021-12-31,MHL,IPV_polio_coverage_pct,85.0
2021-12-31,MHL,MCV1_measles_coverage_pct,85.0
2021-12-31,MKD,BCG_coverage_pct,93.0
2021-12-31,MKD,DTP3_coverage_pct,81.0
2021-12-31,MKD,HepB3_coverage_pct,79.0
2021-12-31,MKD,IPV_polio_coverage_pct,81.0
2021-12-31,MKD,MCV1_measles_coverage_pct,70.0
2021-12-31,MLI,BCG_coverage_pct,82.0
2021-12-31,MLI,DTP3_coverage_pct,75.0
2021-12-31,MLI,HepB3_coverage_pct,75.0
2021-12-31,MLI,IPV_polio_coverage_pct,4.0
2021-12-31,MLI,MCV1_measles_coverage_pct,71.0
2021-12-31,MLT,DTP3_coverage_pct,99.0
2021-12-31,MLT,HepB3_coverage_pct,99.0
2021-12-31,MLT,IPV_polio_coverage_pct,99.0
2021-12-31,MLT,MCV1_measles_coverage_pct,90.0
2021-12-31,MMR,BCG_coverage_pct,48.0
2021-12-31,MMR,DTP3_coverage_pct,37.0
2021-12-31,MMR,HepB3_coverage_pct,37.0
2021-12-31,MMR,IPV_polio_coverage_pct,0.0
2021-12-31,MMR,MCV1_measles_coverage_pct,44.0
2021-12-31,MNE,BCG_coverage_pct,76.0
2021-12-31,MNE,DTP3_coverage_pct,83.0
2021-12-31,MNE,HepB3_coverage_pct,51.0
2021-12-31,MNE,IPV_polio_coverage_pct,83.0
2021-12-31,MNE,MCV1_measles_coverage_pct,18.0
2021-12-31,MNG,BCG_coverage_pct,99.0
2021-12-31,MNG,DTP3_coverage_pct,95.0
2021-12-31,MNG,HepB3_coverage_pct,95.0
2021-12-31,MNG,IPV_polio_coverage_pct,0.0
2021-12-31,MNG,MCV1_measles_coverage_pct,95.0
2021-12-31,MOZ,BCG_coverage_pct,84.0
2021-12-31,MOZ,DTP3_coverage_pct,56.0
2021-12-31,MOZ,HepB3_coverage_pct,56.0
2021-12-31,MOZ,IPV_polio_coverage_pct,0.0
2021-12-31,MOZ,MCV1_measles_coverage_pct,62.0
2021-12-31,MRT,BCG_coverage_pct,89.0
2021-12-31,MRT,DTP3_coverage_pct,77.0
2021-12-31,MRT,HepB3_coverage_pct,77.0
2021-12-31,MRT,IPV_polio_coverage_pct,0.0
2021-12-31,MRT,MCV1_measles_coverage_pct,75.0
2021-12-31,MUS,BCG_coverage_pct,96.0
2021-12-31,MUS,DTP3_coverage_pct,95.0
2021-12-31,MUS,HepB3_coverage_pct,94.0
2021-12-31,MUS,IPV_polio_coverage_pct,95.0
2021-12-31,MUS,MCV1_measles_coverage_pct,97.0
2021-12-31,MWI,BCG_coverage_pct,97.0
2021-12-31,MWI,DTP3_coverage_pct,93.0
2021-12-31,MWI,HepB3_coverage_pct,93.0
2021-12-31,MWI,IPV_polio_coverage_pct,0.0
2021-12-31,MWI,MCV1_measles_coverage_pct,90.0
2021-12-31,MYS,BCG_coverage_pct,99.0
2021-12-31,MYS,DTP3_coverage_pct,95.0
2021-12-31,MYS,HepB3_coverage_pct,94.0
2021-12-31,MYS,IPV_polio_coverage_pct,95.0
2021-12-31,MYS,MCV1_measles_coverage_pct,96.0
2021-12-31,NAM,BCG_coverage_pct,93.0
2021-12-31,NAM,DTP3_coverage_pct,94.0
2021-12-31,NAM,HepB3_coverage_pct,94.0
2021-12-31,NAM,IPV_polio_coverage_pct,0.0
2021-12-31,NAM,MCV1_measles_coverage_pct,91.0
2021-12-31,NER,BCG_coverage_pct,95.0
2021-12-31,NER,DTP3_coverage_pct,82.0
2021-12-31,NER,HepB3_coverage_pct,82.0
2021-12-31,NER,IPV_polio_coverage_pct,0.0
2021-12-31,NER,MCV1_measles_coverage_pct,80.0
2021-12-31,NGA,BCG_coverage_pct,60.0
2021-12-31,NGA,DTP3_coverage_pct,50.0
2021-12-31,NGA,HepB3_coverage_pct,50.0
2021-12-31,NGA,IPV_polio_coverage_pct,17.0
2021-12-31,NGA,MCV1_measles_coverage_pct,48.0
2021-12-31,NIC,BCG_coverage_pct,96.0
2021-12-31,NIC,DTP3_coverage_pct,99.0
2021-12-31,NIC,HepB3_coverage_pct,99.0
2021-12-31,NIC,IPV_polio_coverage_pct,0.0
2021-12-31,NIC,MCV1_measles_coverage_pct,99.0
2021-12-31,NIU,BCG_coverage_pct,88.0
2021-12-31,NIU,DTP3_coverage_pct,99.0
2021-12-31,NIU,HepB3_coverage_pct,99.0
2021-12-31,NIU,IPV_polio_coverage_pct,99.0
2021-12-31,NIU,MCV1_measles_coverage_pct,99.0
2021-12-31,NLD,DTP3_coverage_pct,95.0
2021-12-31,NLD,HepB3_coverage_pct,93.0
2021-12-31,NLD,IPV_polio_coverage_pct,95.0
2021-12-31,NLD,MCV1_measles_coverage_pct,93.0
2021-12-31,NOR,DTP3_coverage_pct,97.0
2021-12-31,NOR,HepB3_coverage_pct,96.0
2021-12-31,NOR,IPV_polio_coverage_pct,97.0
2021-12-31,NOR,MCV1_measles_coverage_pct,97.0
2021-12-31,NPL,BCG_coverage_pct,95.0
2021-12-31,NPL,DTP3_coverage_pct,91.0
2021-12-31,NPL,HepB3_coverage_pct,91.0
2021-12-31,NPL,IPV_polio_coverage_pct,0.0
2021-12-31,NPL,MCV1_measles_coverage_pct,90.0
2021-12-31,NRU,BCG_coverage_pct,99.0
2021-12-31,NRU,DTP3_coverage_pct,98.0
2021-12-31,NRU,HepB3_coverage_pct,98.0
2021-12-31,NRU,IPV_polio_coverage_pct,0.0
2021-12-31,NRU,MCV1_measles_coverage_pct,98.0
2021-12-31,NZL,DTP3_coverage_pct,90.0
2021-12-31,NZL,HepB3_coverage_pct,90.0
2021-12-31,NZL,IPV_polio_coverage_pct,90.0
2021-12-31,NZL,MCV1_measles_coverage_pct,91.0
2021-12-31,OMN,BCG_coverage_pct,99.0
2021-12-31,OMN,DTP3_coverage_pct,99.0
2021-12-31,OMN,HepB3_coverage_pct,99.0
2021-12-31,OMN,IPV_polio_coverage_pct,99.0
2021-12-31,OMN,MCV1_measles_coverage_pct,99.0
2021-12-31,PAK,BCG_coverage_pct,93.0
2021-12-31,PAK,DTP3_coverage_pct,83.0
2021-12-31,PAK,HepB3_coverage_pct,83.0
2021-12-31,PAK,IPV_polio_coverage_pct,29.0
2021-12-31,PAK,MCV1_measles_coverage_pct,81.0
2021-12-31,PAN,BCG_coverage_pct,99.0
2021-12-31,PAN,DTP3_coverage_pct,87.0
2021-12-31,PAN,HepB3_coverage_pct,87.0
2021-12-31,PAN,IPV_polio_coverage_pct,87.0
2021-12-31,PAN,MCV1_measles_coverage_pct,92.0
2021-12-31,PER,BCG_coverage_pct,87.0
2021-12-31,PER,DTP3_coverage_pct,82.0
2021-12-31,PER,HepB3_coverage_pct,82.0
2021-12-31,PER,IPV_polio_coverage_pct,84.0
2021-12-31,PER,MCV1_measles_coverage_pct,78.0
2021-12-31,PHL,BCG_coverage_pct,71.0
2021-12-31,PHL,DTP3_coverage_pct,69.0
2021-12-31,PHL,HepB3_coverage_pct,67.0
2021-12-31,PHL,IPV_polio_coverage_pct,5.0
2021-12-31,PHL,MCV1_measles_coverage_pct,64.0
2021-12-31,PLW,DTP3_coverage_pct,95.0
2021-12-31,PLW,HepB3_coverage_pct,96.0
2021-12-31,PLW,IPV_polio_coverage_pct,95.0
2021-12-31,PLW,MCV1_measles_coverage_pct,93.0
2021-12-31,PNG,BCG_coverage_pct,42.0
2021-12-31,PNG,DTP3_coverage_pct,32.0
2021-12-31,PNG,HepB3_coverage_pct,32.0
2021-12-31,PNG,IPV_polio_coverage_pct,1.0
2021-12-31,PNG,MCV1_measles_coverage_pct,35.0
2021-12-31,POL,BCG_coverage_pct,92.0
2021-12-31,POL,DTP3_coverage_pct,94.0
2021-12-31,POL,HepB3_coverage_pct,89.0
2021-12-31,POL,IPV_polio_coverage_pct,84.0
2021-12-31,POL,MCV1_measles_coverage_pct,91.0
2021-12-31,PRK,BCG_coverage_pct,95.0
2021-12-31,PRK,DTP3_coverage_pct,99.0
2021-12-31,PRK,HepB3_coverage_pct,99.0
2021-12-31,PRK,IPV_polio_coverage_pct,0.0
2021-12-31,PRK,MCV1_measles_coverage_pct,99.0
2021-12-31,PRT,DTP3_coverage_pct,99.0
2021-12-31,PRT,HepB3_coverage_pct,99.0
2021-12-31,PRT,IPV_polio_coverage_pct,99.0
2021-12-31,PRT,MCV1_measles_coverage_pct,98.0
2021-12-31,PRY,BCG_coverage_pct,79.0
2021-12-31,PRY,DTP3_coverage_pct,70.0
2021-12-31,PRY,HepB3_coverage_pct,70.0
2021-12-31,PRY,IPV_polio_coverage_pct,73.0
2021-12-31,PRY,MCV1_measles_coverage_pct,68.0
2021-12-31,PSE,BCG_coverage_pct,99.0
2021-12-31,PSE,DTP3_coverage_pct,95.0
2021-12-31,PSE,HepB3_coverage_pct,95.0
2021-12-31,PSE,IPV_polio_coverage_pct,97.0
2021-12-31,PSE,MCV1_measles_coverage_pct,98.0
2021-12-31,QAT,BCG_coverage_pct,99.0
2021-12-31,QAT,DTP3_coverage_pct,98.0
2021-12-31,QAT,HepB3_coverage_pct,98.0
2021-12-31,QAT,IPV_polio_coverage_pct,98.0
2021-12-31,QAT,MCV1_measles_coverage_pct,99.0
2021-12-31,ROU,BCG_coverage_pct,97.0
2021-12-31,ROU,DTP3_coverage_pct,86.0
2021-12-31,ROU,HepB3_coverage_pct,86.0
2021-12-31,ROU,IPV_polio_coverage_pct,86.0
2021-12-31,ROU,MCV1_measles_coverage_pct,86.0
2021-12-31,RUS,BCG_coverage_pct,95.0
2021-12-31,RUS,DTP3_coverage_pct,97.0
2021-12-31,RUS,HepB3_coverage_pct,97.0
2021-12-31,RUS,IPV_polio_coverage_pct,97.0
2021-12-31,RUS,MCV1_measles_coverage_pct,97.0
2021-12-31,RWA,BCG_coverage_pct,89.0
2021-12-31,RWA,DTP3_coverage_pct,88.0
2021-12-31,RWA,HepB3_coverage_pct,88.0
2021-12-31,RWA,IPV_polio_coverage_pct,0.0
2021-12-31,RWA,MCV1_measles_coverage_pct,87.0
2021-12-31,SAU,BCG_coverage_pct,94.0
2021-12-31,SAU,DTP3_coverage_pct,97.0
2021-12-31,SAU,HepB3_coverage_pct,97.0
2021-12-31,SAU,IPV_polio_coverage_pct,97.0
2021-12-31,SAU,MCV1_measles_coverage_pct,98.0
2021-12-31,SDN,BCG_coverage_pct,80.0
2021-12-31,SDN,DTP3_coverage_pct,84.0
2021-12-31,SDN,HepB3_coverage_pct,84.0
2021-12-31,SDN,IPV_polio_coverage_pct,36.0
2021-12-31,SDN,MCV1_measles_coverage_pct,81.0
2021-12-31,SEN,BCG_coverage_pct,92.0
2021-12-31,SEN,DTP3_coverage_pct,85.0
2021-12-31,SEN,HepB3_coverage_pct,85.0
2021-12-31,SEN,IPV_polio_coverage_pct,0.0
2021-12-31,SEN,MCV1_measles_coverage_pct,88.0
2021-12-31,SGP,BCG_coverage_pct,98.0
2021-12-31,SGP,DTP3_coverage_pct,98.0
2021-12-31,SGP,HepB3_coverage_pct,97.0
2021-12-31,SGP,IPV_polio_coverage_pct,98.0
2021-12-31,SGP,MCV1_measles_coverage_pct,96.0
2021-12-31,SLB,BCG_coverage_pct,83.0
2021-12-31,SLB,DTP3_coverage_pct,87.0
2021-12-31,SLB,HepB3_coverage_pct,87.0
2021-12-31,SLB,IPV_polio_coverage_pct,0.0
2021-12-31,SLB,MCV1_measles_coverage_pct,67.0
2021-12-31,SLE,BCG_coverage_pct,98.0
2021-12-31,SLE,DTP3_coverage_pct,92.0
2021-12-31,SLE,HepB3_coverage_pct,92.0
2021-12-31,SLE,IPV_polio_coverage_pct,4.0
2021-12-31,SLE,MCV1_measles_coverage_pct,87.0
2021-12-31,SLV,BCG_coverage_pct,96.0
2021-12-31,SLV,DTP3_coverage_pct,97.0
2021-12-31,SLV,HepB3_coverage_pct,97.0
2021-12-31,SLV,IPV_polio_coverage_pct,96.0
2021-12-31,SLV,MCV1_measles_coverage_pct,97.0
2021-12-31,SMR,DTP3_coverage_pct,90.0
2021-12-31,SMR,HepB3_coverage_pct,90.0
2021-12-31,SMR,IPV_polio_coverage_pct,90.0
2021-12-31,SMR,MCV1_measles_coverage_pct,89.0
2021-12-31,SOM,BCG_coverage_pct,64.0
2021-12-31,SOM,DTP3_coverage_pct,62.0
2021-12-31,SOM,HepB3_coverage_pct,62.0
2021-12-31,SOM,IPV_polio_coverage_pct,2.0
2021-12-31,SOM,MCV1_measles_coverage_pct,58.0
2021-12-31,SRB,BCG_coverage_pct,98.0
2021-12-31,SRB,DTP3_coverage_pct,91.0
2021-12-31,SRB,HepB3_coverage_pct,89.0
2021-12-31,SRB,IPV_polio_coverage_pct,91.0
2021-12-31,SRB,MCV1_measles_coverage_pct,75.0
2021-12-31,SSD,BCG_coverage_pct,71.0
2021-12-31,SSD,DTP3_coverage_pct,69.0
2021-12-31,SSD,HepB3_coverage_pct,69.0
2021-12-31,SSD,IPV_polio_coverage_pct,8.0
2021-12-31,SSD,MCV1_measles_coverage_pct,74.0
2021-12-31,STP,BCG_coverage_pct,93.0
2021-12-31,STP,DTP3_coverage_pct,97.0
2021-12-31,STP,HepB3_coverage_pct,97.0
2021-12-31,STP,IPV_polio_coverage_pct,0.0
2021-12-31,STP,MCV1_measles_coverage_pct,77.0
2021-12-31,SUR,DTP3_coverage_pct,72.0
2021-12-31,SUR,HepB3_coverage_pct,72.0
2021-12-31,SUR,IPV_polio_coverage_pct,0.0
2021-12-31,SUR,MCV1_measles_coverage_pct,58.0
2021-12-31,SVK,BCG_coverage_pct,0.0
2021-12-31,SVK,DTP3_coverage_pct,97.0
2021-12-31,SVK,HepB3_coverage_pct,97.0
2021-12-31,SVK,IPV_polio_coverage_pct,97.0
2021-12-31,SVK,MCV1_measles_coverage_pct,95.0
2021-12-31,SVN,DTP3_coverage_pct,86.0
2021-12-31,SVN,HepB3_coverage_pct,86.0
2021-12-31,SVN,IPV_polio_coverage_pct,86.0
2021-12-31,SVN,MCV1_measles_coverage_pct,95.0
2021-12-31,SWE,BCG_coverage_pct,24.0
2021-12-31,SWE,DTP3_coverage_pct,98.0
2021-12-31,SWE,HepB3_coverage_pct,98.0
2021-12-31,SWE,IPV_polio_coverage_pct,98.0
2021-12-31,SWE,MCV1_measles_coverage_pct,97.0
2021-12-31,SWZ,BCG_coverage_pct,96.0
2021-12-31,SWZ,DTP3_coverage_pct,77.0
2021-12-31,SWZ,HepB3_coverage_pct,77.0
2021-12-31,SWZ,IPV_polio_coverage_pct,0.0
2021-12-31,SWZ,MCV1_measles_coverage_pct,80.0
2021-12-31,SYC,BCG_coverage_pct,99.0
2021-12-31,SYC,DTP3_coverage_pct,94.0
2021-12-31,SYC,HepB3_coverage_pct,94.0
2021-12-31,SYC,IPV_polio_coverage_pct,0.0
2021-12-31,SYC,MCV1_measles_coverage_pct,94.0
2021-12-31,SYR,BCG_coverage_pct,76.0
2021-12-31,SYR,DTP3_coverage_pct,61.0
2021-12-31,SYR,HepB3_coverage_pct,59.0
2021-12-31,SYR,IPV_polio_coverage_pct,66.0
2021-12-31,SYR,MCV1_measles_coverage_pct,70.0
2021-12-31,TCD,BCG_coverage_pct,92.0
2021-12-31,TCD,DTP3_coverage_pct,62.0
2021-12-31,TCD,HepB3_coverage_pct,62.0
2021-12-31,TCD,IPV_polio_coverage_pct,0.0
2021-12-31,TCD,MCV1_measles_coverage_pct,53.0
2021-12-31,TGO,BCG_coverage_pct,99.0
2021-12-31,TGO,DTP3_coverage_pct,90.0
2021-12-31,TGO,HepB3_coverage_pct,90.0
2021-12-31,TGO,IPV_polio_coverage_pct,0.0
2021-12-31,TGO,MCV1_measles_coverage_pct,80.0
2021-12-31,THA,BCG_coverage_pct,99.0
2021-12-31,THA,DTP3_coverage_pct,92.0
2021-12-31,THA,HepB3_coverage_pct,92.0
2021-12-31,THA,IPV_polio_coverage_pct,0.0
2021-12-31,THA,MCV1_measles_coverage_pct,93.0
2021-12-31,TJK,BCG_coverage_pct,92.0
2021-12-31,TJK,DTP3_coverage_pct,86.0
2021-12-31,TJK,HepB3_coverage_pct,86.0
2021-12-31,TJK,IPV_polio_coverage_pct,0.0
2021-12-31,TJK,MCV1_measles_coverage_pct,80.0
2021-12-31,TKM,BCG_coverage_pct,98.0
2021-12-31,TKM,DTP3_coverage_pct,97.0
2021-12-31,TKM,HepB3_coverage_pct,97.0
2021-12-31,TKM,IPV_polio_coverage_pct,0.0
2021-12-31,TKM,MCV1_measles_coverage_pct,97.0
2021-12-31,TLS,BCG_coverage_pct,90.0
2021-12-31,TLS,DTP3_coverage_pct,83.0
2021-12-31,TLS,HepB3_coverage_pct,83.0
2021-12-31,TLS,IPV_polio_coverage_pct,0.0
2021-12-31,TLS,MCV1_measles_coverage_pct,72.0
2021-12-31,TON,BCG_coverage_pct,99.0
2021-12-31,TON,DTP3_coverage_pct,99.0
2021-12-31,TON,HepB3_coverage_pct,99.0
2021-12-31,TON,IPV_polio_coverage_pct,0.0
2021-12-31,TON,MCV1_measles_coverage_pct,99.0
2021-12-31,TTO,DTP3_coverage_pct,94.0
2021-12-31,TTO,HepB3_coverage_pct,94.0
2021-12-31,TTO,IPV_polio_coverage_pct,87.0
2021-12-31,TTO,MCV1_measles_coverage_pct,93.0
2021-12-31,TUN,BCG_coverage_pct,99.0
2021-12-31,TUN,DTP3_coverage_pct,97.0
2021-12-31,TUN,HepB3_coverage_pct,97.0
2021-12-31,TUN,IPV_polio_coverage_pct,95.0
2021-12-31,TUN,MCV1_measles_coverage_pct,95.0
2021-12-31,TUR,BCG_coverage_pct,95.0
2021-12-31,TUR,DTP3_coverage_pct,95.0
2021-12-31,TUR,HepB3_coverage_pct,96.0
2021-12-31,TUR,IPV_polio_coverage_pct,95.0
2021-12-31,TUR,MCV1_measles_coverage_pct,96.0
2021-12-31,TUV,BCG_coverage_pct,99.0
2021-12-31,TUV,DTP3_coverage_pct,94.0
2021-12-31,TUV,HepB3_coverage_pct,94.0
2021-12-31,TUV,IPV_polio_coverage_pct,87.0
2021-12-31,TUV,MCV1_measles_coverage_pct,93.0
2021-12-31,TZA,BCG_coverage_pct,82.0
2021-12-31,TZA,DTP3_coverage_pct,86.0
2021-12-31,TZA,HepB3_coverage_pct,86.0
2021-12-31,TZA,IPV_polio_coverage_pct,0.0
2021-12-31,TZA,MCV1_measles_coverage_pct,80.0
2021-12-31,UGA,BCG_coverage_pct,97.0
2021-12-31,UGA,DTP3_coverage_pct,91.0
2021-12-31,UGA,HepB3_coverage_pct,91.0
2021-12-31,UGA,IPV_polio_coverage_pct,0.0
2021-12-31,UGA,MCV1_measles_coverage_pct,90.0
2021-12-31,UKR,BCG_coverage_pct,87.0
2021-12-31,UKR,DTP3_coverage_pct,78.0
2021-12-31,UKR,HepB3_coverage_pct,77.0
2021-12-31,UKR,IPV_polio_coverage_pct,82.0
2021-12-31,UKR,MCV1_measles_coverage_pct,89.0
2021-12-31,URY,BCG_coverage_pct,99.0
2021-12-31,URY,DTP3_coverage_pct,91.0
2021-12-31,URY,HepB3_coverage_pct,91.0
2021-12-31,URY,IPV_polio_coverage_pct,90.0
2021-12-31,URY,MCV1_measles_coverage_pct,93.0
2021-12-31,USA,DTP3_coverage_pct,94.0
2021-12-31,USA,HepB3_coverage_pct,92.0
2021-12-31,USA,IPV_polio_coverage_pct,93.0
2021-12-31,USA,MCV1_measles_coverage_pct,92.0
2021-12-31,UZB,BCG_coverage_pct,99.0
2021-12-31,UZB,DTP3_coverage_pct,98.0
2021-12-31,UZB,HepB3_coverage_pct,98.0
2021-12-31,UZB,IPV_polio_coverage_pct,0.0
2021-12-31,UZB,MCV1_measles_coverage_pct,99.0
2021-12-31,VCT,BCG_coverage_pct,62.0
2021-12-31,VCT,DTP3_coverage_pct,92.0
2021-12-31,VCT,HepB3_coverage_pct,99.0
2021-12-31,VCT,IPV_polio_coverage_pct,92.0
2021-12-31,VCT,MCV1_measles_coverage_pct,96.0
2021-12-31,VEN,BCG_coverage_pct,68.0
2021-12-31,VEN,DTP3_coverage_pct,56.0
2021-12-31,VEN,HepB3_coverage_pct,56.0
2021-12-31,VEN,IPV_polio_coverage_pct,32.0
2021-12-31,VEN,MCV1_measles_coverage_pct,68.0
2021-12-31,VNM,BCG_coverage_pct,88.0
2021-12-31,VNM,DTP3_coverage_pct,83.0
2021-12-31,VNM,HepB3_coverage_pct,83.0
2021-12-31,VNM,IPV_polio_coverage_pct,0.0
2021-12-31,VNM,MCV1_measles_coverage_pct,89.0
2021-12-31,VUT,BCG_coverage_pct,76.0
2021-12-31,VUT,DTP3_coverage_pct,62.0
2021-12-31,VUT,HepB3_coverage_pct,62.0
2021-12-31,VUT,IPV_polio_coverage_pct,0.0
2021-12-31,VUT,MCV1_measles_coverage_pct,50.0
2021-12-31,WSM,BCG_coverage_pct,92.0
2021-12-31,WSM,DTP3_coverage_pct,85.0
2021-12-31,WSM,HepB3_coverage_pct,85.0
2021-12-31,WSM,IPV_polio_coverage_pct,0.0
2021-12-31,WSM,MCV1_measles_coverage_pct,62.0
2021-12-31,YEM,BCG_coverage_pct,60.0
2021-12-31,YEM,DTP3_coverage_pct,56.0
2021-12-31,YEM,HepB3_coverage_pct,56.0
2021-12-31,YEM,IPV_polio_coverage_pct,0.0
2021-12-31,YEM,MCV1_measles_coverage_pct,51.0
2021-12-31,ZAF,BCG_coverage_pct,86.0
2021-12-31,ZAF,DTP3_coverage_pct,86.0
2021-12-31,ZAF,HepB3_coverage_pct,86.0
2021-12-31,ZAF,IPV_polio_coverage_pct,86.0
2021-12-31,ZAF,MCV1_measles_coverage_pct,87.0
2021-12-31,ZMB,BCG_coverage_pct,92.0
2021-12-31,ZMB,DTP3_coverage_pct,91.0
2021-12-31,ZMB,HepB3_coverage_pct,91.0
2021-12-31,ZMB,IPV_polio_coverage_pct,0.0
2021-12-31,ZMB,MCV1_measles_coverage_pct,90.0
2021-12-31,ZWE,BCG_coverage_pct,92.0
2021-12-31,ZWE,DTP3_coverage_pct,88.0
2021-12-31,ZWE,HepB3_coverage_pct,88.0
2021-12-31,ZWE,IPV_polio_coverage_pct,16.0
2021-12-31,ZWE,MCV1_measles_coverage_pct,88.0
2022-12-31,AFG,BCG_coverage_pct,70.0
2022-12-31,AFG,DTP3_coverage_pct,60.0
2022-12-31,AFG,HepB3_coverage_pct,60.0
2022-12-31,AFG,IPV_polio_coverage_pct,45.0
2022-12-31,AFG,MCV1_measles_coverage_pct,58.0
2022-12-31,AGO,BCG_coverage_pct,67.0
2022-12-31,AGO,DTP3_coverage_pct,48.0
2022-12-31,AGO,HepB3_coverage_pct,48.0
2022-12-31,AGO,IPV_polio_coverage_pct,15.0
2022-12-31,AGO,MCV1_measles_coverage_pct,50.0
2022-12-31,ALB,BCG_coverage_pct,99.0
2022-12-31,ALB,DTP3_coverage_pct,97.0
2022-12-31,ALB,HepB3_coverage_pct,97.0
2022-12-31,ALB,IPV_polio_coverage_pct,98.0
2022-12-31,ALB,MCV1_measles_coverage_pct,86.0
2022-12-31,AND,DTP3_coverage_pct,98.0
2022-12-31,AND,HepB3_coverage_pct,96.0
2022-12-31,AND,IPV_polio_coverage_pct,97.0
2022-12-31,AND,MCV1_measles_coverage_pct,98.0
2022-12-31,ARE,BCG_coverage_pct,96.0
2022-12-31,ARE,DTP3_coverage_pct,96.0
2022-12-31,ARE,HepB3_coverage_pct,95.0
2022-12-31,ARE,IPV_polio_coverage_pct,96.0
2022-12-31,ARE,MCV1_measles_coverage_pct,98.0
2022-12-31,ARG,BCG_coverage_pct,81.0
2022-12-31,ARG,DTP3_coverage_pct,84.0
2022-12-31,ARG,HepB3_coverage_pct,84.0
2022-12-31,ARG,IPV_polio_coverage_pct,84.0
2022-12-31,ARG,MCV1_measles_coverage_pct,85.0
2022-12-31,ARM,BCG_coverage_pct,98.0
2022-12-31,ARM,DTP3_coverage_pct,93.0
2022-12-31,ARM,HepB3_coverage_pct,96.0
2022-12-31,ARM,IPV_polio_coverage_pct,93.0
2022-12-31,ARM,MCV1_measles_coverage_pct,95.0
2022-12-31,ATG,DTP3_coverage_pct,99.0
2022-12-31,ATG,HepB3_coverage_pct,99.0
2022-12-31,ATG,IPV_polio_coverage_pct,97.0
2022-12-31,ATG,MCV1_measles_coverage_pct,99.0
2022-12-31,AUS,DTP3_coverage_pct,94.0
2022-12-31,AUS,HepB3_coverage_pct,94.0
2022-12-31,AUS,IPV_polio_coverage_pct,94.0
2022-12-31,AUS,MCV1_measles_coverage_pct,96.0
2022-12-31,AUT,DTP3_coverage_pct,84.0
2022-12-31,AUT,HepB3_coverage_pct,84.0
2022-12-31,AUT,IPV_polio_coverage_pct,84.0
2022-12-31,AUT,MCV1_measles_coverage_pct,95.0
2022-12-31,AZE,BCG_coverage_pct,96.0
2022-12-31,AZE,DTP3_coverage_pct,51.0
2022-12-31,AZE,HepB3_coverage_pct,51.0
2022-12-31,AZE,IPV_polio_coverage_pct,46.0
2022-12-31,AZE,MCV1_measles_coverage_pct,71.0
2022-12-31,BDI,BCG_coverage_pct,94.0
2022-12-31,BDI,DTP3_coverage_pct,91.0
2022-12-31,BDI,HepB3_coverage_pct,91.0
2022-12-31,BDI,IPV_polio_coverage_pct,0.0
2022-12-31,BDI,MCV1_measles_coverage_pct,89.0
2022-12-31,BEL,DTP3_coverage_pct,98.0
2022-12-31,BEL,HepB3_coverage_pct,97.0
2022-12-31,BEL,IPV_polio_coverage_pct,98.0
2022-12-31,BEL,MCV1_measles_coverage_pct,96.0
2022-12-31,BEN,BCG_coverage_pct,92.0
2022-12-31,BEN,DTP3_coverage_pct,69.0
2022-12-31,BEN,HepB3_coverage_pct,69.0
2022-12-31,BEN,IPV_polio_coverage_pct,0.0
2022-12-31,BEN,MCV1_measles_coverage_pct,52.0
2022-12-31,BFA,BCG_coverage_pct,98.0
2022-12-31,BFA,DTP3_coverage_pct,91.0
2022-12-31,BFA,HepB3_coverage_pct,91.0
2022-12-31,BFA,IPV_polio_coverage_pct,78.0
2022-12-31,BFA,MCV1_measles_coverage_pct,88.0
2022-12-31,BGD,BCG_coverage_pct,99.0
2022-12-31,BGD,DTP3_coverage_pct,97.0
2022-12-31,BGD,HepB3_coverage_pct,97.0
2022-12-31,BGD,IPV_polio_coverage_pct,0.0
2022-12-31,BGD,MCV1_measles_coverage_pct,96.0
2022-12-31,BGR,BCG_coverage_pct,96.0
2022-12-31,BGR,DTP3_coverage_pct,91.0
2022-12-31,BGR,HepB3_coverage_pct,91.0
2022-12-31,BGR,IPV_polio_coverage_pct,91.0
2022-12-31,BGR,MCV1_measles_coverage_pct,91.0
2022-12-31,BHR,DTP3_coverage_pct,97.0
2022-12-31,BHR,HepB3_coverage_pct,97.0
2022-12-31,BHR,IPV_polio_coverage_pct,97.0
2022-12-31,BHR,MCV1_measles_coverage_pct,99.0
2022-12-31,BHS,DTP3_coverage_pct,87.0
2022-12-31,BHS,HepB3_coverage_pct,87.0
2022-12-31,BHS,IPV_polio_coverage_pct,92.0
2022-12-31,BHS,MCV1_measles_coverage_pct,80.0
2022-12-31,BIH,BCG_coverage_pct,96.0
2022-12-31,BIH,DTP3_coverage_pct,75.0
2022-12-31,BIH,HepB3_coverage_pct,78.0
2022-12-31,BIH,IPV_polio_coverage_pct,75.0
2022-12-31,BIH,MCV1_measles_coverage_pct,58.0
2022-12-31,BLR,BCG_coverage_pct,98.0
2022-12-31,BLR,DTP3_coverage_pct,98.0
2022-12-31,BLR,HepB3_coverage_pct,98.0
2022-12-31,BLR,IPV_polio_coverage_pct,98.0
2022-12-31,BLR,MCV1_measles_coverage_pct,98.0
2022-12-31,BLZ,BCG_coverage_pct,93.0
2022-12-31,BLZ,DTP3_coverage_pct,84.0
2022-12-31,BLZ,HepB3_coverage_pct,84.0
2022-12-31,BLZ,IPV_polio_coverage_pct,87.0
2022-12-31,BLZ,MCV1_measles_coverage_pct,81.0
2022-12-31,BOL,BCG_coverage_pct,76.0
2022-12-31,BOL,DTP3_coverage_pct,69.0
2022-12-31,BOL,HepB3_coverage_pct,69.0
2022-12-31,BOL,IPV_polio_coverage_pct,72.0
2022-12-31,BOL,MCV1_measles_coverage_pct,69.0
2022-12-31,BRA,BCG_coverage_pct,88.0
2022-12-31,BRA,DTP3_coverage_pct,77.0
2022-12-31,BRA,HepB3_coverage_pct,77.0
2022-12-31,BRA,IPV_polio_coverage_pct,75.0
2022-12-31,BRA,MCV1_measles_coverage_pct,81.0
2022-12-31,BRB,DTP3_coverage_pct,86.0
2022-12-31,BRB,HepB3_coverage_pct,86.0
2022-12-31,BRB,IPV_polio_coverage_pct,87.0
2022-12-31,BRB,MCV1_measles_coverage_pct,85.0
2022-12-31,BRN,BCG_coverage_pct,99.0
2022-12-31,BRN,DTP3_coverage_pct,99.0
2022-12-31,BRN,HepB3_coverage_pct,99.0
2022-12-31,BRN,IPV_polio_coverage_pct,99.0
2022-12-31,BRN,MCV1_measles_coverage_pct,97.0
2022-12-31,BTN,BCG_coverage_pct,99.0
2022-12-31,BTN,DTP3_coverage_pct,98.0
2022-12-31,BTN,HepB3_coverage_pct,98.0
2022-12-31,BTN,IPV_polio_coverage_pct,0.0
2022-12-31,BTN,MCV1_measles_coverage_pct,97.0
2022-12-31,BWA,BCG_coverage_pct,98.0
2022-12-31,BWA,DTP3_coverage_pct,86.0
2022-12-31,BWA,HepB3_coverage_pct,86.0
2022-12-31,BWA,IPV_polio_coverage_pct,0.0
2022-12-31,BWA,MCV1_measles_coverage_pct,90.0
2022-12-31,CAF,BCG_coverage_pct,54.0
2022-12-31,CAF,DTP3_coverage_pct,33.0
2022-12-31,CAF,HepB3_coverage_pct,33.0
2022-12-31,CAF,IPV_polio_coverage_pct,0.0
2022-12-31,CAF,MCV1_measles_coverage_pct,32.0
2022-12-31,CAN,DTP3_coverage_pct,92.0
2022-12-31,CAN,HepB3_coverage_pct,83.0
2022-12-31,CAN,IPV_polio_coverage_pct,92.0
2022-12-31,CAN,MCV1_measles_coverage_pct,92.0
2022-12-31,CHE,DTP3_coverage_pct,96.0
2022-12-31,CHE,HepB3_coverage_pct,76.0
2022-12-31,CHE,IPV_polio_coverage_pct,96.0
2022-12-31,CHE,MCV1_measles_coverage_pct,96.0
2022-12-31,CHL,BCG_coverage_pct,99.0
2022-12-31,CHL,DTP3_coverage_pct,96.0
2022-12-31,CHL,HepB3_coverage_pct,96.0
2022-12-31,CHL,IPV_polio_coverage_pct,96.0
2022-12-31,CHL,MCV1_measles_coverage_pct,94.0
2022-12-31,CHN,BCG_coverage_pct,99.0
2022-12-31,CHN,DTP3_coverage_pct,99.0
2022-12-31,CHN,HepB3_coverage_pct,99.0
2022-12-31,CHN,IPV_polio_coverage_pct,99.0
2022-12-31,CHN,MCV1_measles_coverage_pct,99.0
2022-12-31,CIV,BCG_coverage_pct,85.0
2022-12-31,CIV,DTP3_coverage_pct,69.0
2022-12-31,CIV,HepB3_coverage_pct,69.0
2022-12-31,CIV,IPV_polio_coverage_pct,0.0
2022-12-31,CIV,MCV1_measles_coverage_pct,56.0
2022-12-31,CMR,BCG_coverage_pct,69.0
2022-12-31,CMR,DTP3_coverage_pct,71.0
2022-12-31,CMR,HepB3_coverage_pct,71.0
2022-12-31,CMR,IPV_polio_coverage_pct,0.0
2022-12-31,CMR,MCV1_measles_coverage_pct,68.0
2022-12-31,COD,BCG_coverage_pct,77.0
2022-12-31,COD,DTP3_coverage_pct,65.0
2022-12-31,COD,HepB3_coverage_pct,65.0
2022-12-31,COD,IPV_polio_coverage_pct,0.0
2022-12-31,COD,MCV1_measles_coverage_pct,56.0
2022-12-31,COG,BCG_coverage_pct,67.0
2022-12-31,COG,DTP3_coverage_pct,78.0
2022-12-31,COG,HepB3_coverage_pct,78.0
2022-12-31,COG,IPV_polio_coverage_pct,0.0
2022-12-31,COG,MCV1_measles_coverage_pct,65.0
2022-12-31,COK,BCG_coverage_pct,95.0
2022-12-31,COK,DTP3_coverage_pct,72.0
2022-12-31,COK,HepB3_coverage_pct,72.0
2022-12-31,COK,IPV_polio_coverage_pct,0.0
2022-12-31,COK,MCV1_measles_coverage_pct,61.0
2022-12-31,COL,BCG_coverage_pct,87.0
2022-12-31,COL,DTP3_coverage_pct,87.0
2022-12-31,COL,HepB3_coverage_pct,87.0
2022-12-31,COL,IPV_polio_coverage_pct,86.0
2022-12-31,COL,MCV1_measles_coverage_pct,88.0
2022-12-31,COM,BCG_coverage_pct,85.0
2022-12-31,COM,DTP3_coverage_pct,78.0
2022-12-31,COM,HepB3_coverage_pct,78.0
2022-12-31,COM,IPV_polio_coverage_pct,0.0
2022-12-31,COM,MCV1_measles_coverage_pct,71.0
2022-12-31,CPV,BCG_coverage_pct,99.0
2022-12-31,CPV,DTP3_coverage_pct,93.0
2022-12-31,CPV,HepB3_coverage_pct,93.0
2022-12-31,CPV,IPV_polio_coverage_pct,0.0
2022-12-31,CPV,MCV1_measles_coverage_pct,95.0
2022-12-31,CRI,BCG_coverage_pct,95.0
2022-12-31,CRI,DTP3_coverage_pct,95.0
2022-12-31,CRI,HepB3_coverage_pct,94.0
2022-12-31,CRI,IPV_polio_coverage_pct,95.0
2022-12-31,CRI,MCV1_measles_coverage_pct,90.0
2022-12-31,CUB,BCG_coverage_pct,99.0
2022-12-31,CUB,DTP3_coverage_pct,99.0
2022-12-31,CUB,HepB3_coverage_pct,99.0
2022-12-31,CUB,IPV_polio_coverage_pct,99.0
2022-12-31,CUB,MCV1_measles_coverage_pct,99.0
2022-12-31,CYP,DTP3_coverage_pct,96.0
2022-12-31,CYP,HepB3_coverage_pct,95.0
2022-12-31,CYP,IPV_polio_coverage_pct,96.0
2022-12-31,CYP,MCV1_measles_coverage_pct,84.0
2022-12-31,CZE,DTP3_coverage_pct,94.0
2022-12-31,CZE,HepB3_coverage_pct,94.0
2022-12-31,CZE,IPV_polio_coverage_pct,94.0
2022-12-31,CZE,MCV1_measles_coverage_pct,97.0
2022-12-31,DEU,DTP3_coverage_pct,89.0
2022-12-31,DEU,HepB3_coverage_pct,85.0
2022-12-31,DEU,IPV_polio_coverage_pct,88.0
2022-12-31,DEU,MCV1_measles_coverage_pct,96.0
2022-12-31,DJI,BCG_coverage_pct,61.0
2022-12-31,DJI,DTP3_coverage_pct,59.0
2022-12-31,DJI,HepB3_coverage_pct,59.0
2022-12-31,DJI,IPV_polio_coverage_pct,0.0
2022-12-31,DJI,MCV1_measles_coverage_pct,50.0
2022-12-31,DMA,BCG_coverage_pct,90.0
2022-12-31,DMA,DTP3_coverage_pct,82.0
2022-12-31,DMA,HepB3_coverage_pct,82.0
2022-12-31,DMA,IPV_polio_coverage_pct,91.0
2022-12-31,DMA,MCV1_measles_coverage_pct,87.0
2022-12-31,DNK,DTP3_coverage_pct,97.0
2022-12-31,DNK,HepB3_coverage_pct,0.0
2022-12-31,DNK,IPV_polio_coverage_pct,98.0
2022-12-31,DNK,MCV1_measles_coverage_pct,95.0
2022-12-31,DOM,BCG_coverage_pct,99.0
2022-12-31,DOM,DTP3_coverage_pct,88.0
2022-12-31,DOM,HepB3_coverage_pct,87.0
2022-12-31,DOM,IPV_polio_coverage_pct,17.0
2022-12-31,DOM,MCV1_measles_coverage_pct,91.0
2022-12-31,DZA,BCG_coverage_pct,98.0
2022-12-31,DZA,DTP3_coverage_pct,77.0
2022-12-31,DZA,HepB3_coverage_pct,77.0
2022-12-31,DZA,IPV_polio_coverage_pct,0.0
2022-12-31,DZA,MCV1_measles_coverage_pct,79.0
2022-12-31,ECU,BCG_coverage_pct,76.0
2022-12-31,ECU,DTP3_coverage_pct,70.0
2022-12-31,ECU,HepB3_coverage_pct,70.0
2022-12-31,ECU,IPV_polio_coverage_pct,74.0
2022-12-31,ECU,MCV1_measles_coverage_pct,74.0
2022-12-31,EGY,BCG_coverage_pct,97.0
2022-12-31,EGY,DTP3_coverage_pct,97.0
2022-12-31,EGY,HepB3_coverage_pct,97.0
2022-12-31,EGY,IPV_polio_coverage_pct,97.0
2022-12-31,EGY,MCV1_measles_coverage_pct,96.0
2022-12-31,ERI,BCG_coverage_pct,97.0
2022-12-31,ERI,DTP3_coverage_pct,95.0
2022-12-31,ERI,HepB3_coverage_pct,95.0
2022-12-31,ERI,IPV_polio_coverage_pct,93.0
2022-12-31,ERI,MCV1_measles_coverage_pct,93.0
2022-12-31,ESP,DTP3_coverage_pct,95.0
2022-12-31,ESP,HepB3_coverage_pct,95.0
2022-12-31,ESP,IPV_polio_coverage_pct,95.0
2022-12-31,ESP,MCV1_measles_coverage_pct,97.0
2022-12-31,EST,BCG_coverage_pct,89.0
2022-12-31,EST,DTP3_coverage_pct,87.0
2022-12-31,EST,HepB3_coverage_pct,83.0
2022-12-31,EST,IPV_polio_coverage_pct,86.0
2022-12-31,EST,MCV1_measles_coverage_pct,87.0
2022-12-31,ETH,BCG_coverage_pct,72.0
2022-12-31,ETH,DTP3_coverage_pct,71.0
2022-12-31,ETH,HepB3_coverage_pct,71.0
2022-12-31,ETH,IPV_polio_coverage_pct,0.0
2022-12-31,ETH,MCV1_measles_coverage_pct,67.0
2022-12-31,FIN,DTP3_coverage_pct,91.0
2022-12-31,FIN,HepB3_coverage_pct,0.0
2022-12-31,FIN,IPV_polio_coverage_pct,91.0
2022-12-31,FIN,MCV1_measles_coverage_pct,94.0
2022-12-31,FJI,BCG_coverage_pct,95.0
2022-12-31,FJI,DTP3_coverage_pct,96.0
2022-12-31,FJI,HepB3_coverage_pct,96.0
2022-12-31,FJI,IPV_polio_coverage_pct,0.0
2022-12-31,FJI,MCV1_measles_coverage_pct,99.0
2022-12-31,FRA,DTP3_coverage_pct,96.0
2022-12-31,FRA,HepB3_coverage_pct,96.0
2022-12-31,FRA,IPV_polio_coverage_pct,96.0
2022-12-31,FRA,MCV1_measles_coverage_pct,95.0
2022-12-31,FSM,BCG_coverage_pct,75.0
2022-12-31,FSM,DTP3_coverage_pct,69.0
2022-12-31,FSM,HepB3_coverage_pct,75.0
2022-12-31,FSM,IPV_polio_coverage_pct,68.0
2022-12-31,FSM,MCV1_measles_coverage_pct,69.0
2022-12-31,GAB,BCG_coverage_pct,79.0
2022-12-31,GAB,DTP3_coverage_pct,60.0
2022-12-31,GAB,HepB3_coverage_pct,60.0
2022-12-31,GAB,IPV_polio_coverage_pct,0.0
2022-12-31,GAB,MCV1_measles_coverage_pct,52.0
2022-12-31,GBR,DTP3_coverage_pct,92.0
2022-12-31,GBR,HepB3_coverage_pct,92.0
2022-12-31,GBR,IPV_polio_coverage_pct,92.0
2022-12-31,GBR,MCV1_measles_coverage_pct,90.0
2022-12-31,GEO,BCG_coverage_pct,95.0
2022-12-31,GEO,DTP3_coverage_pct,85.0
2022-12-31,GEO,HepB3_coverage_pct,85.0
2022-12-31,GEO,IPV_polio_coverage_pct,85.0
2022-12-31,GEO,MCV1_measles_coverage_pct,90.0
2022-12-31,GHA,BCG_coverage_pct,96.0
2022-12-31,GHA,DTP3_coverage_pct,99.0
2022-12-31,GHA,HepB3_coverage_pct,99.0
2022-12-31,GHA,IPV_polio_coverage_pct,0.0
2022-12-31,GHA,MCV1_measles_coverage_pct,95.0
2022-12-31,GIN,BCG_coverage_pct,74.0
2022-12-31,GIN,DTP3_coverage_pct,58.0
2022-12-31,GIN,HepB3_coverage_pct,58.0
2022-12-31,GIN,IPV_polio_coverage_pct,0.0
2022-12-31,GIN,MCV1_measles_coverage_pct,51.0
2022-12-31,GMB,BCG_coverage_pct,83.0
2022-12-31,GMB,DTP3_coverage_pct,79.0
2022-12-31,GMB,HepB3_coverage_pct,79.0
2022-12-31,GMB,IPV_polio_coverage_pct,69.0
2022-12-31,GMB,MCV1_measles_coverage_pct,74.0
2022-12-31,GNB,BCG_coverage_pct,91.0
2022-12-31,GNB,DTP3_coverage_pct,88.0
2022-12-31,GNB,HepB3_coverage_pct,88.0
2022-12-31,GNB,IPV_polio_coverage_pct,0.0
2022-12-31,GNB,MCV1_measles_coverage_pct,84.0
2022-12-31,GNQ,BCG_coverage_pct,88.0
2022-12-31,GNQ,DTP3_coverage_pct,70.0
2022-12-31,GNQ,HepB3_coverage_pct,70.0
2022-12-31,GNQ,IPV_polio_coverage_pct,0.0
2022-12-31,GNQ,MCV1_measles_coverage_pct,60.0
2022-12-31,GRC,DTP3_coverage_pct,98.0
2022-12-31,GRC,HepB3_coverage_pct,95.0
2022-12-31,GRC,IPV_polio_coverage_pct,98.0
2022-12-31,GRC,MCV1_measles_coverage_pct,94.0
2022-12-31,GRD,DTP3_coverage_pct,77.0
2022-12-31,GRD,HepB3_coverage_pct,77.0
2022-12-31,GRD,IPV_polio_coverage_pct,79.0
2022-12-31,GRD,MCV1_measles_coverage_pct,76.0
2022-12-31,GTM,BCG_coverage_pct,87.0
2022-12-31,GTM,DTP3_coverage_pct,81.0
2022-12-31,GTM,HepB3_coverage_pct,81.0
2022-12-31,GTM,IPV_polio_coverage_pct,88.0
2022-12-31,GTM,MCV1_measles_coverage_pct,86.0
2022-12-31,GUY,BCG_coverage_pct,99.0
2022-12-31,GUY,DTP3_coverage_pct,99.0
2022-12-31,GUY,HepB3_coverage_pct,99.0
2022-12-31,GUY,IPV_polio_coverage_pct,96.0
2022-12-31,GUY,MCV1_measles_coverage_pct,97.0
2022-12-31,HND,BCG_coverage_pct,90.0
2022-12-31,HND,DTP3_coverage_pct,88.0
2022-12-31,HND,HepB3_coverage_pct,88.0
2022-12-31,HND,IPV_polio_coverage_pct,90.0
2022-12-31,HND,MCV1_measles_coverage_pct,89.0
2022-12-31,HRV,BCG_coverage_pct,97.0
2022-12-31,HRV,DTP3_coverage_pct,92.0
2022-12-31,HRV,HepB3_coverage_pct,90.0
2022-12-31,HRV,IPV_polio_coverage_pct,92.0
2022-12-31,HRV,MCV1_measles_coverage_pct,90.0
2022-12-31,HTI,BCG_coverage_pct,68.0
2022-12-31,HTI,DTP3_coverage_pct,48.0
2022-12-31,HTI,HepB3_coverage_pct,48.0
2022-12-31,HTI,IPV_polio_coverage_pct,0.0
2022-12-31,HTI,MCV1_measles_coverage_pct,66.0
2022-12-31,HUN,BCG_coverage_pct,99.0
2022-12-31,HUN,DTP3_coverage_pct,99.0
2022-12-31,HUN,HepB3_coverage_pct,0.0
2022-12-31,HUN,IPV_polio_coverage_pct,99.0
2022-12-31,HUN,MCV1_measles_coverage_pct,99.0
2022-12-31,IDN,BCG_coverage_pct,93.0
2022-12-31,IDN,DTP3_coverage_pct,91.0
2022-12-31,IDN,HepB3_coverage_pct,91.0
2022-12-31,IDN,IPV_polio_coverage_pct,1.0
2022-12-31,IDN,MCV1_measles_coverage_pct,92.0
2022-12-31,IND,BCG_coverage_pct,91.0
2022-12-31,IND,DTP3_coverage_pct,93.0
2022-12-31,IND,HepB3_coverage_pct,93.0
2022-12-31,IND,IPV_polio_coverage_pct,0.0
2022-12-31,IND,MCV1_measles_coverage_pct,95.0
2022-12-31,IRL,DTP3_coverage_pct,93.0
2022-12-31,IRL,HepB3_coverage_pct,93.0
2022-12-31,IRL,IPV_polio_coverage_pct,93.0
2022-12-31,IRL,MCV1_measles_coverage_pct,90.0
2022-12-31,IRN,BCG_coverage_pct,99.0
2022-12-31,IRN,DTP3_coverage_pct,99.0
2022-12-31,IRN,HepB3_coverage_pct,99.0
2022-12-31,IRN,IPV_polio_coverage_pct,99.0
2022-12-31,IRN,MCV1_measles_coverage_pct,99.0
2022-12-31,IRQ,BCG_coverage_pct,96.0
2022-12-31,IRQ,DTP3_coverage_pct,93.0
2022-12-31,IRQ,HepB3_coverage_pct,93.0
2022-12-31,IRQ,IPV_polio_coverage_pct,92.0
2022-12-31,IRQ,MCV1_measles_coverage_pct,97.0
2022-12-31,ISL,DTP3_coverage_pct,92.0
2022-12-31,ISL,HepB3_coverage_pct,0.0
2022-12-31,ISL,IPV_polio_coverage_pct,92.0
2022-12-31,ISL,MCV1_measles_coverage_pct,91.0
2022-12-31,ISR,DTP3_coverage_pct,98.0
2022-12-31,ISR,HepB3_coverage_pct,96.0
2022-12-31,ISR,IPV_polio_coverage_pct,98.0
2022-12-31,ISR,MCV1_measles_coverage_pct,98.0
2022-12-31,ITA,DTP3_coverage_pct,95.0
2022-12-31,ITA,HepB3_coverage_pct,95.0
2022-12-31,ITA,IPV_polio_coverage_pct,95.0
2022-12-31,ITA,MCV1_measles_coverage_pct,94.0
2022-12-31,JAM,BCG_coverage_pct,98.0
2022-12-31,JAM,DTP3_coverage_pct,98.0
2022-12-31,JAM,HepB3_coverage_pct,98.0
2022-12-31,JAM,IPV_polio_coverage_pct,6.0
2022-12-31,JAM,MCV1_measles_coverage_pct,91.0
2022-12-31,JOR,BCG_coverage_pct,86.0
2022-12-31,JOR,DTP3_coverage_pct,92.0
2022-12-31,JOR,HepB3_coverage_pct,92.0
2022-12-31,JOR,IPV_polio_coverage_pct,92.0
2022-12-31,JOR,MCV1_measles_coverage_pct,86.0
2022-12-31,JPN,BCG_coverage_pct,98.0
2022-12-31,JPN,DTP3_coverage_pct,99.0
2022-12-31,JPN,HepB3_coverage_pct,96.0
2022-12-31,JPN,IPV_polio_coverage_pct,99.0
2022-12-31,JPN,MCV1_measles_coverage_pct,98.0
2022-12-31,KAZ,BCG_coverage_pct,84.0
2022-12-31,KAZ,DTP3_coverage_pct,61.0
2022-12-31,KAZ,HepB3_coverage_pct,60.0
2022-12-31,KAZ,IPV_polio_coverage_pct,60.0
2022-12-31,KAZ,MCV1_measles_coverage_pct,69.0
2022-12-31,KEN,BCG_coverage_pct,94.0
2022-12-31,KEN,DTP3_coverage_pct,94.0
2022-12-31,KEN,HepB3_coverage_pct,94.0
2022-12-31,KEN,IPV_polio_coverage_pct,0.0
2022-12-31,KEN,MCV1_measles_coverage_pct,85.0
2022-12-31,KGZ,BCG_coverage_pct,97.0
2022-12-31,KGZ,DTP3_coverage_pct,90.0
2022-12-31,KGZ,HepB3_coverage_pct,90.0
2022-12-31,KGZ,IPV_polio_coverage_pct,39.0
2022-12-31,KGZ,MCV1_measles_coverage_pct,94.0
2022-12-31,KHM,BCG_coverage_pct,95.0
2022-12-31,KHM,DTP3_coverage_pct,84.0
2022-12-31,KHM,HepB3_coverage_pct,84.0
2022-12-31,KHM,IPV_polio_coverage_pct,0.0
2022-12-31,KHM,MCV1_measles_coverage_pct,83.0
2022-12-31,KIR,BCG_coverage_pct,95.0
2022-12-31,KIR,DTP3_coverage_pct,91.0
2022-12-31,KIR,HepB3_coverage_pct,91.0
2022-12-31,KIR,IPV_polio_coverage_pct,0.0
2022-12-31,KIR,MCV1_measles_coverage_pct,85.0
2022-12-31,KNA,BCG_coverage_pct,93.0
2022-12-31,KNA,DTP3_coverage_pct,96.0
2022-12-31,KNA,HepB3_coverage_pct,96.0
2022-12-31,KNA,IPV_polio_coverage_pct,0.0
2022-12-31,KNA,MCV1_measles_coverage_pct,95.0
2022-12-31,KOR,BCG_coverage_pct,98.0
2022-12-31,KOR,DTP3_coverage_pct,98.0
2022-12-31,KOR,HepB3_coverage_pct,97.0
2022-12-31,KOR,IPV_polio_coverage_pct,97.0
2022-12-31,KOR,MCV1_measles_coverage_pct,97.0
2022-12-31,KWT,BCG_coverage_pct,99.0
2022-12-31,KWT,DTP3_coverage_pct,96.0
2022-12-31,KWT,HepB3_coverage_pct,96.0
2022-12-31,KWT,IPV_polio_coverage_pct,95.0
2022-12-31,KWT,MCV1_measles_coverage_pct,99.0
2022-12-31,LAO,BCG_coverage_pct,84.0
2022-12-31,LAO,DTP3_coverage_pct,70.0
2022-12-31,LAO,HepB3_coverage_pct,70.0
2022-12-31,LAO,IPV_polio_coverage_pct,0.0
2022-12-31,LAO,MCV1_measles_coverage_pct,65.0
2022-12-31,LBN,DTP3_coverage_pct,67.0
2022-12-31,LBN,HepB3_coverage_pct,67.0
2022-12-31,LBN,IPV_polio_coverage_pct,53.0
2022-12-31,LBN,MCV1_measles_coverage_pct,67.0
2022-12-31,LBR,BCG_coverage_pct,67.0
2022-12-31,LBR,DTP3_coverage_pct,79.0
2022-12-31,LBR,HepB3_coverage_pct,79.0
2022-12-31,LBR,IPV_polio_coverage_pct,0.0
2022-12-31,LBR,MCV1_measles_coverage_pct,79.0
2022-12-31,LBY,BCG_coverage_pct,74.0
2022-12-31,LBY,DTP3_coverage_pct,73.0
2022-12-31,LBY,HepB3_coverage_pct,73.0
2022-12-31,LBY,IPV_polio_coverage_pct,73.0
2022-12-31,LBY,MCV1_measles_coverage_pct,73.0
2022-12-31,LCA,BCG_coverage_pct,89.0
2022-12-31,LCA,DTP3_coverage_pct,81.0
2022-12-31,LCA,HepB3_coverage_pct,81.0
2022-12-31,LCA,IPV_polio_coverage_pct,0.0
2022-12-31,LCA,MCV1_measles_coverage_pct,81.0
2022-12-31,LKA,BCG_coverage_pct,99.0
2022-12-31,LKA,DTP3_coverage_pct,98.0
2022-12-31,LKA,HepB3_coverage_pct,98.0
2022-12-31,LKA,IPV_polio_coverage_pct,0.0
2022-12-31,LKA,MCV1_measles_coverage_pct,99.0
2022-12-31,LSO,BCG_coverage_pct,85.0
2022-12-31,LSO,DTP3_coverage_pct,92.0
2022-12-31,LSO,HepB3_coverage_pct,92.0
2022-12-31,LSO,IPV_polio_coverage_pct,0.0
2022-12-31,LSO,MCV1_measles_coverage_pct,84.0
2022-12-31,LTU,BCG_coverage_pct,93.0
2022-12-31,LTU,DTP3_coverage_pct,90.0
2022-12-31,LTU,HepB3_coverage_pct,90.0
2022-12-31,LTU,IPV_polio_coverage_pct,90.0
2022-12-31,LTU,MCV1_measles_coverage_pct,87.0
2022-12-31,LUX,DTP3_coverage_pct,99.0
2022-12-31,LUX,HepB3_coverage_pct,97.0
2022-12-31,LUX,IPV_polio_coverage_pct,99.0
2022-12-31,LUX,MCV1_measles_coverage_pct,99.0
2022-12-31,LVA,BCG_coverage_pct,99.0
2022-12-31,LVA,DTP3_coverage_pct,95.0
2022-12-31,LVA,HepB3_coverage_pct,95.0
2022-12-31,LVA,IPV_polio_coverage_pct,95.0
2022-12-31,LVA,MCV1_measles_coverage_pct,96.0
2022-12-31,MAR,BCG_coverage_pct,99.0
2022-12-31,MAR,DTP3_coverage_pct,98.0
2022-12-31,MAR,HepB3_coverage_pct,99.0
2022-12-31,MAR,IPV_polio_coverage_pct,0.0
2022-12-31,MAR,MCV1_measles_coverage_pct,99.0
2022-12-31,MCO,DTP3_coverage_pct,99.0
2022-12-31,MCO,HepB3_coverage_pct,99.0
2022-12-31,MCO,IPV_polio_coverage_pct,99.0
2022-12-31,MCO,MCV1_measles_coverage_pct,88.0
2022-12-31,MDA,BCG_coverage_pct,93.0
2022-12-31,MDA,DTP3_coverage_pct,88.0
2022-12-31,MDA,HepB3_coverage_pct,90.0
2022-12-31,MDA,IPV_polio_coverage_pct,74.0
2022-12-31,MDA,MCV1_measles_coverage_pct,84.0
2022-12-31,MDG,BCG_coverage_pct,63.0
2022-12-31,MDG,DTP3_coverage_pct,57.0
2022-12-31,MDG,HepB3_coverage_pct,57.0
2022-12-31,MDG,IPV_polio_coverage_pct,32.0
2022-12-31,MDG,MCV1_measles_coverage_pct,44.0
2022-12-31,MDV,BCG_coverage_pct,99.0
2022-12-31,MDV,DTP3_coverage_pct,98.0
2022-12-31,MDV,HepB3_coverage_pct,98.0
2022-12-31,MDV,IPV_polio_coverage_pct,0.0
2022-12-31,MDV,MCV1_measles_coverage_pct,98.0
2022-12-31,MEX,BCG_coverage_pct,95.0
2022-12-31,MEX,DTP3_coverage_pct,83.0
2022-12-31,MEX,HepB3_coverage_pct,83.0
2022-12-31,MEX,IPV_polio_coverage_pct,83.0
2022-12-31,MEX,MCV1_measles_coverage_pct,86.0
2022-12-31,MHL,BCG_coverage_pct,95.0
2022-12-31,MHL,DTP3_coverage_pct,86.0
2022-12-31,MHL,HepB3_coverage_pct,87.0
2022-12-31,MHL,IPV_polio_coverage_pct,86.0
2022-12-31,MHL,MCV1_measles_coverage_pct,81.0
2022-12-31,MKD,BCG_coverage_pct,93.0
2022-12-31,MKD,DTP3_coverage_pct,84.0
2022-12-31,MKD,HepB3_coverage_pct,84.0
2022-12-31,MKD,IPV_polio_coverage_pct,84.0
2022-12-31,MKD,MCV1_measles_coverage_pct,71.0
2022-12-31,MLI,BCG_coverage_pct,84.0
2022-12-31,MLI,DTP3_coverage_pct,76.0
2022-12-31,MLI,HepB3_coverage_pct,76.0
2022-12-31,MLI,IPV_polio_coverage_pct,47.0
2022-12-31,MLI,MCV1_measles_coverage_pct,69.0
2022-12-31,MLT,DTP3_coverage_pct,98.0
2022-12-31,MLT,HepB3_coverage_pct,98.0
2022-12-31,MLT,IPV_polio_coverage_pct,98.0
2022-12-31,MLT,MCV1_measles_coverage_pct,96.0
2022-12-31,MMR,BCG_coverage_pct,79.0
2022-12-31,MMR,DTP3_coverage_pct,71.0
2022-12-31,MMR,HepB3_coverage_pct,71.0
2022-12-31,MMR,IPV_polio_coverage_pct,0.0
2022-12-31,MMR,MCV1_measles_coverage_pct,75.0
2022-12-31,MNE,BCG_coverage_pct,86.0
2022-12-31,MNE,DTP3_coverage_pct,80.0
2022-12-31,MNE,HepB3_coverage_pct,45.0
2022-12-31,MNE,IPV_polio_coverage_pct,80.0
2022-12-31,MNE,MCV1_measles_coverage_pct,33.0
2022-12-31,MNG,BCG_coverage_pct,99.0
2022-12-31,MNG,DTP3_coverage_pct,95.0
2022-12-31,MNG,HepB3_coverage_pct,95.0
2022-12-31,MNG,IPV_polio_coverage_pct,0.0
2022-12-31,MNG,MCV1_measles_coverage_pct,94.0
2022-12-31,MOZ,BCG_coverage_pct,90.0
2022-12-31,MOZ,DTP3_coverage_pct,55.0
2022-12-31,MOZ,HepB3_coverage_pct,55.0
2022-12-31,MOZ,IPV_polio_coverage_pct,0.0
2022-12-31,MOZ,MCV1_measles_coverage_pct,63.0
2022-12-31,MRT,BCG_coverage_pct,98.0
2022-12-31,MRT,DTP3_coverage_pct,85.0
2022-12-31,MRT,HepB3_coverage_pct,85.0
2022-12-31,MRT,IPV_polio_coverage_pct,0.0
2022-12-31,MRT,MCV1_measles_coverage_pct,84.0
2022-12-31,MUS,BCG_coverage_pct,97.0
2022-12-31,MUS,DTP3_coverage_pct,95.0
2022-12-31,MUS,HepB3_coverage_pct,95.0
2022-12-31,MUS,IPV_polio_coverage_pct,95.0
2022-12-31,MUS,MCV1_measles_coverage_pct,98.0
2022-12-31,MWI,BCG_coverage_pct,97.0
2022-12-31,MWI,DTP3_coverage_pct,86.0
2022-12-31,MWI,HepB3_coverage_pct,86.0
2022-12-31,MWI,IPV_polio_coverage_pct,0.0
2022-12-31,MWI,MCV1_measles_coverage_pct,82.0
2022-12-31,MYS,BCG_coverage_pct,98.0
2022-12-31,MYS,DTP3_coverage_pct,97.0
2022-12-31,MYS,HepB3_coverage_pct,96.0
2022-12-31,MYS,IPV_polio_coverage_pct,97.0
2022-12-31,MYS,MCV1_measles_coverage_pct,96.0
2022-12-31,NAM,BCG_coverage_pct,92.0
2022-12-31,NAM,DTP3_coverage_pct,84.0
2022-12-31,NAM,HepB3_coverage_pct,84.0
2022-12-31,NAM,IPV_polio_coverage_pct,0.0
2022-12-31,NAM,MCV1_measles_coverage_pct,89.0
2022-12-31,NER,BCG_coverage_pct,95.0
2022-12-31,NER,DTP3_coverage_pct,84.0
2022-12-31,NER,HepB3_coverage_pct,84.0
2022-12-31,NER,IPV_polio_coverage_pct,73.0
2022-12-31,NER,MCV1_measles_coverage_pct,65.0
2022-12-31,NGA,BCG_coverage_pct,67.0
2022-12-31,NGA,DTP3_coverage_pct,55.0
2022-12-31,NGA,HepB3_coverage_pct,55.0
2022-12-31,NGA,IPV_polio_coverage_pct,33.0
2022-12-31,NGA,MCV1_measles_coverage_pct,51.0
2022-12-31,NIC,BCG_coverage_pct,99.0
2022-12-31,NIC,DTP3_coverage_pct,99.0
2022-12-31,NIC,HepB3_coverage_pct,99.0
2022-12-31,NIC,IPV_polio_coverage_pct,99.0
2022-12-31,NIC,MCV1_measles_coverage_pct,99.0
2022-12-31,NIU,BCG_coverage_pct,99.0
2022-12-31,NIU,DTP3_coverage_pct,99.0
2022-12-31,NIU,HepB3_coverage_pct,99.0
2022-12-31,NIU,IPV_polio_coverage_pct,99.0
2022-12-31,NIU,MCV1_measles_coverage_pct,99.0
2022-12-31,NLD,DTP3_coverage_pct,93.0
2022-12-31,NLD,HepB3_coverage_pct,88.0
2022-12-31,NLD,IPV_polio_coverage_pct,93.0
2022-12-31,NLD,MCV1_measles_coverage_pct,89.0
2022-12-31,NOR,DTP3_coverage_pct,97.0
2022-12-31,NOR,HepB3_coverage_pct,96.0
2022-12-31,NOR,IPV_polio_coverage_pct,97.0
2022-12-31,NOR,MCV1_measles_coverage_pct,96.0
2022-12-31,NPL,BCG_coverage_pct,96.0
2022-12-31,NPL,DTP3_coverage_pct,90.0
2022-12-31,NPL,HepB3_coverage_pct,90.0
2022-12-31,NPL,IPV_polio_coverage_pct,0.0
2022-12-31,NPL,MCV1_measles_coverage_pct,90.0
2022-12-31,NRU,BCG_coverage_pct,99.0
2022-12-31,NRU,DTP3_coverage_pct,99.0
2022-12-31,NRU,HepB3_coverage_pct,97.0
2022-12-31,NRU,IPV_polio_coverage_pct,0.0
2022-12-31,NRU,MCV1_measles_coverage_pct,98.0
2022-12-31,NZL,DTP3_coverage_pct,89.0
2022-12-31,NZL,HepB3_coverage_pct,89.0
2022-12-31,NZL,IPV_polio_coverage_pct,89.0
2022-12-31,NZL,MCV1_measles_coverage_pct,90.0
2022-12-31,OMN,BCG_coverage_pct,99.0
2022-12-31,OMN,DTP3_coverage_pct,99.0
2022-12-31,OMN,HepB3_coverage_pct,99.0
2022-12-31,OMN,IPV_polio_coverage_pct,99.0
2022-12-31,OMN,MCV1_measles_coverage_pct,97.0
2022-12-31,PAK,BCG_coverage_pct,95.0
2022-12-31,PAK,DTP3_coverage_pct,85.0
2022-12-31,PAK,HepB3_coverage_pct,85.0
2022-12-31,PAK,IPV_polio_coverage_pct,80.0
2022-12-31,PAK,MCV1_measles_coverage_pct,82.0
2022-12-31,PAN,BCG_coverage_pct,99.0
2022-12-31,PAN,DTP3_coverage_pct,82.0
2022-12-31,PAN,HepB3_coverage_pct,82.0
2022-12-31,PAN,IPV_polio_coverage_pct,82.0
2022-12-31,PAN,MCV1_measles_coverage_pct,87.0
2022-12-31,PER,BCG_coverage_pct,89.0
2022-12-31,PER,DTP3_coverage_pct,82.0
2022-12-31,PER,HepB3_coverage_pct,82.0
2022-12-31,PER,IPV_polio_coverage_pct,89.0
2022-12-31,PER,MCV1_measles_coverage_pct,74.0
2022-12-31,PHL,BCG_coverage_pct,87.0
2022-12-31,PHL,DTP3_coverage_pct,84.0
2022-12-31,PHL,HepB3_coverage_pct,82.0
2022-12-31,PHL,IPV_polio_coverage_pct,43.0
2022-12-31,PHL,MCV1_measles_coverage_pct,76.0
2022-12-31,PLW,DTP3_coverage_pct,94.0
2022-12-31,PLW,HepB3_coverage_pct,95.0
2022-12-31,PLW,IPV_polio_coverage_pct,94.0
2022-12-31,PLW,MCV1_measles_coverage_pct,96.0
2022-12-31,PNG,BCG_coverage_pct,48.0
2022-12-31,PNG,DTP3_coverage_pct,37.0
2022-12-31,PNG,HepB3_coverage_pct,37.0
2022-12-31,PNG,IPV_polio_coverage_pct,36.0
2022-12-31,PNG,MCV1_measles_coverage_pct,41.0
2022-12-31,POL,BCG_coverage_pct,90.0
2022-12-31,POL,DTP3_coverage_pct,94.0
2022-12-31,POL,HepB3_coverage_pct,90.0
2022-12-31,POL,IPV_polio_coverage_pct,85.0
2022-12-31,POL,MCV1_measles_coverage_pct,91.0
2022-12-31,PRK,BCG_coverage_pct,99.0
2022-12-31,PRK,DTP3_coverage_pct,99.0
2022-12-31,PRK,HepB3_coverage_pct,99.0
2022-12-31,PRK,IPV_polio_coverage_pct,0.0
2022-12-31,PRK,MCV1_measles_coverage_pct,99.0
2022-12-31,PRT,DTP3_coverage_pct,99.0
2022-12-31,PRT,HepB3_coverage_pct,99.0
2022-12-31,PRT,IPV_polio_coverage_pct,99.0
2022-12-31,PRT,MCV1_measles_coverage_pct,98.0
2022-12-31,PRY,BCG_coverage_pct,79.0
2022-12-31,PRY,DTP3_coverage_pct,69.0
2022-12-31,PRY,HepB3_coverage_pct,69.0
2022-12-31,PRY,IPV_polio_coverage_pct,75.0
2022-12-31,PRY,MCV1_measles_coverage_pct,54.0
2022-12-31,PSE,BCG_coverage_pct,99.0
2022-12-31,PSE,DTP3_coverage_pct,98.0
2022-12-31,PSE,HepB3_coverage_pct,99.0
2022-12-31,PSE,IPV_polio_coverage_pct,99.0
2022-12-31,PSE,MCV1_measles_coverage_pct,97.0
2022-12-31,QAT,BCG_coverage_pct,99.0
2022-12-31,QAT,DTP3_coverage_pct,98.0
2022-12-31,QAT,HepB3_coverage_pct,98.0
2022-12-31,QAT,IPV_polio_coverage_pct,98.0
2022-12-31,QAT,MCV1_measles_coverage_pct,99.0
2022-12-31,ROU,BCG_coverage_pct,97.0
2022-12-31,ROU,DTP3_coverage_pct,85.0
2022-12-31,ROU,HepB3_coverage_pct,85.0
2022-12-31,ROU,IPV_polio_coverage_pct,85.0
2022-12-31,ROU,MCV1_measles_coverage_pct,83.0
2022-12-31,RUS,BCG_coverage_pct,96.0
2022-12-31,RUS,DTP3_coverage_pct,97.0
2022-12-31,RUS,HepB3_coverage_pct,97.0
2022-12-31,RUS,IPV_polio_coverage_pct,97.0
2022-12-31,RUS,MCV1_measles_coverage_pct,97.0
2022-12-31,RWA,BCG_coverage_pct,99.0
2022-12-31,RWA,DTP3_coverage_pct,98.0
2022-12-31,RWA,HepB3_coverage_pct,98.0
2022-12-31,RWA,IPV_polio_coverage_pct,73.0
2022-12-31,RWA,MCV1_measles_coverage_pct,99.0
2022-12-31,SAU,BCG_coverage_pct,98.0
2022-12-31,SAU,DTP3_coverage_pct,98.0
2022-12-31,SAU,HepB3_coverage_pct,98.0
2022-12-31,SAU,IPV_polio_coverage_pct,98.0
2022-12-31,SAU,MCV1_measles_coverage_pct,98.0
2022-12-31,SDN,BCG_coverage_pct,81.0
2022-12-31,SDN,DTP3_coverage_pct,84.0
2022-12-31,SDN,HepB3_coverage_pct,84.0
2022-12-31,SDN,IPV_polio_coverage_pct,78.0
2022-12-31,SDN,MCV1_measles_coverage_pct,80.0
2022-12-31,SEN,BCG_coverage_pct,92.0
2022-12-31,SEN,DTP3_coverage_pct,93.0
2022-12-31,SEN,HepB3_coverage_pct,93.0
2022-12-31,SEN,IPV_polio_coverage_pct,0.0
2022-12-31,SEN,MCV1_measles_coverage_pct,87.0
2022-12-31,SGP,BCG_coverage_pct,98.0
2022-12-31,SGP,DTP3_coverage_pct,97.0
2022-12-31,SGP,HepB3_coverage_pct,96.0
2022-12-31,SGP,IPV_polio_coverage_pct,97.0
2022-12-31,SGP,MCV1_measles_coverage_pct,96.0
2022-12-31,SLB,BCG_coverage_pct,88.0
2022-12-31,SLB,DTP3_coverage_pct,89.0
2022-12-31,SLB,HepB3_coverage_pct,89.0
2022-12-31,SLB,IPV_polio_coverage_pct,0.0
2022-12-31,SLB,MCV1_measles_coverage_pct,90.0
2022-12-31,SLE,BCG_coverage_pct,97.0
2022-12-31,SLE,DTP3_coverage_pct,91.0
2022-12-31,SLE,HepB3_coverage_pct,91.0
2022-12-31,SLE,IPV_polio_coverage_pct,35.0
2022-12-31,SLE,MCV1_measles_coverage_pct,90.0
2022-12-31,SLV,BCG_coverage_pct,94.0
2022-12-31,SLV,DTP3_coverage_pct,95.0
2022-12-31,SLV,HepB3_coverage_pct,95.0
2022-12-31,SLV,IPV_polio_coverage_pct,93.0
2022-12-31,SLV,MCV1_measles_coverage_pct,80.0
2022-12-31,SMR,DTP3_coverage_pct,92.0
2022-12-31,SMR,HepB3_coverage_pct,91.0
2022-12-31,SMR,IPV_polio_coverage_pct,92.0
2022-12-31,SMR,MCV1_measles_coverage_pct,91.0
2022-12-31,SOM,BCG_coverage_pct,75.0
2022-12-31,SOM,DTP3_coverage_pct,71.0
2022-12-31,SOM,HepB3_coverage_pct,71.0
2022-12-31,SOM,IPV_polio_coverage_pct,16.0
2022-12-31,SOM,MCV1_measles_coverage_pct,69.0
2022-12-31,SRB,BCG_coverage_pct,96.0
2022-12-31,SRB,DTP3_coverage_pct,92.0
2022-12-31,SRB,HepB3_coverage_pct,92.0
2022-12-31,SRB,IPV_polio_coverage_pct,92.0
2022-12-31,SRB,MCV1_measles_coverage_pct,81.0
2022-12-31,SSD,BCG_coverage_pct,72.0
2022-12-31,SSD,DTP3_coverage_pct,73.0
2022-12-31,SSD,HepB3_coverage_pct,73.0
2022-12-31,SSD,IPV_polio_coverage_pct,34.0
2022-12-31,SSD,MCV1_measles_coverage_pct,72.0
2022-12-31,STP,BCG_coverage_pct,87.0
2022-12-31,STP,DTP3_coverage_pct,92.0
2022-12-31,STP,HepB3_coverage_pct,92.0
2022-12-31,STP,IPV_polio_coverage_pct,0.0
2022-12-31,STP,MCV1_measles_coverage_pct,82.0
2022-12-31,SUR,DTP3_coverage_pct,77.0
2022-12-31,SUR,HepB3_coverage_pct,77.0
2022-12-31,SUR,IPV_polio_coverage_pct,0.0
2022-12-31,SUR,MCV1_measles_coverage_pct,74.0
2022-12-31,SVK,BCG_coverage_pct,0.0
2022-12-31,SVK,DTP3_coverage_pct,97.0
2022-12-31,SVK,HepB3_coverage_pct,97.0
2022-12-31,SVK,IPV_polio_coverage_pct,97.0
2022-12-31,SVK,MCV1_measles_coverage_pct,95.0
2022-12-31,SVN,DTP3_coverage_pct,89.0
2022-12-31,SVN,HepB3_coverage_pct,89.0
2022-12-31,SVN,IPV_polio_coverage_pct,89.0
2022-12-31,SVN,MCV1_measles_coverage_pct,96.0
2022-12-31,SWE,BCG_coverage_pct,0.0
2022-12-31,SWE,DTP3_coverage_pct,94.0
2022-12-31,SWE,HepB3_coverage_pct,94.0
2022-12-31,SWE,IPV_polio_coverage_pct,94.0
2022-12-31,SWE,MCV1_measles_coverage_pct,93.0
2022-12-31,SWZ,BCG_coverage_pct,94.0
2022-12-31,SWZ,DTP3_coverage_pct,97.0
2022-12-31,SWZ,HepB3_coverage_pct,97.0
2022-12-31,SWZ,IPV_polio_coverage_pct,0.0
2022-12-31,SWZ,MCV1_measles_coverage_pct,83.0
2022-12-31,SYC,BCG_coverage_pct,99.0
2022-12-31,SYC,DTP3_coverage_pct,97.0
2022-12-31,SYC,HepB3_coverage_pct,97.0
2022-12-31,SYC,IPV_polio_coverage_pct,0.0
2022-12-31,SYC,MCV1_measles_coverage_pct,98.0
2022-12-31,SYR,BCG_coverage_pct,76.0
2022-12-31,SYR,DTP3_coverage_pct,59.0
2022-12-31,SYR,HepB3_coverage_pct,59.0
2022-12-31,SYR,IPV_polio_coverage_pct,65.0
2022-12-31,SYR,MCV1_measles_coverage_pct,52.0
2022-12-31,TCD,BCG_coverage_pct,92.0
2022-12-31,TCD,DTP3_coverage_pct,66.0
2022-12-31,TCD,HepB3_coverage_pct,66.0
2022-12-31,TCD,IPV_polio_coverage_pct,1.0
2022-12-31,TCD,MCV1_measles_coverage_pct,54.0
2022-12-31,TGO,BCG_coverage_pct,96.0
2022-12-31,TGO,DTP3_coverage_pct,90.0
2022-12-31,TGO,HepB3_coverage_pct,90.0
2022-12-31,TGO,IPV_polio_coverage_pct,25.0
2022-12-31,TGO,MCV1_measles_coverage_pct,82.0
2022-12-31,THA,BCG_coverage_pct,99.0
2022-12-31,THA,DTP3_coverage_pct,92.0
2022-12-31,THA,HepB3_coverage_pct,92.0
2022-12-31,THA,IPV_polio_coverage_pct,0.0
2022-12-31,THA,MCV1_measles_coverage_pct,93.0
2022-12-31,TJK,BCG_coverage_pct,93.0
2022-12-31,TJK,DTP3_coverage_pct,86.0
2022-12-31,TJK,HepB3_coverage_pct,86.0
2022-12-31,TJK,IPV_polio_coverage_pct,50.0
2022-12-31,TJK,MCV1_measles_coverage_pct,80.0
2022-12-31,TKM,BCG_coverage_pct,98.0
2022-12-31,TKM,DTP3_coverage_pct,98.0
2022-12-31,TKM,HepB3_coverage_pct,98.0
2022-12-31,TKM,IPV_polio_coverage_pct,0.0
2022-12-31,TKM,MCV1_measles_coverage_pct,98.0
2022-12-31,TLS,BCG_coverage_pct,90.0
2022-12-31,TLS,DTP3_coverage_pct,83.0
2022-12-31,TLS,HepB3_coverage_pct,83.0
2022-12-31,TLS,IPV_polio_coverage_pct,0.0
2022-12-31,TLS,MCV1_measles_coverage_pct,72.0
2022-12-31,TON,BCG_coverage_pct,99.0
2022-12-31,TON,DTP3_coverage_pct,99.0
2022-12-31,TON,HepB3_coverage_pct,99.0
2022-12-31,TON,IPV_polio_coverage_pct,0.0
2022-12-31,TON,MCV1_measles_coverage_pct,99.0
2022-12-31,TTO,DTP3_coverage_pct,93.0
2022-12-31,TTO,HepB3_coverage_pct,93.0
2022-12-31,TTO,IPV_polio_coverage_pct,91.0
2022-12-31,TTO,MCV1_measles_coverage_pct,92.0
2022-12-31,TUN,BCG_coverage_pct,99.0
2022-12-31,TUN,DTP3_coverage_pct,97.0
2022-12-31,TUN,HepB3_coverage_pct,97.0
2022-12-31,TUN,IPV_polio_coverage_pct,96.0
2022-12-31,TUN,MCV1_measles_coverage_pct,95.0
2022-12-31,TUR,BCG_coverage_pct,98.0
2022-12-31,TUR,DTP3_coverage_pct,99.0
2022-12-31,TUR,HepB3_coverage_pct,99.0
2022-12-31,TUR,IPV_polio_coverage_pct,99.0
2022-12-31,TUR,MCV1_measles_coverage_pct,95.0
2022-12-31,TUV,BCG_coverage_pct,99.0
2022-12-31,TUV,DTP3_coverage_pct,91.0
2022-12-31,TUV,HepB3_coverage_pct,91.0
2022-12-31,TUV,IPV_polio_coverage_pct,90.0
2022-12-31,TUV,MCV1_measles_coverage_pct,90.0
2022-12-31,TZA,BCG_coverage_pct,90.0
2022-12-31,TZA,DTP3_coverage_pct,87.0
2022-12-31,TZA,HepB3_coverage_pct,87.0
2022-12-31,TZA,IPV_polio_coverage_pct,0.0
2022-12-31,TZA,MCV1_measles_coverage_pct,84.0
2022-12-31,UGA,BCG_coverage_pct,93.0
2022-12-31,UGA,DTP3_coverage_pct,89.0
2022-12-31,UGA,HepB3_coverage_pct,89.0
2022-12-31,UGA,IPV_polio_coverage_pct,7.0
2022-12-31,UGA,MCV1_measles_coverage_pct,91.0
2022-12-31,UKR,BCG_coverage_pct,71.0
2022-12-31,UKR,DTP3_coverage_pct,73.0
2022-12-31,UKR,HepB3_coverage_pct,62.0
2022-12-31,UKR,IPV_polio_coverage_pct,72.0
2022-12-31,UKR,MCV1_measles_coverage_pct,74.0
2022-12-31,URY,BCG_coverage_pct,97.0
2022-12-31,URY,DTP3_coverage_pct,94.0
2022-12-31,URY,HepB3_coverage_pct,94.0
2022-12-31,URY,IPV_polio_coverage_pct,94.0
2022-12-31,URY,MCV1_measles_coverage_pct,96.0
2022-12-31,USA,DTP3_coverage_pct,94.0
2022-12-31,USA,HepB3_coverage_pct,93.0
2022-12-31,USA,IPV_polio_coverage_pct,93.0
2022-12-31,USA,MCV1_measles_coverage_pct,92.0
2022-12-31,UZB,BCG_coverage_pct,99.0
2022-12-31,UZB,DTP3_coverage_pct,99.0
2022-12-31,UZB,HepB3_coverage_pct,99.0
2022-12-31,UZB,IPV_polio_coverage_pct,97.0
2022-12-31,UZB,MCV1_measles_coverage_pct,99.0
2022-12-31,VCT,BCG_coverage_pct,94.0
2022-12-31,VCT,DTP3_coverage_pct,99.0
2022-12-31,VCT,HepB3_coverage_pct,99.0
2022-12-31,VCT,IPV_polio_coverage_pct,99.0
2022-12-31,VCT,MCV1_measles_coverage_pct,99.0
2022-12-31,VEN,BCG_coverage_pct,60.0
2022-12-31,VEN,DTP3_coverage_pct,43.0
2022-12-31,VEN,HepB3_coverage_pct,43.0
2022-12-31,VEN,IPV_polio_coverage_pct,42.0
2022-12-31,VEN,MCV1_measles_coverage_pct,52.0
2022-12-31,VNM,BCG_coverage_pct,88.0
2022-12-31,VNM,DTP3_coverage_pct,91.0
2022-12-31,VNM,HepB3_coverage_pct,91.0
2022-12-31,VNM,IPV_polio_coverage_pct,74.0
2022-12-31,VNM,MCV1_measles_coverage_pct,88.0
2022-12-31,VUT,BCG_coverage_pct,81.0
2022-12-31,VUT,DTP3_coverage_pct,68.0
2022-12-31,VUT,HepB3_coverage_pct,68.0
2022-12-31,VUT,IPV_polio_coverage_pct,0.0
2022-12-31,VUT,MCV1_measles_coverage_pct,70.0
2022-12-31,WSM,BCG_coverage_pct,96.0
2022-12-31,WSM,DTP3_coverage_pct,76.0
2022-12-31,WSM,HepB3_coverage_pct,76.0
2022-12-31,WSM,IPV_polio_coverage_pct,0.0
2022-12-31,WSM,MCV1_measles_coverage_pct,82.0
2022-12-31,YEM,BCG_coverage_pct,63.0
2022-12-31,YEM,DTP3_coverage_pct,58.0
2022-12-31,YEM,HepB3_coverage_pct,58.0
2022-12-31,YEM,IPV_polio_coverage_pct,23.0
2022-12-31,YEM,MCV1_measles_coverage_pct,53.0
2022-12-31,ZAF,BCG_coverage_pct,84.0
2022-12-31,ZAF,DTP3_coverage_pct,85.0
2022-12-31,ZAF,HepB3_coverage_pct,85.0
2022-12-31,ZAF,IPV_polio_coverage_pct,85.0
2022-12-31,ZAF,MCV1_measles_coverage_pct,86.0
2022-12-31,ZMB,BCG_coverage_pct,95.0
2022-12-31,ZMB,DTP3_coverage_pct,88.0
2022-12-31,ZMB,HepB3_coverage_pct,88.0
2022-12-31,ZMB,IPV_polio_coverage_pct,0.0
2022-12-31,ZMB,MCV1_measles_coverage_pct,88.0
2022-12-31,ZWE,BCG_coverage_pct,96.0
2022-12-31,ZWE,DTP3_coverage_pct,90.0
2022-12-31,ZWE,HepB3_coverage_pct,90.0
2022-12-31,ZWE,IPV_polio_coverage_pct,79.0
2022-12-31,ZWE,MCV1_measles_coverage_pct,90.0
2023-12-31,AFG,BCG_coverage_pct,71.0
2023-12-31,AFG,DTP3_coverage_pct,62.0
2023-12-31,AFG,HepB3_coverage_pct,62.0
2023-12-31,AFG,IPV_polio_coverage_pct,48.0
2023-12-31,AFG,MCV1_measles_coverage_pct,57.0
2023-12-31,AGO,BCG_coverage_pct,80.0
2023-12-31,AGO,DTP3_coverage_pct,60.0
2023-12-31,AGO,HepB3_coverage_pct,60.0
2023-12-31,AGO,IPV_polio_coverage_pct,30.0
2023-12-31,AGO,MCV1_measles_coverage_pct,63.0
2023-12-31,ALB,BCG_coverage_pct,99.0
2023-12-31,ALB,DTP3_coverage_pct,97.0
2023-12-31,ALB,HepB3_coverage_pct,97.0
2023-12-31,ALB,IPV_polio_coverage_pct,97.0
2023-12-31,ALB,MCV1_measles_coverage_pct,83.0
2023-12-31,AND,DTP3_coverage_pct,98.0
2023-12-31,AND,HepB3_coverage_pct,97.0
2023-12-31,AND,IPV_polio_coverage_pct,98.0
2023-12-31,AND,MCV1_measles_coverage_pct,99.0
2023-12-31,ARE,BCG_coverage_pct,98.0
2023-12-31,ARE,DTP3_coverage_pct,96.0
2023-12-31,ARE,HepB3_coverage_pct,96.0
2023-12-31,ARE,IPV_polio_coverage_pct,96.0
2023-12-31,ARE,MCV1_measles_coverage_pct,98.0
2023-12-31,ARG,BCG_coverage_pct,69.0
2023-12-31,ARG,DTP3_coverage_pct,66.0
2023-12-31,ARG,HepB3_coverage_pct,66.0
2023-12-31,ARG,IPV_polio_coverage_pct,71.0
2023-12-31,ARG,MCV1_measles_coverage_pct,80.0
2023-12-31,ARM,BCG_coverage_pct,99.0
2023-12-31,ARM,DTP3_coverage_pct,94.0
2023-12-31,ARM,HepB3_coverage_pct,94.0
2023-12-31,ARM,IPV_polio_coverage_pct,94.0
2023-12-31,ARM,MCV1_measles_coverage_pct,96.0
2023-12-31,ATG,DTP3_coverage_pct,97.0
2023-12-31,ATG,HepB3_coverage_pct,98.0
2023-12-31,ATG,IPV_polio_coverage_pct,98.0
2023-12-31,ATG,MCV1_measles_coverage_pct,94.0
2023-12-31,AUS,DTP3_coverage_pct,94.0
2023-12-31,AUS,HepB3_coverage_pct,94.0
2023-12-31,AUS,IPV_polio_coverage_pct,94.0
2023-12-31,AUS,MCV1_measles_coverage_pct,91.0
2023-12-31,AUT,DTP3_coverage_pct,87.0
2023-12-31,AUT,HepB3_coverage_pct,87.0
2023-12-31,AUT,IPV_polio_coverage_pct,87.0
2023-12-31,AUT,MCV1_measles_coverage_pct,91.0
2023-12-31,AZE,BCG_coverage_pct,96.0
2023-12-31,AZE,DTP3_coverage_pct,51.0
2023-12-31,AZE,HepB3_coverage_pct,51.0
2023-12-31,AZE,IPV_polio_coverage_pct,51.0
2023-12-31,AZE,MCV1_measles_coverage_pct,71.0
2023-12-31,BDI,BCG_coverage_pct,89.0
2023-12-31,BDI,DTP3_coverage_pct,89.0
2023-12-31,BDI,HepB3_coverage_pct,89.0
2023-12-31,BDI,IPV_polio_coverage_pct,0.0
2023-12-31,BDI,MCV1_measles_coverage_pct,86.0
2023-12-31,BEL,DTP3_coverage_pct,98.0
2023-12-31,BEL,HepB3_coverage_pct,97.0
2023-12-31,BEL,IPV_polio_coverage_pct,98.0
2023-12-31,BEL,MCV1_measles_coverage_pct,96.0
2023-12-31,BEN,BCG_coverage_pct,99.0
2023-12-31,BEN,DTP3_coverage_pct,69.0
2023-12-31,BEN,HepB3_coverage_pct,69.0
2023-12-31,BEN,IPV_polio_coverage_pct,0.0
2023-12-31,BEN,MCV1_measles_coverage_pct,52.0
2023-12-31,BFA,BCG_coverage_pct,98.0
2023-12-31,BFA,DTP3_coverage_pct,91.0
2023-12-31,BFA,HepB3_coverage_pct,91.0
2023-12-31,BFA,IPV_polio_coverage_pct,85.0
2023-12-31,BFA,MCV1_measles_coverage_pct,88.0
2023-12-31,BGD,BCG_coverage_pct,99.0
2023-12-31,BGD,DTP3_coverage_pct,97.0
2023-12-31,BGD,HepB3_coverage_pct,97.0
2023-12-31,BGD,IPV_polio_coverage_pct,0.0
2023-12-31,BGD,MCV1_measles_coverage_pct,96.0
2023-12-31,BGR,BCG_coverage_pct,97.0
2023-12-31,BGR,DTP3_coverage_pct,92.0
2023-12-31,BGR,HepB3_coverage_pct,92.0
2023-12-31,BGR,IPV_polio_coverage_pct,92.0
2023-12-31,BGR,MCV1_measles_coverage_pct,92.0
2023-12-31,BHR,DTP3_coverage_pct,99.0
2023-12-31,BHR,HepB3_coverage_pct,99.0
2023-12-31,BHR,IPV_polio_coverage_pct,99.0
2023-12-31,BHR,MCV1_measles_coverage_pct,99.0
2023-12-31,BHS,DTP3_coverage_pct,87.0
2023-12-31,BHS,HepB3_coverage_pct,87.0
2023-12-31,BHS,IPV_polio_coverage_pct,94.0
2023-12-31,BHS,MCV1_measles_coverage_pct,86.0
2023-12-31,BIH,BCG_coverage_pct,95.0
2023-12-31,BIH,DTP3_coverage_pct,73.0
2023-12-31,BIH,HepB3_coverage_pct,77.0
2023-12-31,BIH,IPV_polio_coverage_pct,73.0
2023-12-31,BIH,MCV1_measles_coverage_pct,55.0
2023-12-31,BLR,BCG_coverage_pct,98.0
2023-12-31,BLR,DTP3_coverage_pct,98.0
2023-12-31,BLR,HepB3_coverage_pct,97.0
2023-12-31,BLR,IPV_polio_coverage_pct,98.0
2023-12-31,BLR,MCV1_measles_coverage_pct,97.0
2023-12-31,BLZ,BCG_coverage_pct,88.0
2023-12-31,BLZ,DTP3_coverage_pct,85.0
2023-12-31,BLZ,HepB3_coverage_pct,85.0
2023-12-31,BLZ,IPV_polio_coverage_pct,85.0
2023-12-31,BLZ,MCV1_measles_coverage_pct,93.0
2023-12-31,BOL,BCG_coverage_pct,74.0
2023-12-31,BOL,DTP3_coverage_pct,67.0
2023-12-31,BOL,HepB3_coverage_pct,67.0
2023-12-31,BOL,IPV_polio_coverage_pct,67.0
2023-12-31,BOL,MCV1_measles_coverage_pct,68.0
2023-12-31,BRA,BCG_coverage_pct,87.0
2023-12-31,BRA,DTP3_coverage_pct,86.0
2023-12-31,BRA,HepB3_coverage_pct,85.0
2023-12-31,BRA,IPV_polio_coverage_pct,85.0
2023-12-31,BRA,MCV1_measles_coverage_pct,90.0
2023-12-31,BRB,DTP3_coverage_pct,85.0
2023-12-31,BRB,HepB3_coverage_pct,85.0
2023-12-31,BRB,IPV_polio_coverage_pct,90.0
2023-12-31,BRB,MCV1_measles_coverage_pct,89.0
2023-12-31,BRN,BCG_coverage_pct,99.0
2023-12-31,BRN,DTP3_coverage_pct,99.0
2023-12-31,BRN,HepB3_coverage_pct,99.0
2023-12-31,BRN,IPV_polio_coverage_pct,99.0
2023-12-31,BRN,MCV1_measles_coverage_pct,97.0
2023-12-31,BTN,BCG_coverage_pct,97.0
2023-12-31,BTN,DTP3_coverage_pct,99.0
2023-12-31,BTN,HepB3_coverage_pct,99.0
2023-12-31,BTN,IPV_polio_coverage_pct,84.0
2023-12-31,BTN,MCV1_measles_coverage_pct,99.0
2023-12-31,BWA,BCG_coverage_pct,98.0
2023-12-31,BWA,DTP3_coverage_pct,95.0
2023-12-31,BWA,HepB3_coverage_pct,95.0
2023-12-31,BWA,IPV_polio_coverage_pct,0.0
2023-12-31,BWA,MCV1_measles_coverage_pct,97.0
2023-12-31,CAF,BCG_coverage_pct,61.0
2023-12-31,CAF,DTP3_coverage_pct,40.0
2023-12-31,CAF,HepB3_coverage_pct,40.0
2023-12-31,CAF,IPV_polio_coverage_pct,0.0
2023-12-31,CAF,MCV1_measles_coverage_pct,39.0
2023-12-31,CAN,DTP3_coverage_pct,92.0
2023-12-31,CAN,HepB3_coverage_pct,83.0
2023-12-31,CAN,IPV_polio_coverage_pct,92.0
2023-12-31,CAN,MCV1_measles_coverage_pct,92.0
2023-12-31,CHE,DTP3_coverage_pct,95.0
2023-12-31,CHE,HepB3_coverage_pct,80.0
2023-12-31,CHE,IPV_polio_coverage_pct,95.0
2023-12-31,CHE,MCV1_measles_coverage_pct,95.0
2023-12-31,CHL,BCG_coverage_pct,98.0
2023-12-31,CHL,DTP3_coverage_pct,96.0
2023-12-31,CHL,HepB3_coverage_pct,96.0
2023-12-31,CHL,IPV_polio_coverage_pct,96.0
2023-12-31,CHL,MCV1_measles_coverage_pct,94.0
2023-12-31,CHN,BCG_coverage_pct,99.0
2023-12-31,CHN,DTP3_coverage_pct,96.0
2023-12-31,CHN,HepB3_coverage_pct,96.0
2023-12-31,CHN,IPV_polio_coverage_pct,98.0
2023-12-31,CHN,MCV1_measles_coverage_pct,95.0
2023-12-31,CIV,BCG_coverage_pct,88.0
2023-12-31,CIV,DTP3_coverage_pct,72.0
2023-12-31,CIV,HepB3_coverage_pct,72.0
2023-12-31,CIV,IPV_polio_coverage_pct,60.0
2023-12-31,CIV,MCV1_measles_coverage_pct,63.0
2023-12-31,CMR,BCG_coverage_pct,93.0
2023-12-31,CMR,DTP3_coverage_pct,75.0
2023-12-31,CMR,HepB3_coverage_pct,75.0
2023-12-31,CMR,IPV_polio_coverage_pct,55.0
2023-12-31,CMR,MCV1_measles_coverage_pct,71.0
2023-12-31,COD,BCG_coverage_pct,77.0
2023-12-31,COD,DTP3_coverage_pct,60.0
2023-12-31,COD,HepB3_coverage_pct,60.0
2023-12-31,COD,IPV_polio_coverage_pct,23.0
2023-12-31,COD,MCV1_measles_coverage_pct,52.0
2023-12-31,COG,BCG_coverage_pct,67.0
2023-12-31,COG,DTP3_coverage_pct,78.0
2023-12-31,COG,HepB3_coverage_pct,78.0
2023-12-31,COG,IPV_polio_coverage_pct,0.0
2023-12-31,COG,MCV1_measles_coverage_pct,65.0
2023-12-31,COK,BCG_coverage_pct,99.0
2023-12-31,COK,DTP3_coverage_pct,86.0
2023-12-31,COK,HepB3_coverage_pct,86.0
2023-12-31,COK,IPV_polio_coverage_pct,0.0
2023-12-31,COK,MCV1_measles_coverage_pct,84.0
2023-12-31,COL,BCG_coverage_pct,87.0
2023-12-31,COL,DTP3_coverage_pct,90.0
2023-12-31,COL,HepB3_coverage_pct,90.0
2023-12-31,COL,IPV_polio_coverage_pct,90.0
2023-12-31,COL,MCV1_measles_coverage_pct,93.0
2023-12-31,COM,BCG_coverage_pct,85.0
2023-12-31,COM,DTP3_coverage_pct,75.0
2023-12-31,COM,HepB3_coverage_pct,75.0
2023-12-31,COM,IPV_polio_coverage_pct,0.0
2023-12-31,COM,MCV1_measles_coverage_pct,70.0
2023-12-31,CPV,BCG_coverage_pct,99.0
2023-12-31,CPV,DTP3_coverage_pct,93.0
2023-12-31,CPV,HepB3_coverage_pct,93.0
2023-12-31,CPV,IPV_polio_coverage_pct,0.0
2023-12-31,CPV,MCV1_measles_coverage_pct,95.0
2023-12-31,CRI,BCG_coverage_pct,99.0
2023-12-31,CRI,DTP3_coverage_pct,99.0
2023-12-31,CRI,HepB3_coverage_pct,98.0
2023-12-31,CRI,IPV_polio_coverage_pct,99.0
2023-12-31,CRI,MCV1_measles_coverage_pct,93.0
2023-12-31,CUB,BCG_coverage_pct,99.0
2023-12-31,CUB,DTP3_coverage_pct,99.0
2023-12-31,CUB,HepB3_coverage_pct,99.0
2023-12-31,CUB,IPV_polio_coverage_pct,99.0
2023-12-31,CUB,MCV1_measles_coverage_pct,99.0
2023-12-31,CYP,DTP3_coverage_pct,95.0
2023-12-31,CYP,HepB3_coverage_pct,95.0
2023-12-31,CYP,IPV_polio_coverage_pct,95.0
2023-12-31,CYP,MCV1_measles_coverage_pct,82.0
2023-12-31,CZE,DTP3_coverage_pct,95.0
2023-12-31,CZE,HepB3_coverage_pct,95.0
2023-12-31,CZE,IPV_polio_coverage_pct,95.0
2023-12-31,CZE,MCV1_measles_coverage_pct,87.0
2023-12-31,DEU,DTP3_coverage_pct,89.0
2023-12-31,DEU,HepB3_coverage_pct,85.0
2023-12-31,DEU,IPV_polio_coverage_pct,88.0
2023-12-31,DEU,MCV1_measles_coverage_pct,96.0
2023-12-31,DJI,BCG_coverage_pct,72.0
2023-12-31,DJI,DTP3_coverage_pct,72.0
2023-12-31,DJI,HepB3_coverage_pct,72.0
2023-12-31,DJI,IPV_polio_coverage_pct,0.0
2023-12-31,DJI,MCV1_measles_coverage_pct,76.0
2023-12-31,DMA,BCG_coverage_pct,95.0
2023-12-31,DMA,DTP3_coverage_pct,56.0
2023-12-31,DMA,HepB3_coverage_pct,56.0
2023-12-31,DMA,IPV_polio_coverage_pct,75.0
2023-12-31,DMA,MCV1_measles_coverage_pct,84.0
2023-12-31,DNK,DTP3_coverage_pct,97.0
2023-12-31,DNK,HepB3_coverage_pct,0.0
2023-12-31,DNK,IPV_polio_coverage_pct,97.0
2023-12-31,DNK,MCV1_measles_coverage_pct,95.0
2023-12-31,DOM,BCG_coverage_pct,99.0
2023-12-31,DOM,DTP3_coverage_pct,90.0
2023-12-31,DOM,HepB3_coverage_pct,90.0
2023-12-31,DOM,IPV_polio_coverage_pct,89.0
2023-12-31,DOM,MCV1_measles_coverage_pct,94.0
2023-12-31,DZA,BCG_coverage_pct,99.0
2023-12-31,DZA,DTP3_coverage_pct,92.0
2023-12-31,DZA,HepB3_coverage_pct,94.0
2023-12-31,DZA,IPV_polio_coverage_pct,33.0
2023-12-31,DZA,MCV1_measles_coverage_pct,99.0
2023-12-31,ECU,BCG_coverage_pct,82.0
2023-12-31,ECU,DTP3_coverage_pct,79.0
2023-12-31,ECU,HepB3_coverage_pct,79.0
2023-12-31,ECU,IPV_polio_coverage_pct,81.0
2023-12-31,ECU,MCV1_measles_coverage_pct,81.0
2023-12-31,EGY,BCG_coverage_pct,97.0
2023-12-31,EGY,DTP3_coverage_pct,96.0
2023-12-31,EGY,HepB3_coverage_pct,96.0
2023-12-31,EGY,IPV_polio_coverage_pct,96.0
2023-12-31,EGY,MCV1_measles_coverage_pct,96.0
2023-12-31,ERI,BCG_coverage_pct,97.0
2023-12-31,ERI,DTP3_coverage_pct,95.0
2023-12-31,ERI,HepB3_coverage_pct,95.0
2023-12-31,ERI,IPV_polio_coverage_pct,93.0
2023-12-31,ERI,MCV1_measles_coverage_pct,93.0
2023-12-31,ESP,DTP3_coverage_pct,93.0
2023-12-31,ESP,HepB3_coverage_pct,93.0
2023-12-31,ESP,IPV_polio_coverage_pct,93.0
2023-12-31,ESP,MCV1_measles_coverage_pct,96.0
2023-12-31,EST,BCG_coverage_pct,88.0
2023-12-31,EST,DTP3_coverage_pct,84.0
2023-12-31,EST,HepB3_coverage_pct,82.0
2023-12-31,EST,IPV_polio_coverage_pct,84.0
2023-12-31,EST,MCV1_measles_coverage_pct,85.0
2023-12-31,ETH,BCG_coverage_pct,76.0
2023-12-31,ETH,DTP3_coverage_pct,75.0
2023-12-31,ETH,HepB3_coverage_pct,75.0
2023-12-31,ETH,IPV_polio_coverage_pct,0.0
2023-12-31,ETH,MCV1_measles_coverage_pct,71.0
2023-12-31,FIN,DTP3_coverage_pct,91.0
2023-12-31,FIN,HepB3_coverage_pct,0.0
2023-12-31,FIN,IPV_polio_coverage_pct,91.0
2023-12-31,FIN,MCV1_measles_coverage_pct,94.0
2023-12-31,FJI,BCG_coverage_pct,94.0
2023-12-31,FJI,DTP3_coverage_pct,97.0
2023-12-31,FJI,HepB3_coverage_pct,97.0
2023-12-31,FJI,IPV_polio_coverage_pct,0.0
2023-12-31,FJI,MCV1_measles_coverage_pct,98.0
2023-12-31,FRA,DTP3_coverage_pct,96.0
2023-12-31,FRA,HepB3_coverage_pct,96.0
2023-12-31,FRA,IPV_polio_coverage_pct,96.0
2023-12-31,FRA,MCV1_measles_coverage_pct,95.0
2023-12-31,FSM,BCG_coverage_pct,77.0
2023-12-31,FSM,DTP3_coverage_pct,79.0
2023-12-31,FSM,HepB3_coverage_pct,85.0
2023-12-31,FSM,IPV_polio_coverage_pct,79.0
2023-12-31,FSM,MCV1_measles_coverage_pct,86.0
2023-12-31,GAB,BCG_coverage_pct,84.0
2023-12-31,GAB,DTP3_coverage_pct,70.0
2023-12-31,GAB,HepB3_coverage_pct,70.0
2023-12-31,GAB,IPV_polio_coverage_pct,0.0
2023-12-31,GAB,MCV1_measles_coverage_pct,66.0
2023-12-31,GBR,DTP3_coverage_pct,92.0
2023-12-31,GBR,HepB3_coverage_pct,92.0
2023-12-31,GBR,IPV_polio_coverage_pct,92.0
2023-12-31,GBR,MCV1_measles_coverage_pct,90.0
2023-12-31,GEO,BCG_coverage_pct,94.0
2023-12-31,GEO,DTP3_coverage_pct,88.0
2023-12-31,GEO,HepB3_coverage_pct,93.0
2023-12-31,GEO,IPV_polio_coverage_pct,88.0
2023-12-31,GEO,MCV1_measles_coverage_pct,95.0
2023-12-31,GHA,BCG_coverage_pct,97.0
2023-12-31,GHA,DTP3_coverage_pct,95.0
2023-12-31,GHA,HepB3_coverage_pct,95.0
2023-12-31,GHA,IPV_polio_coverage_pct,0.0
2023-12-31,GHA,MCV1_measles_coverage_pct,88.0
2023-12-31,GIN,BCG_coverage_pct,74.0
2023-12-31,GIN,DTP3_coverage_pct,60.0
2023-12-31,GIN,HepB3_coverage_pct,60.0
2023-12-31,GIN,IPV_polio_coverage_pct,0.0
2023-12-31,GIN,MCV1_measles_coverage_pct,52.0
2023-12-31,GMB,BCG_coverage_pct,76.0
2023-12-31,GMB,DTP3_coverage_pct,84.0
2023-12-31,GMB,HepB3_coverage_pct,84.0
2023-12-31,GMB,IPV_polio_coverage_pct,80.0
2023-12-31,GMB,MCV1_measles_coverage_pct,80.0
2023-12-31,GNB,BCG_coverage_pct,94.0
2023-12-31,GNB,DTP3_coverage_pct,91.0
2023-12-31,GNB,HepB3_coverage_pct,91.0
2023-12-31,GNB,IPV_polio_coverage_pct,0.0
2023-12-31,GNB,MCV1_measles_coverage_pct,83.0
2023-12-31,GNQ,BCG_coverage_pct,85.0
2023-12-31,GNQ,DTP3_coverage_pct,74.0
2023-12-31,GNQ,HepB3_coverage_pct,74.0
2023-12-31,GNQ,IPV_polio_coverage_pct,0.0
2023-12-31,GNQ,MCV1_measles_coverage_pct,61.0
2023-12-31,GRC,DTP3_coverage_pct,95.0
2023-12-31,GRC,HepB3_coverage_pct,93.0
2023-12-31,GRC,IPV_polio_coverage_pct,97.0
2023-12-31,GRC,MCV1_measles_coverage_pct,91.0
2023-12-31,GRD,DTP3_coverage_pct,86.0
2023-12-31,GRD,HepB3_coverage_pct,86.0
2023-12-31,GRD,IPV_polio_coverage_pct,92.0
2023-12-31,GRD,MCV1_measles_coverage_pct,82.0
2023-12-31,GTM,BCG_coverage_pct,95.0
2023-12-31,GTM,DTP3_coverage_pct,88.0
2023-12-31,GTM,HepB3_coverage_pct,88.0
2023-12-31,GTM,IPV_polio_coverage_pct,94.0
2023-12-31,GTM,MCV1_measles_coverage_pct,89.0
2023-12-31,GUY,BCG_coverage_pct,99.0
2023-12-31,GUY,DTP3_coverage_pct,99.0
2023-12-31,GUY,HepB3_coverage_pct,99.0
2023-12-31,GUY,IPV_polio_coverage_pct,98.0
2023-12-31,GUY,MCV1_measles_coverage_pct,98.0
2023-12-31,HND,BCG_coverage_pct,89.0
2023-12-31,HND,DTP3_coverage_pct,87.0
2023-12-31,HND,HepB3_coverage_pct,87.0
2023-12-31,HND,IPV_polio_coverage_pct,89.0
2023-12-31,HND,MCV1_measles_coverage_pct,88.0
2023-12-31,HRV,BCG_coverage_pct,97.0
2023-12-31,HRV,DTP3_coverage_pct,93.0
2023-12-31,HRV,HepB3_coverage_pct,92.0
2023-12-31,HRV,IPV_polio_coverage_pct,93.0
2023-12-31,HRV,MCV1_measles_coverage_pct,90.0
2023-12-31,HTI,BCG_coverage_pct,68.0
2023-12-31,HTI,DTP3_coverage_pct,54.0
2023-12-31,HTI,HepB3_coverage_pct,54.0
2023-12-31,HTI,IPV_polio_coverage_pct,0.0
2023-12-31,HTI,MCV1_measles_coverage_pct,72.0
2023-12-31,HUN,BCG_coverage_pct,99.0
2023-12-31,HUN,DTP3_coverage_pct,99.0
2023-12-31,HUN,HepB3_coverage_pct,0.0
2023-12-31,HUN,IPV_polio_coverage_pct,99.0
2023-12-31,HUN,MCV1_measles_coverage_pct,99.0
2023-12-31,IDN,BCG_coverage_pct,88.0
2023-12-31,IDN,DTP3_coverage_pct,83.0
2023-12-31,IDN,HepB3_coverage_pct,83.0
2023-12-31,IDN,IPV_polio_coverage_pct,44.0
2023-12-31,IDN,MCV1_measles_coverage_pct,82.0
2023-12-31,IND,BCG_coverage_pct,89.0
2023-12-31,IND,DTP3_coverage_pct,91.0
2023-12-31,IND,HepB3_coverage_pct,91.0
2023-12-31,IND,IPV_polio_coverage_pct,0.0
2023-12-31,IND,MCV1_measles_coverage_pct,93.0
2023-12-31,IRL,DTP3_coverage_pct,93.0
2023-12-31,IRL,HepB3_coverage_pct,93.0
2023-12-31,IRL,IPV_polio_coverage_pct,93.0
2023-12-31,IRL,MCV1_measles_coverage_pct,89.0
2023-12-31,IRN,BCG_coverage_pct,99.0
2023-12-31,IRN,DTP3_coverage_pct,99.0
2023-12-31,IRN,HepB3_coverage_pct,99.0
2023-12-31,IRN,IPV_polio_coverage_pct,99.0
2023-12-31,IRN,MCV1_measles_coverage_pct,99.0
2023-12-31,IRQ,BCG_coverage_pct,93.0
2023-12-31,IRQ,DTP3_coverage_pct,91.0
2023-12-31,IRQ,HepB3_coverage_pct,91.0
2023-12-31,IRQ,IPV_polio_coverage_pct,91.0
2023-12-31,IRQ,MCV1_measles_coverage_pct,96.0
2023-12-31,ISL,DTP3_coverage_pct,92.0
2023-12-31,ISL,HepB3_coverage_pct,0.0
2023-12-31,ISL,IPV_polio_coverage_pct,92.0
2023-12-31,ISL,MCV1_measles_coverage_pct,91.0
2023-12-31,ISR,DTP3_coverage_pct,98.0
2023-12-31,ISR,HepB3_coverage_pct,96.0
2023-12-31,ISR,IPV_polio_coverage_pct,98.0
2023-12-31,ISR,MCV1_measles_coverage_pct,98.0
2023-12-31,ITA,DTP3_coverage_pct,95.0
2023-12-31,ITA,HepB3_coverage_pct,95.0
2023-12-31,ITA,IPV_polio_coverage_pct,95.0
2023-12-31,ITA,MCV1_measles_coverage_pct,95.0
2023-12-31,JAM,BCG_coverage_pct,99.0
2023-12-31,JAM,DTP3_coverage_pct,99.0
2023-12-31,JAM,HepB3_coverage_pct,99.0
2023-12-31,JAM,IPV_polio_coverage_pct,91.0
2023-12-31,JAM,MCV1_measles_coverage_pct,93.0
2023-12-31,JOR,BCG_coverage_pct,90.0
2023-12-31,JOR,DTP3_coverage_pct,96.0
2023-12-31,JOR,HepB3_coverage_pct,96.0
2023-12-31,JOR,IPV_polio_coverage_pct,95.0
2023-12-31,JOR,MCV1_measles_coverage_pct,95.0
2023-12-31,JPN,BCG_coverage_pct,97.0
2023-12-31,JPN,DTP3_coverage_pct,98.0
2023-12-31,JPN,HepB3_coverage_pct,95.0
2023-12-31,JPN,IPV_polio_coverage_pct,98.0
2023-12-31,JPN,MCV1_measles_coverage_pct,94.0
2023-12-31,KAZ,BCG_coverage_pct,85.0
2023-12-31,KAZ,DTP3_coverage_pct,55.0
2023-12-31,KAZ,HepB3_coverage_pct,54.0
2023-12-31,KAZ,IPV_polio_coverage_pct,56.0
2023-12-31,KAZ,MCV1_measles_coverage_pct,69.0
2023-12-31,KEN,BCG_coverage_pct,90.0
2023-12-31,KEN,DTP3_coverage_pct,93.0
2023-12-31,KEN,HepB3_coverage_pct,93.0
2023-12-31,KEN,IPV_polio_coverage_pct,0.0
2023-12-31,KEN,MCV1_measles_coverage_pct,85.0
2023-12-31,KGZ,BCG_coverage_pct,95.0
2023-12-31,KGZ,DTP3_coverage_pct,86.0
2023-12-31,KGZ,HepB3_coverage_pct,87.0
2023-12-31,KGZ,IPV_polio_coverage_pct,66.0
2023-12-31,KGZ,MCV1_measles_coverage_pct,96.0
2023-12-31,KHM,BCG_coverage_pct,91.0
2023-12-31,KHM,DTP3_coverage_pct,84.0
2023-12-31,KHM,HepB3_coverage_pct,84.0
2023-12-31,KHM,IPV_polio_coverage_pct,0.0
2023-12-31,KHM,MCV1_measles_coverage_pct,79.0
2023-12-31,KIR,BCG_coverage_pct,95.0
2023-12-31,KIR,DTP3_coverage_pct,90.0
2023-12-31,KIR,HepB3_coverage_pct,90.0
2023-12-31,KIR,IPV_polio_coverage_pct,0.0
2023-12-31,KIR,MCV1_measles_coverage_pct,79.0
2023-12-31,KNA,BCG_coverage_pct,95.0
2023-12-31,KNA,DTP3_coverage_pct,96.0
2023-12-31,KNA,HepB3_coverage_pct,96.0
2023-12-31,KNA,IPV_polio_coverage_pct,96.0
2023-12-31,KNA,MCV1_measles_coverage_pct,95.0
2023-12-31,KOR,BCG_coverage_pct,98.0
2023-12-31,KOR,DTP3_coverage_pct,98.0
2023-12-31,KOR,HepB3_coverage_pct,97.0
2023-12-31,KOR,IPV_polio_coverage_pct,97.0
2023-12-31,KOR,MCV1_measles_coverage_pct,97.0
2023-12-31,KWT,BCG_coverage_pct,99.0
2023-12-31,KWT,DTP3_coverage_pct,99.0
2023-12-31,KWT,HepB3_coverage_pct,99.0
2023-12-31,KWT,IPV_polio_coverage_pct,95.0
2023-12-31,KWT,MCV1_measles_coverage_pct,99.0
2023-12-31,LAO,BCG_coverage_pct,87.0
2023-12-31,LAO,DTP3_coverage_pct,74.0
2023-12-31,LAO,HepB3_coverage_pct,74.0
2023-12-31,LAO,IPV_polio_coverage_pct,0.0
2023-12-31,LAO,MCV1_measles_coverage_pct,69.0
2023-12-31,LBN,DTP3_coverage_pct,53.0
2023-12-31,LBN,HepB3_coverage_pct,53.0
2023-12-31,LBN,IPV_polio_coverage_pct,53.0
2023-12-31,LBN,MCV1_measles_coverage_pct,67.0
2023-12-31,LBR,BCG_coverage_pct,82.0
2023-12-31,LBR,DTP3_coverage_pct,83.0
2023-12-31,LBR,HepB3_coverage_pct,83.0
2023-12-31,LBR,IPV_polio_coverage_pct,0.0
2023-12-31,LBR,MCV1_measles_coverage_pct,82.0
2023-12-31,LBY,BCG_coverage_pct,74.0
2023-12-31,LBY,DTP3_coverage_pct,73.0
2023-12-31,LBY,HepB3_coverage_pct,73.0
2023-12-31,LBY,IPV_polio_coverage_pct,73.0
2023-12-31,LBY,MCV1_measles_coverage_pct,73.0
2023-12-31,LCA,BCG_coverage_pct,92.0
2023-12-31,LCA,DTP3_coverage_pct,74.0
2023-12-31,LCA,HepB3_coverage_pct,74.0
2023-12-31,LCA,IPV_polio_coverage_pct,87.0
2023-12-31,LCA,MCV1_measles_coverage_pct,85.0
2023-12-31,LKA,BCG_coverage_pct,99.0
2023-12-31,LKA,DTP3_coverage_pct,99.0
2023-12-31,LKA,HepB3_coverage_pct,99.0
2023-12-31,LKA,IPV_polio_coverage_pct,0.0
2023-12-31,LKA,MCV1_measles_coverage_pct,99.0
2023-12-31,LSO,BCG_coverage_pct,68.0
2023-12-31,LSO,DTP3_coverage_pct,90.0
2023-12-31,LSO,HepB3_coverage_pct,90.0
2023-12-31,LSO,IPV_polio_coverage_pct,0.0
2023-12-31,LSO,MCV1_measles_coverage_pct,76.0
2023-12-31,LTU,BCG_coverage_pct,93.0
2023-12-31,LTU,DTP3_coverage_pct,90.0
2023-12-31,LTU,HepB3_coverage_pct,90.0
2023-12-31,LTU,IPV_polio_coverage_pct,90.0
2023-12-31,LTU,MCV1_measles_coverage_pct,87.0
2023-12-31,LUX,DTP3_coverage_pct,99.0
2023-12-31,LUX,HepB3_coverage_pct,98.0
2023-12-31,LUX,IPV_polio_coverage_pct,99.0
2023-12-31,LUX,MCV1_measles_coverage_pct,99.0
2023-12-31,LVA,BCG_coverage_pct,98.0
2023-12-31,LVA,DTP3_coverage_pct,98.0
2023-12-31,LVA,HepB3_coverage_pct,97.0
2023-12-31,LVA,IPV_polio_coverage_pct,98.0
2023-12-31,LVA,MCV1_measles_coverage_pct,99.0
2023-12-31,MAR,BCG_coverage_pct,99.0
2023-12-31,MAR,DTP3_coverage_pct,97.0
2023-12-31,MAR,HepB3_coverage_pct,98.0
2023-12-31,MAR,IPV_polio_coverage_pct,0.0
2023-12-31,MAR,MCV1_measles_coverage_pct,99.0
2023-12-31,MCO,DTP3_coverage_pct,99.0
2023-12-31,MCO,HepB3_coverage_pct,99.0
2023-12-31,MCO,IPV_polio_coverage_pct,99.0
2023-12-31,MCO,MCV1_measles_coverage_pct,88.0
2023-12-31,MDA,BCG_coverage_pct,96.0
2023-12-31,MDA,DTP3_coverage_pct,87.0
2023-12-31,MDA,HepB3_coverage_pct,88.0
2023-12-31,MDA,IPV_polio_coverage_pct,83.0
2023-12-31,MDA,MCV1_measles_coverage_pct,85.0
2023-12-31,MDG,BCG_coverage_pct,73.0
2023-12-31,MDG,DTP3_coverage_pct,65.0
2023-12-31,MDG,HepB3_coverage_pct,65.0
2023-12-31,MDG,IPV_polio_coverage_pct,43.0
2023-12-31,MDG,MCV1_measles_coverage_pct,51.0
2023-12-31,MDV,BCG_coverage_pct,99.0
2023-12-31,MDV,DTP3_coverage_pct,98.0
2023-12-31,MDV,HepB3_coverage_pct,98.0
2023-12-31,MDV,IPV_polio_coverage_pct,0.0
2023-12-31,MDV,MCV1_measles_coverage_pct,99.0
2023-12-31,MEX,BCG_coverage_pct,89.0
2023-12-31,MEX,DTP3_coverage_pct,85.0
2023-12-31,MEX,HepB3_coverage_pct,85.0
2023-12-31,MEX,IPV_polio_coverage_pct,85.0
2023-12-31,MEX,MCV1_measles_coverage_pct,76.0
2023-12-31,MHL,BCG_coverage_pct,99.0
2023-12-31,MHL,DTP3_coverage_pct,85.0
2023-12-31,MHL,HepB3_coverage_pct,89.0
2023-12-31,MHL,IPV_polio_coverage_pct,84.0
2023-12-31,MHL,MCV1_measles_coverage_pct,88.0
2023-12-31,MKD,BCG_coverage_pct,93.0
2023-12-31,MKD,DTP3_coverage_pct,86.0
2023-12-31,MKD,HepB3_coverage_pct,86.0
2023-12-31,MKD,IPV_polio_coverage_pct,86.0
2023-12-31,MKD,MCV1_measles_coverage_pct,73.0
2023-12-31,MLI,BCG_coverage_pct,72.0
2023-12-31,MLI,DTP3_coverage_pct,76.0
2023-12-31,MLI,HepB3_coverage_pct,76.0
2023-12-31,MLI,IPV_polio_coverage_pct,50.0
2023-12-31,MLI,MCV1_measles_coverage_pct,68.0
2023-12-31,MLT,DTP3_coverage_pct,98.0
2023-12-31,MLT,HepB3_coverage_pct,98.0
2023-12-31,MLT,IPV_polio_coverage_pct,98.0
2023-12-31,MLT,MCV1_measles_coverage_pct,95.0
2023-12-31,MMR,BCG_coverage_pct,79.0
2023-12-31,MMR,DTP3_coverage_pct,71.0
2023-12-31,MMR,HepB3_coverage_pct,71.0
2023-12-31,MMR,IPV_polio_coverage_pct,0.0
2023-12-31,MMR,MCV1_measles_coverage_pct,73.0
2023-12-31,MNE,BCG_coverage_pct,80.0
2023-12-31,MNE,DTP3_coverage_pct,81.0
2023-12-31,MNE,HepB3_coverage_pct,42.0
2023-12-31,MNE,IPV_polio_coverage_pct,81.0
2023-12-31,MNE,MCV1_measles_coverage_pct,24.0
2023-12-31,MNG,BCG_coverage_pct,99.0
2023-12-31,MNG,DTP3_coverage_pct,96.0
2023-12-31,MNG,HepB3_coverage_pct,96.0
2023-12-31,MNG,IPV_polio_coverage_pct,0.0
2023-12-31,MNG,MCV1_measles_coverage_pct,96.0
2023-12-31,MOZ,BCG_coverage_pct,93.0
2023-12-31,MOZ,DTP3_coverage_pct,70.0
2023-12-31,MOZ,HepB3_coverage_pct,70.0
2023-12-31,MOZ,IPV_polio_coverage_pct,65.0
2023-12-31,MOZ,MCV1_measles_coverage_pct,65.0
2023-12-31,MRT,BCG_coverage_pct,97.0
2023-12-31,MRT,DTP3_coverage_pct,90.0
2023-12-31,MRT,HepB3_coverage_pct,90.0
2023-12-31,MRT,IPV_polio_coverage_pct,0.0
2023-12-31,MRT,MCV1_measles_coverage_pct,92.0
2023-12-31,MUS,BCG_coverage_pct,98.0
2023-12-31,MUS,DTP3_coverage_pct,96.0
2023-12-31,MUS,HepB3_coverage_pct,96.0
2023-12-31,MUS,IPV_polio_coverage_pct,97.0
2023-12-31,MUS,MCV1_measles_coverage_pct,96.0
2023-12-31,MWI,BCG_coverage_pct,99.0
2023-12-31,MWI,DTP3_coverage_pct,91.0
2023-12-31,MWI,HepB3_coverage_pct,91.0
2023-12-31,MWI,IPV_polio_coverage_pct,0.0
2023-12-31,MWI,MCV1_measles_coverage_pct,87.0
2023-12-31,MYS,BCG_coverage_pct,99.0
2023-12-31,MYS,DTP3_coverage_pct,95.0
2023-12-31,MYS,HepB3_coverage_pct,95.0
2023-12-31,MYS,IPV_polio_coverage_pct,95.0
2023-12-31,MYS,MCV1_measles_coverage_pct,96.0
2023-12-31,NAM,BCG_coverage_pct,91.0
2023-12-31,NAM,DTP3_coverage_pct,83.0
2023-12-31,NAM,HepB3_coverage_pct,83.0
2023-12-31,NAM,IPV_polio_coverage_pct,0.0
2023-12-31,NAM,MCV1_measles_coverage_pct,86.0
2023-12-31,NER,BCG_coverage_pct,93.0
2023-12-31,NER,DTP3_coverage_pct,85.0
2023-12-31,NER,HepB3_coverage_pct,85.0
2023-12-31,NER,IPV_polio_coverage_pct,82.0
2023-12-31,NER,MCV1_measles_coverage_pct,80.0
2023-12-31,NGA,BCG_coverage_pct,71.0
2023-12-31,NGA,DTP3_coverage_pct,63.0
2023-12-31,NGA,HepB3_coverage_pct,63.0
2023-12-31,NGA,IPV_polio_coverage_pct,48.0
2023-12-31,NGA,MCV1_measles_coverage_pct,54.0
2023-12-31,NIC,BCG_coverage_pct,88.0
2023-12-31,NIC,DTP3_coverage_pct,99.0
2023-12-31,NIC,HepB3_coverage_pct,99.0
2023-12-31,NIC,IPV_polio_coverage_pct,99.0
2023-12-31,NIC,MCV1_measles_coverage_pct,99.0
2023-12-31,NIU,BCG_coverage_pct,99.0
2023-12-31,NIU,DTP3_coverage_pct,99.0
2023-12-31,NIU,HepB3_coverage_pct,99.0
2023-12-31,NIU,IPV_polio_coverage_pct,99.0
2023-12-31,NIU,MCV1_measles_coverage_pct,99.0
2023-12-31,NLD,DTP3_coverage_pct,92.0
2023-12-31,NLD,HepB3_coverage_pct,86.0
2023-12-31,NLD,IPV_polio_coverage_pct,92.0
2023-12-31,NLD,MCV1_measles_coverage_pct,89.0
2023-12-31,NOR,DTP3_coverage_pct,96.0
2023-12-31,NOR,HepB3_coverage_pct,96.0
2023-12-31,NOR,IPV_polio_coverage_pct,96.0
2023-12-31,NOR,MCV1_measles_coverage_pct,96.0
2023-12-31,NPL,BCG_coverage_pct,97.0
2023-12-31,NPL,DTP3_coverage_pct,94.0
2023-12-31,NPL,HepB3_coverage_pct,94.0
2023-12-31,NPL,IPV_polio_coverage_pct,75.0
2023-12-31,NPL,MCV1_measles_coverage_pct,93.0
2023-12-31,NRU,BCG_coverage_pct,99.0
2023-12-31,NRU,DTP3_coverage_pct,85.0
2023-12-31,NRU,HepB3_coverage_pct,85.0
2023-12-31,NRU,IPV_polio_coverage_pct,0.0
2023-12-31,NRU,MCV1_measles_coverage_pct,95.0
2023-12-31,NZL,DTP3_coverage_pct,88.0
2023-12-31,NZL,HepB3_coverage_pct,88.0
2023-12-31,NZL,IPV_polio_coverage_pct,88.0
2023-12-31,NZL,MCV1_measles_coverage_pct,89.0
2023-12-31,OMN,BCG_coverage_pct,99.0
2023-12-31,OMN,DTP3_coverage_pct,99.0
2023-12-31,OMN,HepB3_coverage_pct,99.0
2023-12-31,OMN,IPV_polio_coverage_pct,99.0
2023-12-31,OMN,MCV1_measles_coverage_pct,99.0
2023-12-31,PAK,BCG_coverage_pct,96.0
2023-12-31,PAK,DTP3_coverage_pct,86.0
2023-12-31,PAK,HepB3_coverage_pct,86.0
2023-12-31,PAK,IPV_polio_coverage_pct,84.0
2023-12-31,PAK,MCV1_measles_coverage_pct,84.0
2023-12-31,PAN,BCG_coverage_pct,99.0
2023-12-31,PAN,DTP3_coverage_pct,71.0
2023-12-31,PAN,HepB3_coverage_pct,71.0
2023-12-31,PAN,IPV_polio_coverage_pct,71.0
2023-12-31,PAN,MCV1_measles_coverage_pct,88.0
2023-12-31,PER,BCG_coverage_pct,87.0
2023-12-31,PER,DTP3_coverage_pct,84.0
2023-12-31,PER,HepB3_coverage_pct,84.0
2023-12-31,PER,IPV_polio_coverage_pct,84.0
2023-12-31,PER,MCV1_measles_coverage_pct,84.0
2023-12-31,PHL,BCG_coverage_pct,91.0
2023-12-31,PHL,DTP3_coverage_pct,89.0
2023-12-31,PHL,HepB3_coverage_pct,87.0
2023-12-31,PHL,IPV_polio_coverage_pct,59.0
2023-12-31,PHL,MCV1_measles_coverage_pct,81.0
2023-12-31,PLW,DTP3_coverage_pct,97.0
2023-12-31,PLW,HepB3_coverage_pct,98.0
2023-12-31,PLW,IPV_polio_coverage_pct,97.0
2023-12-31,PLW,MCV1_measles_coverage_pct,96.0
2023-12-31,PNG,BCG_coverage_pct,43.0
2023-12-31,PNG,DTP3_coverage_pct,35.0
2023-12-31,PNG,HepB3_coverage_pct,35.0
2023-12-31,PNG,IPV_polio_coverage_pct,30.0
2023-12-31,PNG,MCV1_measles_coverage_pct,52.0
2023-12-31,POL,BCG_coverage_pct,91.0
2023-12-31,POL,DTP3_coverage_pct,95.0
2023-12-31,POL,HepB3_coverage_pct,90.0
2023-12-31,POL,IPV_polio_coverage_pct,86.0
2023-12-31,POL,MCV1_measles_coverage_pct,92.0
2023-12-31,PRK,BCG_coverage_pct,99.0
2023-12-31,PRK,DTP3_coverage_pct,99.0
2023-12-31,PRK,HepB3_coverage_pct,99.0
2023-12-31,PRK,IPV_polio_coverage_pct,0.0
2023-12-31,PRK,MCV1_measles_coverage_pct,99.0
2023-12-31,PRT,DTP3_coverage_pct,99.0
2023-12-31,PRT,HepB3_coverage_pct,99.0
2023-12-31,PRT,IPV_polio_coverage_pct,99.0
2023-12-31,PRT,MCV1_measles_coverage_pct,98.0
2023-12-31,PRY,BCG_coverage_pct,78.0
2023-12-31,PRY,DTP3_coverage_pct,71.0
2023-12-31,PRY,HepB3_coverage_pct,71.0
2023-12-31,PRY,IPV_polio_coverage_pct,75.0
2023-12-31,PRY,MCV1_measles_coverage_pct,83.0
2023-12-31,PSE,BCG_coverage_pct,87.0
2023-12-31,PSE,DTP3_coverage_pct,88.0
2023-12-31,PSE,HepB3_coverage_pct,91.0
2023-12-31,PSE,IPV_polio_coverage_pct,86.0
2023-12-31,PSE,MCV1_measles_coverage_pct,89.0
2023-12-31,QAT,BCG_coverage_pct,99.0
2023-12-31,QAT,DTP3_coverage_pct,95.0
2023-12-31,QAT,HepB3_coverage_pct,95.0
2023-12-31,QAT,IPV_polio_coverage_pct,98.0
2023-12-31,QAT,MCV1_measles_coverage_pct,99.0
2023-12-31,ROU,BCG_coverage_pct,94.0
2023-12-31,ROU,DTP3_coverage_pct,79.0
2023-12-31,ROU,HepB3_coverage_pct,79.0
2023-12-31,ROU,IPV_polio_coverage_pct,79.0
2023-12-31,ROU,MCV1_measles_coverage_pct,78.0
2023-12-31,RUS,BCG_coverage_pct,96.0
2023-12-31,RUS,DTP3_coverage_pct,97.0
2023-12-31,RUS,HepB3_coverage_pct,97.0
2023-12-31,RUS,IPV_polio_coverage_pct,97.0
2023-12-31,RUS,MCV1_measles_coverage_pct,97.0
2023-12-31,RWA,BCG_coverage_pct,92.0
2023-12-31,RWA,DTP3_coverage_pct,94.0
2023-12-31,RWA,HepB3_coverage_pct,94.0
2023-12-31,RWA,IPV_polio_coverage_pct,94.0
2023-12-31,RWA,MCV1_measles_coverage_pct,96.0
2023-12-31,SAU,BCG_coverage_pct,96.0
2023-12-31,SAU,DTP3_coverage_pct,97.0
2023-12-31,SAU,HepB3_coverage_pct,97.0
2023-12-31,SAU,IPV_polio_coverage_pct,96.0
2023-12-31,SAU,MCV1_measles_coverage_pct,97.0
2023-12-31,SDN,BCG_coverage_pct,49.0
2023-12-31,SDN,DTP3_coverage_pct,51.0
2023-12-31,SDN,HepB3_coverage_pct,51.0
2023-12-31,SDN,IPV_polio_coverage_pct,50.0
2023-12-31,SDN,MCV1_measles_coverage_pct,51.0
2023-12-31,SEN,BCG_coverage_pct,93.0
2023-12-31,SEN,DTP3_coverage_pct,92.0
2023-12-31,SEN,HepB3_coverage_pct,92.0
2023-12-31,SEN,IPV_polio_coverage_pct,0.0
2023-12-31,SEN,MCV1_measles_coverage_pct,87.0
2023-12-31,SGP,BCG_coverage_pct,98.0
2023-12-31,SGP,DTP3_coverage_pct,98.0
2023-12-31,SGP,HepB3_coverage_pct,97.0
2023-12-31,SGP,IPV_polio_coverage_pct,98.0
2023-12-31,SGP,MCV1_measles_coverage_pct,97.0
2023-12-31,SLB,BCG_coverage_pct,83.0
2023-12-31,SLB,DTP3_coverage_pct,84.0
2023-12-31,SLB,HepB3_coverage_pct,84.0
2023-12-31,SLB,IPV_polio_coverage_pct,0.0
2023-12-31,SLB,MCV1_measles_coverage_pct,68.0
2023-12-31,SLE,BCG_coverage_pct,97.0
2023-12-31,SLE,DTP3_coverage_pct,91.0
2023-12-31,SLE,HepB3_coverage_pct,91.0
2023-12-31,SLE,IPV_polio_coverage_pct,75.0
2023-12-31,SLE,MCV1_measles_coverage_pct,90.0
2023-12-31,SLV,BCG_coverage_pct,95.0
2023-12-31,SLV,DTP3_coverage_pct,96.0
2023-12-31,SLV,HepB3_coverage_pct,96.0
2023-12-31,SLV,IPV_polio_coverage_pct,96.0
2023-12-31,SLV,MCV1_measles_coverage_pct,99.0
2023-12-31,SMR,DTP3_coverage_pct,91.0
2023-12-31,SMR,HepB3_coverage_pct,91.0
2023-12-31,SMR,IPV_polio_coverage_pct,91.0
2023-12-31,SMR,MCV1_measles_coverage_pct,89.0
2023-12-31,SOM,BCG_coverage_pct,74.0
2023-12-31,SOM,DTP3_coverage_pct,69.0
2023-12-31,SOM,HepB3_coverage_pct,69.0
2023-12-31,SOM,IPV_polio_coverage_pct,35.0
2023-12-31,SOM,MCV1_measles_coverage_pct,63.0
2023-12-31,SRB,BCG_coverage_pct,98.0
2023-12-31,SRB,DTP3_coverage_pct,93.0
2023-12-31,SRB,HepB3_coverage_pct,93.0
2023-12-31,SRB,IPV_polio_coverage_pct,93.0
2023-12-31,SRB,MCV1_measles_coverage_pct,84.0
2023-12-31,SSD,BCG_coverage_pct,72.0
2023-12-31,SSD,DTP3_coverage_pct,73.0
2023-12-31,SSD,HepB3_coverage_pct,73.0
2023-12-31,SSD,IPV_polio_coverage_pct,34.0
2023-12-31,SSD,MCV1_measles_coverage_pct,72.0
2023-12-31,STP,BCG_coverage_pct,80.0
2023-12-31,STP,DTP3_coverage_pct,87.0
2023-12-31,STP,HepB3_coverage_pct,87.0
2023-12-31,STP,IPV_polio_coverage_pct,0.0
2023-12-31,STP,MCV1_measles_coverage_pct,87.0
2023-12-31,SUR,DTP3_coverage_pct,72.0
2023-12-31,SUR,HepB3_coverage_pct,72.0
2023-12-31,SUR,IPV_polio_coverage_pct,80.0
2023-12-31,SUR,MCV1_measles_coverage_pct,71.0
2023-12-31,SVK,BCG_coverage_pct,0.0
2023-12-31,SVK,DTP3_coverage_pct,96.0
2023-12-31,SVK,HepB3_coverage_pct,96.0
2023-12-31,SVK,IPV_polio_coverage_pct,96.0
2023-12-31,SVK,MCV1_measles_coverage_pct,94.0
2023-12-31,SVN,DTP3_coverage_pct,89.0
2023-12-31,SVN,HepB3_coverage_pct,89.0
2023-12-31,SVN,IPV_polio_coverage_pct,89.0
2023-12-31,SVN,MCV1_measles_coverage_pct,95.0
2023-12-31,SWE,BCG_coverage_pct,0.0
2023-12-31,SWE,DTP3_coverage_pct,94.0
2023-12-31,SWE,HepB3_coverage_pct,94.0
2023-12-31,SWE,IPV_polio_coverage_pct,94.0
2023-12-31,SWE,MCV1_measles_coverage_pct,93.0
2023-12-31,SWZ,BCG_coverage_pct,93.0
2023-12-31,SWZ,DTP3_coverage_pct,85.0
2023-12-31,SWZ,HepB3_coverage_pct,85.0
2023-12-31,SWZ,IPV_polio_coverage_pct,0.0
2023-12-31,SWZ,MCV1_measles_coverage_pct,85.0
2023-12-31,SYC,BCG_coverage_pct,99.0
2023-12-31,SYC,DTP3_coverage_pct,97.0
2023-12-31,SYC,HepB3_coverage_pct,97.0
2023-12-31,SYC,IPV_polio_coverage_pct,0.0
2023-12-31,SYC,MCV1_measles_coverage_pct,93.0
2023-12-31,SYR,BCG_coverage_pct,75.0
2023-12-31,SYR,DTP3_coverage_pct,66.0
2023-12-31,SYR,HepB3_coverage_pct,66.0
2023-12-31,SYR,IPV_polio_coverage_pct,68.0
2023-12-31,SYR,MCV1_measles_coverage_pct,74.0
2023-12-31,TCD,BCG_coverage_pct,92.0
2023-12-31,TCD,DTP3_coverage_pct,67.0
2023-12-31,TCD,HepB3_coverage_pct,67.0
2023-12-31,TCD,IPV_polio_coverage_pct,32.0
2023-12-31,TCD,MCV1_measles_coverage_pct,63.0
2023-12-31,TGO,BCG_coverage_pct,95.0
2023-12-31,TGO,DTP3_coverage_pct,90.0
2023-12-31,TGO,HepB3_coverage_pct,90.0
2023-12-31,TGO,IPV_polio_coverage_pct,68.0
2023-12-31,TGO,MCV1_measles_coverage_pct,79.0
2023-12-31,THA,BCG_coverage_pct,99.0
2023-12-31,THA,DTP3_coverage_pct,92.0
2023-12-31,THA,HepB3_coverage_pct,92.0
2023-12-31,THA,IPV_polio_coverage_pct,0.0
2023-12-31,THA,MCV1_measles_coverage_pct,93.0
2023-12-31,TJK,BCG_coverage_pct,93.0
2023-12-31,TJK,DTP3_coverage_pct,85.0
2023-12-31,TJK,HepB3_coverage_pct,85.0
2023-12-31,TJK,IPV_polio_coverage_pct,83.0
2023-12-31,TJK,MCV1_measles_coverage_pct,80.0
2023-12-31,TKM,BCG_coverage_pct,98.0
2023-12-31,TKM,DTP3_coverage_pct,98.0
2023-12-31,TKM,HepB3_coverage_pct,98.0
2023-12-31,TKM,IPV_polio_coverage_pct,0.0
2023-12-31,TKM,MCV1_measles_coverage_pct,99.0
2023-12-31,TLS,BCG_coverage_pct,90.0
2023-12-31,TLS,DTP3_coverage_pct,83.0
2023-12-31,TLS,HepB3_coverage_pct,83.0
2023-12-31,TLS,IPV_polio_coverage_pct,0.0
2023-12-31,TLS,MCV1_measles_coverage_pct,72.0
2023-12-31,TON,BCG_coverage_pct,99.0
2023-12-31,TON,DTP3_coverage_pct,99.0
2023-12-31,TON,HepB3_coverage_pct,99.0
2023-12-31,TON,IPV_polio_coverage_pct,0.0
2023-12-31,TON,MCV1_measles_coverage_pct,99.0
2023-12-31,TTO,DTP3_coverage_pct,96.0
2023-12-31,TTO,HepB3_coverage_pct,96.0
2023-12-31,TTO,IPV_polio_coverage_pct,97.0
2023-12-31,TTO,MCV1_measles_coverage_pct,90.0
2023-12-31,TUN,BCG_coverage_pct,99.0
2023-12-31,TUN,DTP3_coverage_pct,97.0
2023-12-31,TUN,HepB3_coverage_pct,97.0
2023-12-31,TUN,IPV_polio_coverage_pct,97.0
2023-12-31,TUN,MCV1_measles_coverage_pct,96.0
2023-12-31,TUR,BCG_coverage_pct,96.0
2023-12-31,TUR,DTP3_coverage_pct,99.0
2023-12-31,TUR,HepB3_coverage_pct,99.0
2023-12-31,TUR,IPV_polio_coverage_pct,99.0
2023-12-31,TUR,MCV1_measles_coverage_pct,95.0
2023-12-31,TUV,BCG_coverage_pct,99.0
2023-12-31,TUV,DTP3_coverage_pct,94.0
2023-12-31,TUV,HepB3_coverage_pct,94.0
2023-12-31,TUV,IPV_polio_coverage_pct,94.0
2023-12-31,TUV,MCV1_measles_coverage_pct,98.0
2023-12-31,TZA,BCG_coverage_pct,89.0
2023-12-31,TZA,DTP3_coverage_pct,83.0
2023-12-31,TZA,HepB3_coverage_pct,83.0
2023-12-31,TZA,IPV_polio_coverage_pct,0.0
2023-12-31,TZA,MCV1_measles_coverage_pct,84.0
2023-12-31,UGA,BCG_coverage_pct,92.0
2023-12-31,UGA,DTP3_coverage_pct,91.0
2023-12-31,UGA,HepB3_coverage_pct,91.0
2023-12-31,UGA,IPV_polio_coverage_pct,41.0
2023-12-31,UGA,MCV1_measles_coverage_pct,91.0
2023-12-31,UKR,BCG_coverage_pct,84.0
2023-12-31,UKR,DTP3_coverage_pct,83.0
2023-12-31,UKR,HepB3_coverage_pct,79.0
2023-12-31,UKR,IPV_polio_coverage_pct,84.0
2023-12-31,UKR,MCV1_measles_coverage_pct,92.0
2023-12-31,URY,BCG_coverage_pct,99.0
2023-12-31,URY,DTP3_coverage_pct,95.0
2023-12-31,URY,HepB3_coverage_pct,95.0
2023-12-31,URY,IPV_polio_coverage_pct,95.0
2023-12-31,URY,MCV1_measles_coverage_pct,96.0
2023-12-31,USA,DTP3_coverage_pct,94.0
2023-12-31,USA,HepB3_coverage_pct,93.0
2023-12-31,USA,IPV_polio_coverage_pct,93.0
2023-12-31,USA,MCV1_measles_coverage_pct,92.0
2023-12-31,UZB,BCG_coverage_pct,99.0
2023-12-31,UZB,DTP3_coverage_pct,99.0
2023-12-31,UZB,HepB3_coverage_pct,99.0
2023-12-31,UZB,IPV_polio_coverage_pct,87.0
2023-12-31,UZB,MCV1_measles_coverage_pct,99.0
2023-12-31,VCT,BCG_coverage_pct,98.0
2023-12-31,VCT,DTP3_coverage_pct,94.0
2023-12-31,VCT,HepB3_coverage_pct,94.0
2023-12-31,VCT,IPV_polio_coverage_pct,90.0
2023-12-31,VCT,MCV1_measles_coverage_pct,90.0
2023-12-31,VEN,BCG_coverage_pct,67.0
2023-12-31,VEN,DTP3_coverage_pct,54.0
2023-12-31,VEN,HepB3_coverage_pct,54.0
2023-12-31,VEN,IPV_polio_coverage_pct,60.0
2023-12-31,VEN,MCV1_measles_coverage_pct,68.0
2023-12-31,VNM,BCG_coverage_pct,95.0
2023-12-31,VNM,DTP3_coverage_pct,65.0
2023-12-31,VNM,HepB3_coverage_pct,65.0
2023-12-31,VNM,IPV_polio_coverage_pct,78.0
2023-12-31,VNM,MCV1_measles_coverage_pct,82.0
2023-12-31,VUT,BCG_coverage_pct,86.0
2023-12-31,VUT,DTP3_coverage_pct,72.0
2023-12-31,VUT,HepB3_coverage_pct,72.0
2023-12-31,VUT,IPV_polio_coverage_pct,0.0
2023-12-31,VUT,MCV1_measles_coverage_pct,66.0
2023-12-31,WSM,BCG_coverage_pct,99.0
2023-12-31,WSM,DTP3_coverage_pct,83.0
2023-12-31,WSM,HepB3_coverage_pct,83.0
2023-12-31,WSM,IPV_polio_coverage_pct,0.0
2023-12-31,WSM,MCV1_measles_coverage_pct,87.0
2023-12-31,YEM,BCG_coverage_pct,54.0
2023-12-31,YEM,DTP3_coverage_pct,46.0
2023-12-31,YEM,HepB3_coverage_pct,46.0
2023-12-31,YEM,IPV_polio_coverage_pct,33.0
2023-12-31,YEM,MCV1_measles_coverage_pct,45.0
2023-12-31,ZAF,BCG_coverage_pct,79.0
2023-12-31,ZAF,DTP3_coverage_pct,79.0
2023-12-31,ZAF,HepB3_coverage_pct,79.0
2023-12-31,ZAF,IPV_polio_coverage_pct,79.0
2023-12-31,ZAF,MCV1_measles_coverage_pct,80.0
2023-12-31,ZMB,BCG_coverage_pct,91.0
2023-12-31,ZMB,DTP3_coverage_pct,86.0
2023-12-31,ZMB,HepB3_coverage_pct,86.0
2023-12-31,ZMB,IPV_polio_coverage_pct,0.0
2023-12-31,ZMB,MCV1_measles_coverage_pct,86.0
2023-12-31,ZWE,BCG_coverage_pct,96.0
2023-12-31,ZWE,DTP3_coverage_pct,90.0
2023-12-31,ZWE,HepB3_coverage_pct,90.0
2023-12-31,ZWE,IPV_polio_coverage_pct,88.0
2023-12-31,ZWE,MCV1_measles_coverage_pct,90.0
2024-12-31,AFG,BCG_coverage_pct,72.0
2024-12-31,AFG,DTP3_coverage_pct,63.0
2024-12-31,AFG,HepB3_coverage_pct,63.0
2024-12-31,AFG,IPV_polio_coverage_pct,53.0
2024-12-31,AFG,MCV1_measles_coverage_pct,59.0
2024-12-31,AGO,BCG_coverage_pct,68.0
2024-12-31,AGO,DTP3_coverage_pct,58.0
2024-12-31,AGO,HepB3_coverage_pct,58.0
2024-12-31,AGO,IPV_polio_coverage_pct,38.0
2024-12-31,AGO,MCV1_measles_coverage_pct,53.0
2024-12-31,ALB,BCG_coverage_pct,99.0
2024-12-31,ALB,DTP3_coverage_pct,97.0
2024-12-31,ALB,HepB3_coverage_pct,97.0
2024-12-31,ALB,IPV_polio_coverage_pct,97.0
2024-12-31,ALB,MCV1_measles_coverage_pct,81.0
2024-12-31,AND,DTP3_coverage_pct,98.0
2024-12-31,AND,HepB3_coverage_pct,97.0
2024-12-31,AND,IPV_polio_coverage_pct,98.0
2024-12-31,AND,MCV1_measles_coverage_pct,98.0
2024-12-31,ARE,BCG_coverage_pct,96.0
2024-12-31,ARE,DTP3_coverage_pct,98.0
2024-12-31,ARE,HepB3_coverage_pct,98.0
2024-12-31,ARE,IPV_polio_coverage_pct,98.0
2024-12-31,ARE,MCV1_measles_coverage_pct,98.0
2024-12-31,ARG,BCG_coverage_pct,81.0
2024-12-31,ARG,DTP3_coverage_pct,75.0
2024-12-31,ARG,HepB3_coverage_pct,75.0
2024-12-31,ARG,IPV_polio_coverage_pct,74.0
2024-12-31,ARG,MCV1_measles_coverage_pct,82.0
2024-12-31,ARM,BCG_coverage_pct,98.0
2024-12-31,ARM,DTP3_coverage_pct,94.0
2024-12-31,ARM,HepB3_coverage_pct,94.0
2024-12-31,ARM,IPV_polio_coverage_pct,94.0
2024-12-31,ARM,MCV1_measles_coverage_pct,96.0
2024-12-31,ATG,DTP3_coverage_pct,99.0
2024-12-31,ATG,HepB3_coverage_pct,99.0
2024-12-31,ATG,IPV_polio_coverage_pct,88.0
2024-12-31,ATG,MCV1_measles_coverage_pct,97.0
2024-12-31,AUS,DTP3_coverage_pct,93.0
2024-12-31,AUS,HepB3_coverage_pct,95.0
2024-12-31,AUS,IPV_polio_coverage_pct,94.0
2024-12-31,AUS,MCV1_measles_coverage_pct,92.0
2024-12-31,AUT,DTP3_coverage_pct,85.0
2024-12-31,AUT,HepB3_coverage_pct,85.0
2024-12-31,AUT,IPV_polio_coverage_pct,85.0
2024-12-31,AUT,MCV1_measles_coverage_pct,90.0
2024-12-31,AZE,BCG_coverage_pct,96.0
2024-12-31,AZE,DTP3_coverage_pct,51.0
2024-12-31,AZE,HepB3_coverage_pct,51.0
2024-12-31,AZE,IPV_polio_coverage_pct,51.0
2024-12-31,AZE,MCV1_measles_coverage_pct,71.0
2024-12-31,BDI,BCG_coverage_pct,89.0
2024-12-31,BDI,DTP3_coverage_pct,89.0
2024-12-31,BDI,HepB3_coverage_pct,89.0
2024-12-31,BDI,IPV_polio_coverage_pct,0.0
2024-12-31,BDI,MCV1_measles_coverage_pct,86.0
2024-12-31,BEL,DTP3_coverage_pct,97.0
2024-12-31,BEL,HepB3_coverage_pct,97.0
2024-12-31,BEL,IPV_polio_coverage_pct,98.0
2024-12-31,BEL,MCV1_measles_coverage_pct,96.0
2024-12-31,BEN,BCG_coverage_pct,99.0
2024-12-31,BEN,DTP3_coverage_pct,69.0
2024-12-31,BEN,HepB3_coverage_pct,69.0
2024-12-31,BEN,IPV_polio_coverage_pct,0.0
2024-12-31,BEN,MCV1_measles_coverage_pct,51.0
2024-12-31,BFA,BCG_coverage_pct,98.0
2024-12-31,BFA,DTP3_coverage_pct,91.0
2024-12-31,BFA,HepB3_coverage_pct,91.0
2024-12-31,BFA,IPV_polio_coverage_pct,85.0
2024-12-31,BFA,MCV1_measles_coverage_pct,88.0
2024-12-31,BGD,BCG_coverage_pct,99.0
2024-12-31,BGD,DTP3_coverage_pct,97.0
2024-12-31,BGD,HepB3_coverage_pct,97.0
2024-12-31,BGD,IPV_polio_coverage_pct,0.0
2024-12-31,BGD,MCV1_measles_coverage_pct,96.0
2024-12-31,BGR,BCG_coverage_pct,97.0
2024-12-31,BGR,DTP3_coverage_pct,94.0
2024-12-31,BGR,HepB3_coverage_pct,94.0
2024-12-31,BGR,IPV_polio_coverage_pct,94.0
2024-12-31,BGR,MCV1_measles_coverage_pct,94.0
2024-12-31,BHR,DTP3_coverage_pct,97.0
2024-12-31,BHR,HepB3_coverage_pct,97.0
2024-12-31,BHR,IPV_polio_coverage_pct,98.0
2024-12-31,BHR,MCV1_measles_coverage_pct,99.0
2024-12-31,BHS,DTP3_coverage_pct,90.0
2024-12-31,BHS,HepB3_coverage_pct,90.0
2024-12-31,BHS,IPV_polio_coverage_pct,94.0
2024-12-31,BHS,MCV1_measles_coverage_pct,86.0
2024-12-31,BIH,BCG_coverage_pct,97.0
2024-12-31,BIH,DTP3_coverage_pct,79.0
2024-12-31,BIH,HepB3_coverage_pct,82.0
2024-12-31,BIH,IPV_polio_coverage_pct,79.0
2024-12-31,BIH,MCV1_measles_coverage_pct,69.0
2024-12-31,BLR,BCG_coverage_pct,98.0
2024-12-31,BLR,DTP3_coverage_pct,98.0
2024-12-31,BLR,HepB3_coverage_pct,98.0
2024-12-31,BLR,IPV_polio_coverage_pct,98.0
2024-12-31,BLR,MCV1_measles_coverage_pct,98.0
2024-12-31,BLZ,BCG_coverage_pct,85.0
2024-12-31,BLZ,DTP3_coverage_pct,88.0
2024-12-31,BLZ,HepB3_coverage_pct,88.0
2024-12-31,BLZ,IPV_polio_coverage_pct,88.0
2024-12-31,BLZ,MCV1_measles_coverage_pct,84.0
2024-12-31,BOL,BCG_coverage_pct,68.0
2024-12-31,BOL,DTP3_coverage_pct,59.0
2024-12-31,BOL,HepB3_coverage_pct,59.0
2024-12-31,BOL,IPV_polio_coverage_pct,59.0
2024-12-31,BOL,MCV1_measles_coverage_pct,67.0
2024-12-31,BRA,BCG_coverage_pct,99.0
2024-12-31,BRA,DTP3_coverage_pct,90.0
2024-12-31,BRA,HepB3_coverage_pct,90.0
2024-12-31,BRA,IPV_polio_coverage_pct,82.0
2024-12-31,BRA,MCV1_measles_coverage_pct,96.0
2024-12-31,BRB,DTP3_coverage_pct,85.0
2024-12-31,BRB,HepB3_coverage_pct,85.0
2024-12-31,BRB,IPV_polio_coverage_pct,91.0
2024-12-31,BRB,MCV1_measles_coverage_pct,88.0
2024-12-31,BRN,BCG_coverage_pct,99.0
2024-12-31,BRN,DTP3_coverage_pct,99.0
2024-12-31,BRN,HepB3_coverage_pct,99.0
2024-12-31,BRN,IPV_polio_coverage_pct,99.0
2024-12-31,BRN,MCV1_measles_coverage_pct,99.0
2024-12-31,BTN,BCG_coverage_pct,99.0
2024-12-31,BTN,DTP3_coverage_pct,98.0
2024-12-31,BTN,HepB3_coverage_pct,98.0
2024-12-31,BTN,IPV_polio_coverage_pct,97.0
2024-12-31,BTN,MCV1_measles_coverage_pct,97.0
2024-12-31,BWA,BCG_coverage_pct,98.0
2024-12-31,BWA,DTP3_coverage_pct,95.0
2024-12-31,BWA,HepB3_coverage_pct,95.0
2024-12-31,BWA,IPV_polio_coverage_pct,31.0
2024-12-31,BWA,MCV1_measles_coverage_pct,97.0
2024-12-31,CAF,BCG_coverage_pct,61.0
2024-12-31,CAF,DTP3_coverage_pct,42.0
2024-12-31,CAF,HepB3_coverage_pct,42.0
2024-12-31,CAF,IPV_polio_coverage_pct,0.0
2024-12-31,CAF,MCV1_measles_coverage_pct,41.0
2024-12-31,CAN,DTP3_coverage_pct,92.0
2024-12-31,CAN,HepB3_coverage_pct,83.0
2024-12-31,CAN,IPV_polio_coverage_pct,92.0
2024-12-31,CAN,MCV1_measles_coverage_pct,92.0
2024-12-31,CHE,DTP3_coverage_pct,96.0
2024-12-31,CHE,HepB3_coverage_pct,86.0
2024-12-31,CHE,IPV_polio_coverage_pct,96.0
2024-12-31,CHE,MCV1_measles_coverage_pct,96.0
2024-12-31,CHL,BCG_coverage_pct,99.0
2024-12-31,CHL,DTP3_coverage_pct,95.0
2024-12-31,CHL,HepB3_coverage_pct,95.0
2024-12-31,CHL,IPV_polio_coverage_pct,95.0
2024-12-31,CHL,MCV1_measles_coverage_pct,93.0
2024-12-31,CHN,BCG_coverage_pct,99.0
2024-12-31,CHN,DTP3_coverage_pct,97.0
2024-12-31,CHN,HepB3_coverage_pct,96.0
2024-12-31,CHN,IPV_polio_coverage_pct,98.0
2024-12-31,CHN,MCV1_measles_coverage_pct,95.0
2024-12-31,CIV,BCG_coverage_pct,88.0
2024-12-31,CIV,DTP3_coverage_pct,68.0
2024-12-31,CIV,HepB3_coverage_pct,68.0
2024-12-31,CIV,IPV_polio_coverage_pct,68.0
2024-12-31,CIV,MCV1_measles_coverage_pct,65.0
2024-12-31,CMR,BCG_coverage_pct,93.0
2024-12-31,CMR,DTP3_coverage_pct,77.0
2024-12-31,CMR,HepB3_coverage_pct,77.0
2024-12-31,CMR,IPV_polio_coverage_pct,65.0
2024-12-31,CMR,MCV1_measles_coverage_pct,71.0
2024-12-31,COD,BCG_coverage_pct,77.0
2024-12-31,COD,DTP3_coverage_pct,65.0
2024-12-31,COD,HepB3_coverage_pct,65.0
2024-12-31,COD,IPV_polio_coverage_pct,60.0
2024-12-31,COD,MCV1_measles_coverage_pct,55.0
2024-12-31,COG,BCG_coverage_pct,86.0
2024-12-31,COG,DTP3_coverage_pct,83.0
2024-12-31,COG,HepB3_coverage_pct,83.0
2024-12-31,COG,IPV_polio_coverage_pct,0.0
2024-12-31,COG,MCV1_measles_coverage_pct,78.0
2024-12-31,COK,BCG_coverage_pct,98.0
2024-12-31,COK,DTP3_coverage_pct,75.0
2024-12-31,COK,HepB3_coverage_pct,75.0
2024-12-31,COK,IPV_polio_coverage_pct,0.0
2024-12-31,COK,MCV1_measles_coverage_pct,99.0
2024-12-31,COL,BCG_coverage_pct,85.0
2024-12-31,COL,DTP3_coverage_pct,89.0
2024-12-31,COL,HepB3_coverage_pct,89.0
2024-12-31,COL,IPV_polio_coverage_pct,88.0
2024-12-31,COL,MCV1_measles_coverage_pct,93.0
2024-12-31,COM,BCG_coverage_pct,85.0
2024-12-31,COM,DTP3_coverage_pct,75.0
2024-12-31,COM,HepB3_coverage_pct,75.0
2024-12-31,COM,IPV_polio_coverage_pct,8.0
2024-12-31,COM,MCV1_measles_coverage_pct,70.0
2024-12-31,CPV,BCG_coverage_pct,99.0
2024-12-31,CPV,DTP3_coverage_pct,93.0
2024-12-31,CPV,HepB3_coverage_pct,93.0
2024-12-31,CPV,IPV_polio_coverage_pct,41.0
2024-12-31,CPV,MCV1_measles_coverage_pct,95.0
2024-12-31,CRI,BCG_coverage_pct,99.0
2024-12-31,CRI,DTP3_coverage_pct,99.0
2024-12-31,CRI,HepB3_coverage_pct,99.0
2024-12-31,CRI,IPV_polio_coverage_pct,99.0
2024-12-31,CRI,MCV1_measles_coverage_pct,96.0
2024-12-31,CUB,BCG_coverage_pct,99.0
2024-12-31,CUB,DTP3_coverage_pct,99.0
2024-12-31,CUB,HepB3_coverage_pct,99.0
2024-12-31,CUB,IPV_polio_coverage_pct,99.0
2024-12-31,CUB,MCV1_measles_coverage_pct,99.0
2024-12-31,CYP,DTP3_coverage_pct,94.0
2024-12-31,CYP,HepB3_coverage_pct,94.0
2024-12-31,CYP,IPV_polio_coverage_pct,94.0
2024-12-31,CYP,MCV1_measles_coverage_pct,99.0
2024-12-31,CZE,DTP3_coverage_pct,96.0
2024-12-31,CZE,HepB3_coverage_pct,96.0
2024-12-31,CZE,IPV_polio_coverage_pct,96.0
2024-12-31,CZE,MCV1_measles_coverage_pct,89.0
2024-12-31,DEU,DTP3_coverage_pct,89.0
2024-12-31,DEU,HepB3_coverage_pct,85.0
2024-12-31,DEU,IPV_polio_coverage_pct,88.0
2024-12-31,DEU,MCV1_measles_coverage_pct,96.0
2024-12-31,DJI,BCG_coverage_pct,77.0
2024-12-31,DJI,DTP3_coverage_pct,77.0
2024-12-31,DJI,HepB3_coverage_pct,77.0
2024-12-31,DJI,IPV_polio_coverage_pct,58.0
2024-12-31,DJI,MCV1_measles_coverage_pct,75.0
2024-12-31,DMA,BCG_coverage_pct,99.0
2024-12-31,DMA,DTP3_coverage_pct,90.0
2024-12-31,DMA,HepB3_coverage_pct,90.0
2024-12-31,DMA,IPV_polio_coverage_pct,93.0
2024-12-31,DMA,MCV1_measles_coverage_pct,80.0
2024-12-31,DNK,DTP3_coverage_pct,96.0
2024-12-31,DNK,HepB3_coverage_pct,0.0
2024-12-31,DNK,IPV_polio_coverage_pct,96.0
2024-12-31,DNK,MCV1_measles_coverage_pct,94.0
2024-12-31,DOM,BCG_coverage_pct,99.0
2024-12-31,DOM,DTP3_coverage_pct,87.0
2024-12-31,DOM,HepB3_coverage_pct,86.0
2024-12-31,DOM,IPV_polio_coverage_pct,88.0
2024-12-31,DOM,MCV1_measles_coverage_pct,95.0
2024-12-31,DZA,BCG_coverage_pct,98.0
2024-12-31,DZA,DTP3_coverage_pct,92.0
2024-12-31,DZA,HepB3_coverage_pct,92.0
2024-12-31,DZA,IPV_polio_coverage_pct,92.0
2024-12-31,DZA,MCV1_measles_coverage_pct,94.0
2024-12-31,ECU,BCG_coverage_pct,88.0
2024-12-31,ECU,DTP3_coverage_pct,87.0
2024-12-31,ECU,HepB3_coverage_pct,87.0
2024-12-31,ECU,IPV_polio_coverage_pct,87.0
2024-12-31,ECU,MCV1_measles_coverage_pct,87.0
2024-12-31,EGY,BCG_coverage_pct,98.0
2024-12-31,EGY,DTP3_coverage_pct,97.0
2024-12-31,EGY,HepB3_coverage_pct,97.0
2024-12-31,EGY,IPV_polio_coverage_pct,97.0
2024-12-31,EGY,MCV1_measles_coverage_pct,97.0
2024-12-31,ERI,BCG_coverage_pct,97.0
2024-12-31,ERI,DTP3_coverage_pct,95.0
2024-12-31,ERI,HepB3_coverage_pct,95.0
2024-12-31,ERI,IPV_polio_coverage_pct,93.0
2024-12-31,ERI,MCV1_measles_coverage_pct,93.0
2024-12-31,ESP,DTP3_coverage_pct,94.0
2024-12-31,ESP,HepB3_coverage_pct,94.0
2024-12-31,ESP,IPV_polio_coverage_pct,94.0
2024-12-31,ESP,MCV1_measles_coverage_pct,97.0
2024-12-31,EST,BCG_coverage_pct,87.0
2024-12-31,EST,DTP3_coverage_pct,81.0
2024-12-31,EST,HepB3_coverage_pct,81.0
2024-12-31,EST,IPV_polio_coverage_pct,81.0
2024-12-31,EST,MCV1_measles_coverage_pct,83.0
2024-12-31,ETH,BCG_coverage_pct,76.0
2024-12-31,ETH,DTP3_coverage_pct,75.0
2024-12-31,ETH,HepB3_coverage_pct,75.0
2024-12-31,ETH,IPV_polio_coverage_pct,32.0
2024-12-31,ETH,MCV1_measles_coverage_pct,72.0
2024-12-31,FIN,DTP3_coverage_pct,91.0
2024-12-31,FIN,HepB3_coverage_pct,0.0
2024-12-31,FIN,IPV_polio_coverage_pct,91.0
2024-12-31,FIN,MCV1_measles_coverage_pct,95.0
2024-12-31,FJI,BCG_coverage_pct,93.0
2024-12-31,FJI,DTP3_coverage_pct,94.0
2024-12-31,FJI,HepB3_coverage_pct,94.0
2024-12-31,FJI,IPV_polio_coverage_pct,0.0
2024-12-31,FJI,MCV1_measles_coverage_pct,91.0
2024-12-31,FRA,DTP3_coverage_pct,96.0
2024-12-31,FRA,HepB3_coverage_pct,96.0
2024-12-31,FRA,IPV_polio_coverage_pct,96.0
2024-12-31,FRA,MCV1_measles_coverage_pct,95.0
2024-12-31,FSM,BCG_coverage_pct,70.0
2024-12-31,FSM,DTP3_coverage_pct,76.0
2024-12-31,FSM,HepB3_coverage_pct,85.0
2024-12-31,FSM,IPV_polio_coverage_pct,76.0
2024-12-31,FSM,MCV1_measles_coverage_pct,81.0
2024-12-31,GAB,BCG_coverage_pct,78.0
2024-12-31,GAB,DTP3_coverage_pct,61.0
2024-12-31,GAB,HepB3_coverage_pct,61.0
2024-12-31,GAB,IPV_polio_coverage_pct,0.0
2024-12-31,GAB,MCV1_measles_coverage_pct,57.0
2024-12-31,GBR,DTP3_coverage_pct,92.0
2024-12-31,GBR,HepB3_coverage_pct,92.0
2024-12-31,GBR,IPV_polio_coverage_pct,92.0
2024-12-31,GBR,MCV1_measles_coverage_pct,89.0
2024-12-31,GEO,BCG_coverage_pct,96.0
2024-12-31,GEO,DTP3_coverage_pct,86.0
2024-12-31,GEO,HepB3_coverage_pct,90.0
2024-12-31,GEO,IPV_polio_coverage_pct,86.0
2024-12-31,GEO,MCV1_measles_coverage_pct,90.0
2024-12-31,GHA,BCG_coverage_pct,92.0
2024-12-31,GHA,DTP3_coverage_pct,95.0
2024-12-31,GHA,HepB3_coverage_pct,95.0
2024-12-31,GHA,IPV_polio_coverage_pct,1.0
2024-12-31,GHA,MCV1_measles_coverage_pct,95.0
2024-12-31,GIN,BCG_coverage_pct,75.0
2024-12-31,GIN,DTP3_coverage_pct,63.0
2024-12-31,GIN,HepB3_coverage_pct,63.0
2024-12-31,GIN,IPV_polio_coverage_pct,0.0
2024-12-31,GIN,MCV1_measles_coverage_pct,60.0
2024-12-31,GMB,BCG_coverage_pct,79.0
2024-12-31,GMB,DTP3_coverage_pct,80.0
2024-12-31,GMB,HepB3_coverage_pct,80.0
2024-12-31,GMB,IPV_polio_coverage_pct,80.0
2024-12-31,GMB,MCV1_measles_coverage_pct,83.0
2024-12-31,GNB,BCG_coverage_pct,84.0
2024-12-31,GNB,DTP3_coverage_pct,85.0
2024-12-31,GNB,HepB3_coverage_pct,85.0
2024-12-31,GNB,IPV_polio_coverage_pct,0.0
2024-12-31,GNB,MCV1_measles_coverage_pct,76.0
2024-12-31,GNQ,BCG_coverage_pct,77.0
2024-12-31,GNQ,DTP3_coverage_pct,68.0
2024-12-31,GNQ,HepB3_coverage_pct,68.0
2024-12-31,GNQ,IPV_polio_coverage_pct,0.0
2024-12-31,GNQ,MCV1_measles_coverage_pct,53.0
2024-12-31,GRC,DTP3_coverage_pct,95.0
2024-12-31,GRC,HepB3_coverage_pct,92.0
2024-12-31,GRC,IPV_polio_coverage_pct,95.0
2024-12-31,GRC,MCV1_measles_coverage_pct,96.0
2024-12-31,GRD,DTP3_coverage_pct,93.0
2024-12-31,GRD,HepB3_coverage_pct,86.0
2024-12-31,GRD,IPV_polio_coverage_pct,93.0
2024-12-31,GRD,MCV1_measles_coverage_pct,83.0
2024-12-31,GTM,BCG_coverage_pct,93.0
2024-12-31,GTM,DTP3_coverage_pct,90.0
2024-12-31,GTM,HepB3_coverage_pct,90.0
2024-12-31,GTM,IPV_polio_coverage_pct,93.0
2024-12-31,GTM,MCV1_measles_coverage_pct,91.0
2024-12-31,GUY,BCG_coverage_pct,99.0
2024-12-31,GUY,DTP3_coverage_pct,99.0
2024-12-31,GUY,HepB3_coverage_pct,99.0
2024-12-31,GUY,IPV_polio_coverage_pct,99.0
2024-12-31,GUY,MCV1_measles_coverage_pct,99.0
2024-12-31,HND,BCG_coverage_pct,88.0
2024-12-31,HND,DTP3_coverage_pct,87.0
2024-12-31,HND,HepB3_coverage_pct,87.0
2024-12-31,HND,IPV_polio_coverage_pct,88.0
2024-12-31,HND,MCV1_measles_coverage_pct,88.0
2024-12-31,HRV,BCG_coverage_pct,96.0
2024-12-31,HRV,DTP3_coverage_pct,92.0
2024-12-31,HRV,HepB3_coverage_pct,91.0
2024-12-31,HRV,IPV_polio_coverage_pct,92.0
2024-12-31,HRV,MCV1_measles_coverage_pct,90.0
2024-12-31,HTI,BCG_coverage_pct,68.0
2024-12-31,HTI,DTP3_coverage_pct,60.0
2024-12-31,HTI,HepB3_coverage_pct,60.0
2024-12-31,HTI,IPV_polio_coverage_pct,0.0
2024-12-31,HTI,MCV1_measles_coverage_pct,77.0
2024-12-31,HUN,BCG_coverage_pct,99.0
2024-12-31,HUN,DTP3_coverage_pct,99.0
2024-12-31,HUN,HepB3_coverage_pct,0.0
2024-12-31,HUN,IPV_polio_coverage_pct,99.0
2024-12-31,HUN,MCV1_measles_coverage_pct,99.0
2024-12-31,IDN,BCG_coverage_pct,88.0
2024-12-31,IDN,DTP3_coverage_pct,78.0
2024-12-31,IDN,HepB3_coverage_pct,78.0
2024-12-31,IDN,IPV_polio_coverage_pct,73.0
2024-12-31,IDN,MCV1_measles_coverage_pct,85.0
2024-12-31,IND,BCG_coverage_pct,91.0
2024-12-31,IND,DTP3_coverage_pct,94.0
2024-12-31,IND,HepB3_coverage_pct,94.0
2024-12-31,IND,IPV_polio_coverage_pct,94.0
2024-12-31,IND,MCV1_measles_coverage_pct,97.0
2024-12-31,IRL,DTP3_coverage_pct,92.0
2024-12-31,IRL,HepB3_coverage_pct,92.0
2024-12-31,IRL,IPV_polio_coverage_pct,92.0
2024-12-31,IRL,MCV1_measles_coverage_pct,90.0
2024-12-31,IRN,BCG_coverage_pct,99.0
2024-12-31,IRN,DTP3_coverage_pct,98.0
2024-12-31,IRN,HepB3_coverage_pct,98.0
2024-12-31,IRN,IPV_polio_coverage_pct,99.0
2024-12-31,IRN,MCV1_measles_coverage_pct,99.0
2024-12-31,IRQ,BCG_coverage_pct,95.0
2024-12-31,IRQ,DTP3_coverage_pct,90.0
2024-12-31,IRQ,HepB3_coverage_pct,90.0
2024-12-31,IRQ,IPV_polio_coverage_pct,91.0
2024-12-31,IRQ,MCV1_measles_coverage_pct,96.0
2024-12-31,ISL,DTP3_coverage_pct,94.0
2024-12-31,ISL,HepB3_coverage_pct,0.0
2024-12-31,ISL,IPV_polio_coverage_pct,94.0
2024-12-31,ISL,MCV1_measles_coverage_pct,97.0
2024-12-31,ISR,DTP3_coverage_pct,98.0
2024-12-31,ISR,HepB3_coverage_pct,96.0
2024-12-31,ISR,IPV_polio_coverage_pct,98.0
2024-12-31,ISR,MCV1_measles_coverage_pct,98.0
2024-12-31,ITA,DTP3_coverage_pct,94.0
2024-12-31,ITA,HepB3_coverage_pct,94.0
2024-12-31,ITA,IPV_polio_coverage_pct,94.0
2024-12-31,ITA,MCV1_measles_coverage_pct,95.0
2024-12-31,JAM,BCG_coverage_pct,97.0
2024-12-31,JAM,DTP3_coverage_pct,99.0
2024-12-31,JAM,HepB3_coverage_pct,99.0
2024-12-31,JAM,IPV_polio_coverage_pct,95.0
2024-12-31,JAM,MCV1_measles_coverage_pct,94.0
2024-12-31,JOR,BCG_coverage_pct,90.0
2024-12-31,JOR,DTP3_coverage_pct,96.0
2024-12-31,JOR,HepB3_coverage_pct,96.0
2024-12-31,JOR,IPV_polio_coverage_pct,94.0
2024-12-31,JOR,MCV1_measles_coverage_pct,99.0
2024-12-31,JPN,BCG_coverage_pct,97.0
2024-12-31,JPN,DTP3_coverage_pct,99.0
2024-12-31,JPN,HepB3_coverage_pct,95.0
2024-12-31,JPN,IPV_polio_coverage_pct,98.0
2024-12-31,JPN,MCV1_measles_coverage_pct,95.0
2024-12-31,KAZ,BCG_coverage_pct,86.0
2024-12-31,KAZ,DTP3_coverage_pct,54.0
2024-12-31,KAZ,HepB3_coverage_pct,55.0
2024-12-31,KAZ,IPV_polio_coverage_pct,55.0
2024-12-31,KAZ,MCV1_measles_coverage_pct,62.0
2024-12-31,KEN,BCG_coverage_pct,87.0
2024-12-31,KEN,DTP3_coverage_pct,91.0
2024-12-31,KEN,HepB3_coverage_pct,91.0
2024-12-31,KEN,IPV_polio_coverage_pct,0.0
2024-12-31,KEN,MCV1_measles_coverage_pct,82.0
2024-12-31,KGZ,BCG_coverage_pct,92.0
2024-12-31,KGZ,DTP3_coverage_pct,85.0
2024-12-31,KGZ,HepB3_coverage_pct,84.0
2024-12-31,KGZ,IPV_polio_coverage_pct,74.0
2024-12-31,KGZ,MCV1_measles_coverage_pct,91.0
2024-12-31,KHM,BCG_coverage_pct,90.0
2024-12-31,KHM,DTP3_coverage_pct,83.0
2024-12-31,KHM,HepB3_coverage_pct,83.0
2024-12-31,KHM,IPV_polio_coverage_pct,0.0
2024-12-31,KHM,MCV1_measles_coverage_pct,85.0
2024-12-31,KIR,BCG_coverage_pct,94.0
2024-12-31,KIR,DTP3_coverage_pct,94.0
2024-12-31,KIR,HepB3_coverage_pct,94.0
2024-12-31,KIR,IPV_polio_coverage_pct,40.0
2024-12-31,KIR,MCV1_measles_coverage_pct,82.0
2024-12-31,KNA,BCG_coverage_pct,97.0
2024-12-31,KNA,DTP3_coverage_pct,97.0
2024-12-31,KNA,HepB3_coverage_pct,97.0
2024-12-31,KNA,IPV_polio_coverage_pct,97.0
2024-12-31,KNA,MCV1_measles_coverage_pct,95.0
2024-12-31,KOR,BCG_coverage_pct,97.0
2024-12-31,KOR,DTP3_coverage_pct,97.0
2024-12-31,KOR,HepB3_coverage_pct,97.0
2024-12-31,KOR,IPV_polio_coverage_pct,97.0
2024-12-31,KOR,MCV1_measles_coverage_pct,97.0
2024-12-31,KWT,BCG_coverage_pct,99.0
2024-12-31,KWT,DTP3_coverage_pct,98.0
2024-12-31,KWT,HepB3_coverage_pct,98.0
2024-12-31,KWT,IPV_polio_coverage_pct,96.0
2024-12-31,KWT,MCV1_measles_coverage_pct,98.0
2024-12-31,LAO,BCG_coverage_pct,88.0
2024-12-31,LAO,DTP3_coverage_pct,67.0
2024-12-31,LAO,HepB3_coverage_pct,67.0
2024-12-31,LAO,IPV_polio_coverage_pct,38.0
2024-12-31,LAO,MCV1_measles_coverage_pct,55.0
2024-12-31,LBN,DTP3_coverage_pct,49.0
2024-12-31,LBN,HepB3_coverage_pct,49.0
2024-12-31,LBN,IPV_polio_coverage_pct,69.0
2024-12-31,LBN,MCV1_measles_coverage_pct,67.0
2024-12-31,LBR,BCG_coverage_pct,82.0
2024-12-31,LBR,DTP3_coverage_pct,83.0
2024-12-31,LBR,HepB3_coverage_pct,83.0
2024-12-31,LBR,IPV_polio_coverage_pct,0.0
2024-12-31,LBR,MCV1_measles_coverage_pct,82.0
2024-12-31,LBY,BCG_coverage_pct,85.0
2024-12-31,LBY,DTP3_coverage_pct,86.0
2024-12-31,LBY,HepB3_coverage_pct,86.0
2024-12-31,LBY,IPV_polio_coverage_pct,86.0
2024-12-31,LBY,MCV1_measles_coverage_pct,89.0
2024-12-31,LCA,BCG_coverage_pct,87.0
2024-12-31,LCA,DTP3_coverage_pct,99.0
2024-12-31,LCA,HepB3_coverage_pct,99.0
2024-12-31,LCA,IPV_polio_coverage_pct,99.0
2024-12-31,LCA,MCV1_measles_coverage_pct,83.0
2024-12-31,LKA,BCG_coverage_pct,98.0
2024-12-31,LKA,DTP3_coverage_pct,97.0
2024-12-31,LKA,HepB3_coverage_pct,97.0
2024-12-31,LKA,IPV_polio_coverage_pct,0.0
2024-12-31,LKA,MCV1_measles_coverage_pct,99.0
2024-12-31,LSO,BCG_coverage_pct,81.0
2024-12-31,LSO,DTP3_coverage_pct,86.0
2024-12-31,LSO,HepB3_coverage_pct,86.0
2024-12-31,LSO,IPV_polio_coverage_pct,0.0
2024-12-31,LSO,MCV1_measles_coverage_pct,90.0
2024-12-31,LTU,BCG_coverage_pct,93.0
2024-12-31,LTU,DTP3_coverage_pct,89.0
2024-12-31,LTU,HepB3_coverage_pct,87.0
2024-12-31,LTU,IPV_polio_coverage_pct,89.0
2024-12-31,LTU,MCV1_measles_coverage_pct,86.0
2024-12-31,LUX,DTP3_coverage_pct,99.0
2024-12-31,LUX,HepB3_coverage_pct,98.0
2024-12-31,LUX,IPV_polio_coverage_pct,99.0
2024-12-31,LUX,MCV1_measles_coverage_pct,99.0
2024-12-31,LVA,BCG_coverage_pct,99.0
2024-12-31,LVA,DTP3_coverage_pct,97.0
2024-12-31,LVA,HepB3_coverage_pct,99.0
2024-12-31,LVA,IPV_polio_coverage_pct,97.0
2024-12-31,LVA,MCV1_measles_coverage_pct,98.0
2024-12-31,MAR,BCG_coverage_pct,98.0
2024-12-31,MAR,DTP3_coverage_pct,96.0
2024-12-31,MAR,HepB3_coverage_pct,96.0
2024-12-31,MAR,IPV_polio_coverage_pct,0.0
2024-12-31,MAR,MCV1_measles_coverage_pct,98.0
2024-12-31,MCO,DTP3_coverage_pct,99.0
2024-12-31,MCO,HepB3_coverage_pct,99.0
2024-12-31,MCO,IPV_polio_coverage_pct,99.0
2024-12-31,MCO,MCV1_measles_coverage_pct,88.0
2024-12-31,MDA,BCG_coverage_pct,94.0
2024-12-31,MDA,DTP3_coverage_pct,86.0
2024-12-31,MDA,HepB3_coverage_pct,88.0
2024-12-31,MDA,IPV_polio_coverage_pct,89.0
2024-12-31,MDA,MCV1_measles_coverage_pct,84.0
2024-12-31,MDG,BCG_coverage_pct,64.0
2024-12-31,MDG,DTP3_coverage_pct,60.0
2024-12-31,MDG,HepB3_coverage_pct,60.0
2024-12-31,MDG,IPV_polio_coverage_pct,45.0
2024-12-31,MDG,MCV1_measles_coverage_pct,46.0
2024-12-31,MDV,BCG_coverage_pct,99.0
2024-12-31,MDV,DTP3_coverage_pct,99.0
2024-12-31,MDV,HepB3_coverage_pct,99.0
2024-12-31,MDV,IPV_polio_coverage_pct,0.0
2024-12-31,MDV,MCV1_measles_coverage_pct,99.0
2024-12-31,MEX,BCG_coverage_pct,89.0
2024-12-31,MEX,DTP3_coverage_pct,78.0
2024-12-31,MEX,HepB3_coverage_pct,78.0
2024-12-31,MEX,IPV_polio_coverage_pct,78.0
2024-12-31,MEX,MCV1_measles_coverage_pct,80.0
2024-12-31,MHL,BCG_coverage_pct,81.0
2024-12-31,MHL,DTP3_coverage_pct,85.0
2024-12-31,MHL,HepB3_coverage_pct,89.0
2024-12-31,MHL,IPV_polio_coverage_pct,84.0
2024-12-31,MHL,MCV1_measles_coverage_pct,88.0
2024-12-31,MKD,BCG_coverage_pct,93.0
2024-12-31,MKD,DTP3_coverage_pct,89.0
2024-12-31,MKD,HepB3_coverage_pct,91.0
2024-12-31,MKD,IPV_polio_coverage_pct,89.0
2024-12-31,MKD,MCV1_measles_coverage_pct,73.0
2024-12-31,MLI,BCG_coverage_pct,91.0
2024-12-31,MLI,DTP3_coverage_pct,83.0
2024-12-31,MLI,HepB3_coverage_pct,83.0
2024-12-31,MLI,IPV_polio_coverage_pct,65.0
2024-12-31,MLI,MCV1_measles_coverage_pct,72.0
2024-12-31,MLT,DTP3_coverage_pct,97.0
2024-12-31,MLT,HepB3_coverage_pct,97.0
2024-12-31,MLT,IPV_polio_coverage_pct,97.0
2024-12-31,MLT,MCV1_measles_coverage_pct,88.0
2024-12-31,MMR,BCG_coverage_pct,79.0
2024-12-31,MMR,DTP3_coverage_pct,71.0
2024-12-31,MMR,HepB3_coverage_pct,71.0
2024-12-31,MMR,IPV_polio_coverage_pct,0.0
2024-12-31,MMR,MCV1_measles_coverage_pct,71.0
2024-12-31,MNE,BCG_coverage_pct,85.0
2024-12-31,MNE,DTP3_coverage_pct,81.0
2024-12-31,MNE,HepB3_coverage_pct,61.0
2024-12-31,MNE,IPV_polio_coverage_pct,81.0
2024-12-31,MNE,MCV1_measles_coverage_pct,23.0
2024-12-31,MNG,BCG_coverage_pct,99.0
2024-12-31,MNG,DTP3_coverage_pct,96.0
2024-12-31,MNG,HepB3_coverage_pct,96.0
2024-12-31,MNG,IPV_polio_coverage_pct,0.0
2024-12-31,MNG,MCV1_measles_coverage_pct,96.0
2024-12-31,MOZ,BCG_coverage_pct,93.0
2024-12-31,MOZ,DTP3_coverage_pct,70.0
2024-12-31,MOZ,HepB3_coverage_pct,70.0
2024-12-31,MOZ,IPV_polio_coverage_pct,65.0
2024-12-31,MOZ,MCV1_measles_coverage_pct,65.0
2024-12-31,MRT,BCG_coverage_pct,95.0
2024-12-31,MRT,DTP3_coverage_pct,86.0
2024-12-31,MRT,HepB3_coverage_pct,86.0
2024-12-31,MRT,IPV_polio_coverage_pct,0.0
2024-12-31,MRT,MCV1_measles_coverage_pct,93.0
2024-12-31,MUS,BCG_coverage_pct,98.0
2024-12-31,MUS,DTP3_coverage_pct,93.0
2024-12-31,MUS,HepB3_coverage_pct,93.0
2024-12-31,MUS,IPV_polio_coverage_pct,95.0
2024-12-31,MUS,MCV1_measles_coverage_pct,98.0
2024-12-31,MWI,BCG_coverage_pct,99.0
2024-12-31,MWI,DTP3_coverage_pct,91.0
2024-12-31,MWI,HepB3_coverage_pct,91.0
2024-12-31,MWI,IPV_polio_coverage_pct,0.0
2024-12-31,MWI,MCV1_measles_coverage_pct,89.0
2024-12-31,MYS,BCG_coverage_pct,90.0
2024-12-31,MYS,DTP3_coverage_pct,93.0
2024-12-31,MYS,HepB3_coverage_pct,93.0
2024-12-31,MYS,IPV_polio_coverage_pct,93.0
2024-12-31,MYS,MCV1_measles_coverage_pct,96.0
2024-12-31,NAM,BCG_coverage_pct,94.0
2024-12-31,NAM,DTP3_coverage_pct,74.0
2024-12-31,NAM,HepB3_coverage_pct,74.0
2024-12-31,NAM,IPV_polio_coverage_pct,0.0
2024-12-31,NAM,MCV1_measles_coverage_pct,79.0
2024-12-31,NER,BCG_coverage_pct,93.0
2024-12-31,NER,DTP3_coverage_pct,86.0
2024-12-31,NER,HepB3_coverage_pct,86.0
2024-12-31,NER,IPV_polio_coverage_pct,83.0
2024-12-31,NER,MCV1_measles_coverage_pct,81.0
2024-12-31,NGA,BCG_coverage_pct,69.0
2024-12-31,NGA,DTP3_coverage_pct,63.0
2024-12-31,NGA,HepB3_coverage_pct,63.0
2024-12-31,NGA,IPV_polio_coverage_pct,54.0
2024-12-31,NGA,MCV1_measles_coverage_pct,57.0
2024-12-31,NIC,BCG_coverage_pct,81.0
2024-12-31,NIC,DTP3_coverage_pct,95.0
2024-12-31,NIC,HepB3_coverage_pct,95.0
2024-12-31,NIC,IPV_polio_coverage_pct,94.0
2024-12-31,NIC,MCV1_measles_coverage_pct,95.0
2024-12-31,NIU,BCG_coverage_pct,99.0
2024-12-31,NIU,DTP3_coverage_pct,99.0
2024-12-31,NIU,HepB3_coverage_pct,99.0
2024-12-31,NIU,IPV_polio_coverage_pct,99.0
2024-12-31,NIU,MCV1_measles_coverage_pct,99.0
2024-12-31,NLD,DTP3_coverage_pct,91.0
2024-12-31,NLD,HepB3_coverage_pct,89.0
2024-12-31,NLD,IPV_polio_coverage_pct,91.0
2024-12-31,NLD,MCV1_measles_coverage_pct,89.0
2024-12-31,NOR,DTP3_coverage_pct,97.0
2024-12-31,NOR,HepB3_coverage_pct,96.0
2024-12-31,NOR,IPV_polio_coverage_pct,97.0
2024-12-31,NOR,MCV1_measles_coverage_pct,96.0
2024-12-31,NPL,BCG_coverage_pct,99.0
2024-12-31,NPL,DTP3_coverage_pct,97.0
2024-12-31,NPL,HepB3_coverage_pct,97.0
2024-12-31,NPL,IPV_polio_coverage_pct,95.0
2024-12-31,NPL,MCV1_measles_coverage_pct,97.0
2024-12-31,NRU,BCG_coverage_pct,99.0
2024-12-31,NRU,DTP3_coverage_pct,70.0
2024-12-31,NRU,HepB3_coverage_pct,70.0
2024-12-31,NRU,IPV_polio_coverage_pct,0.0
2024-12-31,NRU,MCV1_measles_coverage_pct,92.0
2024-12-31,NZL,DTP3_coverage_pct,89.0
2024-12-31,NZL,HepB3_coverage_pct,89.0
2024-12-31,NZL,IPV_polio_coverage_pct,89.0
2024-12-31,NZL,MCV1_measles_coverage_pct,89.0
2024-12-31,OMN,BCG_coverage_pct,99.0
2024-12-31,OMN,DTP3_coverage_pct,99.0
2024-12-31,OMN,HepB3_coverage_pct,99.0
2024-12-31,OMN,IPV_polio_coverage_pct,99.0
2024-12-31,OMN,MCV1_measles_coverage_pct,99.0
2024-12-31,PAK,BCG_coverage_pct,96.0
2024-12-31,PAK,DTP3_coverage_pct,87.0
2024-12-31,PAK,HepB3_coverage_pct,87.0
2024-12-31,PAK,IPV_polio_coverage_pct,84.0
2024-12-31,PAK,MCV1_measles_coverage_pct,86.0
2024-12-31,PAN,BCG_coverage_pct,99.0
2024-12-31,PAN,DTP3_coverage_pct,72.0
2024-12-31,PAN,HepB3_coverage_pct,72.0
2024-12-31,PAN,IPV_polio_coverage_pct,72.0
2024-12-31,PAN,MCV1_measles_coverage_pct,96.0
2024-12-31,PER,BCG_coverage_pct,87.0
2024-12-31,PER,DTP3_coverage_pct,84.0
2024-12-31,PER,HepB3_coverage_pct,84.0
2024-12-31,PER,IPV_polio_coverage_pct,84.0
2024-12-31,PER,MCV1_measles_coverage_pct,84.0
2024-12-31,PHL,BCG_coverage_pct,86.0
2024-12-31,PHL,DTP3_coverage_pct,71.0
2024-12-31,PHL,HepB3_coverage_pct,71.0
2024-12-31,PHL,IPV_polio_coverage_pct,62.0
2024-12-31,PHL,MCV1_measles_coverage_pct,80.0
2024-12-31,PLW,DTP3_coverage_pct,97.0
2024-12-31,PLW,HepB3_coverage_pct,99.0
2024-12-31,PLW,IPV_polio_coverage_pct,97.0
2024-12-31,PLW,MCV1_measles_coverage_pct,96.0
2024-12-31,PNG,BCG_coverage_pct,52.0
2024-12-31,PNG,DTP3_coverage_pct,42.0
2024-12-31,PNG,HepB3_coverage_pct,42.0
2024-12-31,PNG,IPV_polio_coverage_pct,23.0
2024-12-31,PNG,MCV1_measles_coverage_pct,44.0
2024-12-31,POL,BCG_coverage_pct,92.0
2024-12-31,POL,DTP3_coverage_pct,94.0
2024-12-31,POL,HepB3_coverage_pct,87.0
2024-12-31,POL,IPV_polio_coverage_pct,87.0
2024-12-31,POL,MCV1_measles_coverage_pct,92.0
2024-12-31,PRK,BCG_coverage_pct,99.0
2024-12-31,PRK,DTP3_coverage_pct,97.0
2024-12-31,PRK,HepB3_coverage_pct,97.0
2024-12-31,PRK,IPV_polio_coverage_pct,0.0
2024-12-31,PRK,MCV1_measles_coverage_pct,99.0
2024-12-31,PRT,DTP3_coverage_pct,99.0
2024-12-31,PRT,HepB3_coverage_pct,99.0
2024-12-31,PRT,IPV_polio_coverage_pct,99.0
2024-12-31,PRT,MCV1_measles_coverage_pct,99.0
2024-12-31,PRY,BCG_coverage_pct,79.0
2024-12-31,PRY,DTP3_coverage_pct,80.0
2024-12-31,PRY,HepB3_coverage_pct,80.0
2024-12-31,PRY,IPV_polio_coverage_pct,80.0
2024-12-31,PRY,MCV1_measles_coverage_pct,90.0
2024-12-31,PSE,BCG_coverage_pct,99.0
2024-12-31,PSE,DTP3_coverage_pct,99.0
2024-12-31,PSE,HepB3_coverage_pct,99.0
2024-12-31,PSE,IPV_polio_coverage_pct,99.0
2024-12-31,PSE,MCV1_measles_coverage_pct,99.0
2024-12-31,QAT,BCG_coverage_pct,99.0
2024-12-31,QAT,DTP3_coverage_pct,96.0
2024-12-31,QAT,HepB3_coverage_pct,96.0
2024-12-31,QAT,IPV_polio_coverage_pct,98.0
2024-12-31,QAT,MCV1_measles_coverage_pct,99.0
2024-12-31,ROU,BCG_coverage_pct,90.0
2024-12-31,ROU,DTP3_coverage_pct,66.0
2024-12-31,ROU,HepB3_coverage_pct,66.0
2024-12-31,ROU,IPV_polio_coverage_pct,66.0
2024-12-31,ROU,MCV1_measles_coverage_pct,66.0
2024-12-31,RUS,BCG_coverage_pct,96.0
2024-12-31,RUS,DTP3_coverage_pct,97.0
2024-12-31,RUS,HepB3_coverage_pct,97.0
2024-12-31,RUS,IPV_polio_coverage_pct,97.0
2024-12-31,RUS,MCV1_measles_coverage_pct,97.0
2024-12-31,RWA,BCG_coverage_pct,99.0
2024-12-31,RWA,DTP3_coverage_pct,98.0
2024-12-31,RWA,HepB3_coverage_pct,98.0
2024-12-31,RWA,IPV_polio_coverage_pct,97.0
2024-12-31,RWA,MCV1_measles_coverage_pct,97.0
2024-12-31,SAU,BCG_coverage_pct,97.0
2024-12-31,SAU,DTP3_coverage_pct,97.0
2024-12-31,SAU,HepB3_coverage_pct,97.0
2024-12-31,SAU,IPV_polio_coverage_pct,97.0
2024-12-31,SAU,MCV1_measles_coverage_pct,96.0
2024-12-31,SDN,BCG_coverage_pct,49.0
2024-12-31,SDN,DTP3_coverage_pct,39.0
2024-12-31,SDN,HepB3_coverage_pct,39.0
2024-12-31,SDN,IPV_polio_coverage_pct,41.0
2024-12-31,SDN,MCV1_measles_coverage_pct,46.0
2024-12-31,SEN,BCG_coverage_pct,93.0
2024-12-31,SEN,DTP3_coverage_pct,91.0
2024-12-31,SEN,HepB3_coverage_pct,91.0
2024-12-31,SEN,IPV_polio_coverage_pct,91.0
2024-12-31,SEN,MCV1_measles_coverage_pct,87.0
2024-12-31,SGP,BCG_coverage_pct,95.0
2024-12-31,SGP,DTP3_coverage_pct,97.0
2024-12-31,SGP,HepB3_coverage_pct,96.0
2024-12-31,SGP,IPV_polio_coverage_pct,97.0
2024-12-31,SGP,MCV1_measles_coverage_pct,97.0
2024-12-31,SLB,BCG_coverage_pct,83.0
2024-12-31,SLB,DTP3_coverage_pct,87.0
2024-12-31,SLB,HepB3_coverage_pct,87.0
2024-12-31,SLB,IPV_polio_coverage_pct,0.0
2024-12-31,SLB,MCV1_measles_coverage_pct,78.0
2024-12-31,SLE,BCG_coverage_pct,97.0
2024-12-31,SLE,DTP3_coverage_pct,91.0
2024-12-31,SLE,HepB3_coverage_pct,91.0
2024-12-31,SLE,IPV_polio_coverage_pct,75.0
2024-12-31,SLE,MCV1_measles_coverage_pct,90.0
2024-12-31,SLV,BCG_coverage_pct,99.0
2024-12-31,SLV,DTP3_coverage_pct,95.0
2024-12-31,SLV,HepB3_coverage_pct,95.0
2024-12-31,SLV,IPV_polio_coverage_pct,95.0
2024-12-31,SLV,MCV1_measles_coverage_pct,96.0
2024-12-31,SMR,DTP3_coverage_pct,88.0
2024-12-31,SMR,HepB3_coverage_pct,88.0
2024-12-31,SMR,IPV_polio_coverage_pct,88.0
2024-12-31,SMR,MCV1_measles_coverage_pct,85.0
2024-12-31,SOM,BCG_coverage_pct,75.0
2024-12-31,SOM,DTP3_coverage_pct,70.0
2024-12-31,SOM,HepB3_coverage_pct,70.0
2024-12-31,SOM,IPV_polio_coverage_pct,50.0
2024-12-31,SOM,MCV1_measles_coverage_pct,64.0
2024-12-31,SRB,BCG_coverage_pct,98.0
2024-12-31,SRB,DTP3_coverage_pct,95.0
2024-12-31,SRB,HepB3_coverage_pct,93.0
2024-12-31,SRB,IPV_polio_coverage_pct,95.0
2024-12-31,SRB,MCV1_measles_coverage_pct,84.0
2024-12-31,SSD,BCG_coverage_pct,72.0
2024-12-31,SSD,DTP3_coverage_pct,73.0
2024-12-31,SSD,HepB3_coverage_pct,73.0
2024-12-31,SSD,IPV_polio_coverage_pct,34.0
2024-12-31,SSD,MCV1_measles_coverage_pct,72.0
2024-12-31,STP,BCG_coverage_pct,80.0
2024-12-31,STP,DTP3_coverage_pct,87.0
2024-12-31,STP,HepB3_coverage_pct,87.0
2024-12-31,STP,IPV_polio_coverage_pct,0.0
2024-12-31,STP,MCV1_measles_coverage_pct,87.0
2024-12-31,SUR,DTP3_coverage_pct,80.0
2024-12-31,SUR,HepB3_coverage_pct,80.0
2024-12-31,SUR,IPV_polio_coverage_pct,76.0
2024-12-31,SUR,MCV1_measles_coverage_pct,73.0
2024-12-31,SVK,BCG_coverage_pct,0.0
2024-12-31,SVK,DTP3_coverage_pct,96.0
2024-12-31,SVK,HepB3_coverage_pct,96.0
2024-12-31,SVK,IPV_polio_coverage_pct,96.0
2024-12-31,SVK,MCV1_measles_coverage_pct,94.0
2024-12-31,SVN,DTP3_coverage_pct,90.0
2024-12-31,SVN,HepB3_coverage_pct,90.0
2024-12-31,SVN,IPV_polio_coverage_pct,90.0
2024-12-31,SVN,MCV1_measles_coverage_pct,95.0
2024-12-31,SWE,BCG_coverage_pct,0.0
2024-12-31,SWE,DTP3_coverage_pct,96.0
2024-12-31,SWE,HepB3_coverage_pct,95.0
2024-12-31,SWE,IPV_polio_coverage_pct,95.0
2024-12-31,SWE,MCV1_measles_coverage_pct,93.0
2024-12-31,SWZ,BCG_coverage_pct,86.0
2024-12-31,SWZ,DTP3_coverage_pct,84.0
2024-12-31,SWZ,HepB3_coverage_pct,84.0
2024-12-31,SWZ,IPV_polio_coverage_pct,17.0
2024-12-31,SWZ,MCV1_measles_coverage_pct,85.0
2024-12-31,SYC,BCG_coverage_pct,99.0
2024-12-31,SYC,DTP3_coverage_pct,93.0
2024-12-31,SYC,HepB3_coverage_pct,93.0
2024-12-31,SYC,IPV_polio_coverage_pct,48.0
2024-12-31,SYC,MCV1_measles_coverage_pct,97.0
2024-12-31,SYR,BCG_coverage_pct,84.0
2024-12-31,SYR,DTP3_coverage_pct,73.0
2024-12-31,SYR,HepB3_coverage_pct,73.0
2024-12-31,SYR,IPV_polio_coverage_pct,75.0
2024-12-31,SYR,MCV1_measles_coverage_pct,81.0
2024-12-31,TCD,BCG_coverage_pct,88.0
2024-12-31,TCD,DTP3_coverage_pct,68.0
2024-12-31,TCD,HepB3_coverage_pct,68.0
2024-12-31,TCD,IPV_polio_coverage_pct,40.0
2024-12-31,TCD,MCV1_measles_coverage_pct,68.0
2024-12-31,TGO,BCG_coverage_pct,96.0
2024-12-31,TGO,DTP3_coverage_pct,90.0
2024-12-31,TGO,HepB3_coverage_pct,90.0
2024-12-31,TGO,IPV_polio_coverage_pct,69.0
2024-12-31,TGO,MCV1_measles_coverage_pct,81.0
2024-12-31,THA,BCG_coverage_pct,99.0
2024-12-31,THA,DTP3_coverage_pct,92.0
2024-12-31,THA,HepB3_coverage_pct,92.0
2024-12-31,THA,IPV_polio_coverage_pct,0.0
2024-12-31,THA,MCV1_measles_coverage_pct,93.0
2024-12-31,TJK,BCG_coverage_pct,93.0
2024-12-31,TJK,DTP3_coverage_pct,86.0
2024-12-31,TJK,HepB3_coverage_pct,86.0
2024-12-31,TJK,IPV_polio_coverage_pct,84.0
2024-12-31,TJK,MCV1_measles_coverage_pct,80.0
2024-12-31,TKM,BCG_coverage_pct,98.0
2024-12-31,TKM,DTP3_coverage_pct,98.0
2024-12-31,TKM,HepB3_coverage_pct,99.0
2024-12-31,TKM,IPV_polio_coverage_pct,0.0
2024-12-31,TKM,MCV1_measles_coverage_pct,99.0
2024-12-31,TLS,BCG_coverage_pct,90.0
2024-12-31,TLS,DTP3_coverage_pct,83.0
2024-12-31,TLS,HepB3_coverage_pct,83.0
2024-12-31,TLS,IPV_polio_coverage_pct,0.0
2024-12-31,TLS,MCV1_measles_coverage_pct,72.0
2024-12-31,TON,BCG_coverage_pct,99.0
2024-12-31,TON,DTP3_coverage_pct,99.0
2024-12-31,TON,HepB3_coverage_pct,99.0
2024-12-31,TON,IPV_polio_coverage_pct,0.0
2024-12-31,TON,MCV1_measles_coverage_pct,99.0
2024-12-31,TTO,DTP3_coverage_pct,91.0
2024-12-31,TTO,HepB3_coverage_pct,91.0
2024-12-31,TTO,IPV_polio_coverage_pct,89.0
2024-12-31,TTO,MCV1_measles_coverage_pct,96.0
2024-12-31,TUN,BCG_coverage_pct,98.0
2024-12-31,TUN,DTP3_coverage_pct,97.0
2024-12-31,TUN,HepB3_coverage_pct,97.0
2024-12-31,TUN,IPV_polio_coverage_pct,96.0
2024-12-31,TUN,MCV1_measles_coverage_pct,96.0
2024-12-31,TUR,BCG_coverage_pct,95.0
2024-12-31,TUR,DTP3_coverage_pct,96.0
2024-12-31,TUR,HepB3_coverage_pct,95.0
2024-12-31,TUR,IPV_polio_coverage_pct,96.0
2024-12-31,TUR,MCV1_measles_coverage_pct,94.0
2024-12-31,TUV,BCG_coverage_pct,99.0
2024-12-31,TUV,DTP3_coverage_pct,94.0
2024-12-31,TUV,HepB3_coverage_pct,94.0
2024-12-31,TUV,IPV_polio_coverage_pct,94.0
2024-12-31,TUV,MCV1_measles_coverage_pct,97.0
2024-12-31,TZA,BCG_coverage_pct,89.0
2024-12-31,TZA,DTP3_coverage_pct,83.0
2024-12-31,TZA,HepB3_coverage_pct,83.0
2024-12-31,TZA,IPV_polio_coverage_pct,0.0
2024-12-31,TZA,MCV1_measles_coverage_pct,84.0
2024-12-31,UGA,BCG_coverage_pct,95.0
2024-12-31,UGA,DTP3_coverage_pct,94.0
2024-12-31,UGA,HepB3_coverage_pct,94.0
2024-12-31,UGA,IPV_polio_coverage_pct,72.0
2024-12-31,UGA,MCV1_measles_coverage_pct,92.0
2024-12-31,UKR,BCG_coverage_pct,93.0
2024-12-31,UKR,DTP3_coverage_pct,88.0
2024-12-31,UKR,HepB3_coverage_pct,88.0
2024-12-31,UKR,IPV_polio_coverage_pct,87.0
2024-12-31,UKR,MCV1_measles_coverage_pct,91.0
2024-12-31,URY,BCG_coverage_pct,99.0
2024-12-31,URY,DTP3_coverage_pct,94.0
2024-12-31,URY,HepB3_coverage_pct,94.0
2024-12-31,URY,IPV_polio_coverage_pct,94.0
2024-12-31,URY,MCV1_measles_coverage_pct,97.0
2024-12-31,USA,DTP3_coverage_pct,94.0
2024-12-31,USA,HepB3_coverage_pct,93.0
2024-12-31,USA,IPV_polio_coverage_pct,93.0
2024-12-31,USA,MCV1_measles_coverage_pct,92.0
2024-12-31,UZB,BCG_coverage_pct,99.0
2024-12-31,UZB,DTP3_coverage_pct,90.0
2024-12-31,UZB,HepB3_coverage_pct,90.0
2024-12-31,UZB,IPV_polio_coverage_pct,92.0
2024-12-31,UZB,MCV1_measles_coverage_pct,99.0
2024-12-31,VCT,BCG_coverage_pct,99.0
2024-12-31,VCT,DTP3_coverage_pct,99.0
2024-12-31,VCT,HepB3_coverage_pct,99.0
2024-12-31,VCT,IPV_polio_coverage_pct,99.0
2024-12-31,VCT,MCV1_measles_coverage_pct,99.0
2024-12-31,VEN,BCG_coverage_pct,66.0
2024-12-31,VEN,DTP3_coverage_pct,62.0
2024-12-31,VEN,HepB3_coverage_pct,62.0
2024-12-31,VEN,IPV_polio_coverage_pct,62.0
2024-12-31,VEN,MCV1_measles_coverage_pct,71.0
2024-12-31,VNM,BCG_coverage_pct,96.0
2024-12-31,VNM,DTP3_coverage_pct,97.0
2024-12-31,VNM,HepB3_coverage_pct,97.0
2024-12-31,VNM,IPV_polio_coverage_pct,86.0
2024-12-31,VNM,MCV1_measles_coverage_pct,98.0
2024-12-31,VUT,BCG_coverage_pct,85.0
2024-12-31,VUT,DTP3_coverage_pct,71.0
2024-12-31,VUT,HepB3_coverage_pct,71.0
2024-12-31,VUT,IPV_polio_coverage_pct,0.0
2024-12-31,VUT,MCV1_measles_coverage_pct,61.0
2024-12-31,WSM,BCG_coverage_pct,99.0
2024-12-31,WSM,DTP3_coverage_pct,85.0
2024-12-31,WSM,HepB3_coverage_pct,85.0
2024-12-31,WSM,IPV_polio_coverage_pct,0.0
2024-12-31,WSM,MCV1_measles_coverage_pct,85.0
2024-12-31,YEM,BCG_coverage_pct,50.0
2024-12-31,YEM,DTP3_coverage_pct,42.0
2024-12-31,YEM,HepB3_coverage_pct,42.0
2024-12-31,YEM,IPV_polio_coverage_pct,35.0
2024-12-31,YEM,MCV1_measles_coverage_pct,41.0
2024-12-31,ZAF,BCG_coverage_pct,74.0
2024-12-31,ZAF,DTP3_coverage_pct,74.0
2024-12-31,ZAF,HepB3_coverage_pct,74.0
2024-12-31,ZAF,IPV_polio_coverage_pct,74.0
2024-12-31,ZAF,MCV1_measles_coverage_pct,76.0
2024-12-31,ZMB,BCG_coverage_pct,90.0
2024-12-31,ZMB,DTP3_coverage_pct,87.0
2024-12-31,ZMB,HepB3_coverage_pct,87.0
2024-12-31,ZMB,IPV_polio_coverage_pct,56.0
2024-12-31,ZMB,MCV1_measles_coverage_pct,91.0
2024-12-31,ZWE,BCG_coverage_pct,96.0
2024-12-31,ZWE,DTP3_coverage_pct,91.0
2024-12-31,ZWE,HepB3_coverage_pct,91.0
2024-12-31,ZWE,IPV_polio_coverage_pct,86.0
2024-12-31,ZWE,MCV1_measles_coverage_pct,90.0
2025-12-31,AFG,BCG_coverage_pct,73.0
2025-12-31,AFG,DTP3_coverage_pct,61.0
2025-12-31,AFG,HepB3_coverage_pct,61.0
2025-12-31,AFG,IPV_polio_coverage_pct,50.0
2025-12-31,AFG,MCV1_measles_coverage_pct,56.0
2025-12-31,AGO,BCG_coverage_pct,77.0
2025-12-31,AGO,DTP3_coverage_pct,52.0
2025-12-31,AGO,HepB3_coverage_pct,52.0
2025-12-31,AGO,IPV_polio_coverage_pct,36.0
2025-12-31,AGO,MCV1_measles_coverage_pct,71.0
2025-12-31,ALB,BCG_coverage_pct,99.0
2025-12-31,ALB,DTP3_coverage_pct,96.0
2025-12-31,ALB,HepB3_coverage_pct,96.0
2025-12-31,ALB,IPV_polio_coverage_pct,96.0
2025-12-31,ALB,MCV1_measles_coverage_pct,81.0
2025-12-31,AND,DTP3_coverage_pct,98.0
2025-12-31,AND,HepB3_coverage_pct,97.0
2025-12-31,AND,IPV_polio_coverage_pct,98.0
2025-12-31,AND,MCV1_measles_coverage_pct,99.0
2025-12-31,ARE,BCG_coverage_pct,95.0
2025-12-31,ARE,DTP3_coverage_pct,98.0
2025-12-31,ARE,HepB3_coverage_pct,98.0
2025-12-31,ARE,IPV_polio_coverage_pct,96.0
2025-12-31,ARE,MCV1_measles_coverage_pct,98.0
2025-12-31,ARG,BCG_coverage_pct,81.0
2025-12-31,ARG,DTP3_coverage_pct,75.0
2025-12-31,ARG,HepB3_coverage_pct,75.0
2025-12-31,ARG,IPV_polio_coverage_pct,74.0
2025-12-31,ARG,MCV1_measles_coverage_pct,82.0
2025-12-31,ARM,BCG_coverage_pct,99.0
2025-12-31,ARM,DTP3_coverage_pct,97.0
2025-12-31,ARM,HepB3_coverage_pct,97.0
2025-12-31,ARM,IPV_polio_coverage_pct,97.0
2025-12-31,ARM,MCV1_measles_coverage_pct,96.0
2025-12-31,ATG,DTP3_coverage_pct,99.0
2025-12-31,ATG,HepB3_coverage_pct,99.0
2025-12-31,ATG,IPV_polio_coverage_pct,88.0
2025-12-31,ATG,MCV1_measles_coverage_pct,97.0
2025-12-31,AUS,DTP3_coverage_pct,92.0
2025-12-31,AUS,HepB3_coverage_pct,94.0
2025-12-31,AUS,IPV_polio_coverage_pct,93.0
2025-12-31,AUS,MCV1_measles_coverage_pct,91.0
2025-12-31,AUT,DTP3_coverage_pct,88.0
2025-12-31,AUT,HepB3_coverage_pct,88.0
2025-12-31,AUT,IPV_polio_coverage_pct,88.0
2025-12-31,AUT,MCV1_measles_coverage_pct,95.0
2025-12-31,AZE,BCG_coverage_pct,96.0
2025-12-31,AZE,DTP3_coverage_pct,51.0
2025-12-31,AZE,HepB3_coverage_pct,51.0
2025-12-31,AZE,IPV_polio_coverage_pct,51.0
2025-12-31,AZE,MCV1_measles_coverage_pct,71.0
2025-12-31,BDI,BCG_coverage_pct,89.0
2025-12-31,BDI,DTP3_coverage_pct,89.0
2025-12-31,BDI,HepB3_coverage_pct,89.0
2025-12-31,BDI,IPV_polio_coverage_pct,0.0
2025-12-31,BDI,MCV1_measles_coverage_pct,86.0
2025-12-31,BEL,DTP3_coverage_pct,98.0
2025-12-31,BEL,HepB3_coverage_pct,97.0
2025-12-31,BEL,IPV_polio_coverage_pct,98.0
2025-12-31,BEL,MCV1_measles_coverage_pct,96.0
2025-12-31,BEN,BCG_coverage_pct,99.0
2025-12-31,BEN,DTP3_coverage_pct,69.0
2025-12-31,BEN,HepB3_coverage_pct,69.0
2025-12-31,BEN,IPV_polio_coverage_pct,0.0
2025-12-31,BEN,MCV1_measles_coverage_pct,49.0
2025-12-31,BFA,BCG_coverage_pct,98.0
2025-12-31,BFA,DTP3_coverage_pct,91.0
2025-12-31,BFA,HepB3_coverage_pct,91.0
2025-12-31,BFA,IPV_polio_coverage_pct,85.0
2025-12-31,BFA,MCV1_measles_coverage_pct,88.0
2025-12-31,BGD,BCG_coverage_pct,94.0
2025-12-31,BGD,DTP3_coverage_pct,92.0
2025-12-31,BGD,HepB3_coverage_pct,92.0
2025-12-31,BGD,IPV_polio_coverage_pct,0.0
2025-12-31,BGD,MCV1_measles_coverage_pct,90.0
2025-12-31,BGR,BCG_coverage_pct,86.0
2025-12-31,BGR,DTP3_coverage_pct,92.0
2025-12-31,BGR,HepB3_coverage_pct,89.0
2025-12-31,BGR,IPV_polio_coverage_pct,92.0
2025-12-31,BGR,MCV1_measles_coverage_pct,88.0
2025-12-31,BHR,DTP3_coverage_pct,98.0
2025-12-31,BHR,HepB3_coverage_pct,98.0
2025-12-31,BHR,IPV_polio_coverage_pct,99.0
2025-12-31,BHR,MCV1_measles_coverage_pct,99.0
2025-12-31,BHS,DTP3_coverage_pct,85.0
2025-12-31,BHS,HepB3_coverage_pct,85.0
2025-12-31,BHS,IPV_polio_coverage_pct,93.0
2025-12-31,BHS,MCV1_measles_coverage_pct,91.0
2025-12-31,BIH,BCG_coverage_pct,95.0
2025-12-31,BIH,DTP3_coverage_pct,70.0
2025-12-31,BIH,HepB3_coverage_pct,74.0
2025-12-31,BIH,IPV_polio_coverage_pct,70.0
2025-12-31,BIH,MCV1_measles_coverage_pct,46.0
2025-12-31,BLR,BCG_coverage_pct,98.0
2025-12-31,BLR,DTP3_coverage_pct,98.0
2025-12-31,BLR,HepB3_coverage_pct,98.0
2025-12-31,BLR,IPV_polio_coverage_pct,98.0
2025-12-31,BLR,MCV1_measles_coverage_pct,98.0
2025-12-31,BLZ,BCG_coverage_pct,87.0
2025-12-31,BLZ,DTP3_coverage_pct,83.0
2025-12-31,BLZ,HepB3_coverage_pct,83.0
2025-12-31,BLZ,IPV_polio_coverage_pct,86.0
2025-12-31,BLZ,MCV1_measles_coverage_pct,88.0
2025-12-31,BOL,BCG_coverage_pct,68.0
2025-12-31,BOL,DTP3_coverage_pct,59.0
2025-12-31,BOL,HepB3_coverage_pct,59.0
2025-12-31,BOL,IPV_polio_coverage_pct,59.0
2025-12-31,BOL,MCV1_measles_coverage_pct,67.0
2025-12-31,BRA,BCG_coverage_pct,97.0
2025-12-31,BRA,DTP3_coverage_pct,86.0
2025-12-31,BRA,HepB3_coverage_pct,86.0
2025-12-31,BRA,IPV_polio_coverage_pct,86.0
2025-12-31,BRA,MCV1_measles_coverage_pct,90.0
2025-12-31,BRB,DTP3_coverage_pct,85.0
2025-12-31,BRB,HepB3_coverage_pct,85.0
2025-12-31,BRB,IPV_polio_coverage_pct,91.0
2025-12-31,BRB,MCV1_measles_coverage_pct,89.0
2025-12-31,BRN,BCG_coverage_pct,99.0
2025-12-31,BRN,DTP3_coverage_pct,99.0
2025-12-31,BRN,HepB3_coverage_pct,99.0
2025-12-31,BRN,IPV_polio_coverage_pct,99.0
2025-12-31,BRN,MCV1_measles_coverage_pct,99.0
2025-12-31,BTN,BCG_coverage_pct,98.0
2025-12-31,BTN,DTP3_coverage_pct,99.0
2025-12-31,BTN,HepB3_coverage_pct,99.0
2025-12-31,BTN,IPV_polio_coverage_pct,97.0
2025-12-31,BTN,MCV1_measles_coverage_pct,98.0
2025-12-31,BWA,BCG_coverage_pct,98.0
2025-12-31,BWA,DTP3_coverage_pct,95.0
2025-12-31,BWA,HepB3_coverage_pct,95.0
2025-12-31,BWA,IPV_polio_coverage_pct,66.0
2025-12-31,BWA,MCV1_measles_coverage_pct,83.0
2025-12-31,CAF,BCG_coverage_pct,66.0
2025-12-31,CAF,DTP3_coverage_pct,46.0
2025-12-31,CAF,HepB3_coverage_pct,46.0
2025-12-31,CAF,IPV_polio_coverage_pct,0.0
2025-12-31,CAF,MCV1_measles_coverage_pct,44.0
2025-12-31,CAN,DTP3_coverage_pct,92.0
2025-12-31,CAN,HepB3_coverage_pct,83.0
2025-12-31,CAN,IPV_polio_coverage_pct,92.0
2025-12-31,CAN,MCV1_measles_coverage_pct,92.0
2025-12-31,CHE,DTP3_coverage_pct,95.0
2025-12-31,CHE,HepB3_coverage_pct,85.0
2025-12-31,CHE,IPV_polio_coverage_pct,95.0
2025-12-31,CHE,MCV1_measles_coverage_pct,95.0
2025-12-31,CHL,BCG_coverage_pct,99.0
2025-12-31,CHL,DTP3_coverage_pct,95.0
2025-12-31,CHL,HepB3_coverage_pct,95.0
2025-12-31,CHL,IPV_polio_coverage_pct,95.0
2025-12-31,CHL,MCV1_measles_coverage_pct,95.0
2025-12-31,CHN,BCG_coverage_pct,99.0
2025-12-31,CHN,DTP3_coverage_pct,97.0
2025-12-31,CHN,HepB3_coverage_pct,96.0
2025-12-31,CHN,IPV_polio_coverage_pct,98.0
2025-12-31,CHN,MCV1_measles_coverage_pct,95.0
2025-12-31,CIV,BCG_coverage_pct,90.0
2025-12-31,CIV,DTP3_coverage_pct,70.0
2025-12-31,CIV,HepB3_coverage_pct,70.0
2025-12-31,CIV,IPV_polio_coverage_pct,70.0
2025-12-31,CIV,MCV1_measles_coverage_pct,58.0
2025-12-31,CMR,BCG_coverage_pct,93.0
2025-12-31,CMR,DTP3_coverage_pct,83.0
2025-12-31,CMR,HepB3_coverage_pct,83.0
2025-12-31,CMR,IPV_polio_coverage_pct,71.0
2025-12-31,CMR,MCV1_measles_coverage_pct,75.0
2025-12-31,COD,BCG_coverage_pct,77.0
2025-12-31,COD,DTP3_coverage_pct,65.0
2025-12-31,COD,HepB3_coverage_pct,65.0
2025-12-31,COD,IPV_polio_coverage_pct,60.0
2025-12-31,COD,MCV1_measles_coverage_pct,55.0
2025-12-31,COG,BCG_coverage_pct,88.0
2025-12-31,COG,DTP3_coverage_pct,85.0
2025-12-31,COG,HepB3_coverage_pct,85.0
2025-12-31,COG,IPV_polio_coverage_pct,54.0
2025-12-31,COG,MCV1_measles_coverage_pct,85.0
2025-12-31,COK,BCG_coverage_pct,99.0
2025-12-31,COK,DTP3_coverage_pct,95.0
2025-12-31,COK,HepB3_coverage_pct,95.0
2025-12-31,COK,IPV_polio_coverage_pct,0.0
2025-12-31,COK,MCV1_measles_coverage_pct,96.0
2025-12-31,COL,BCG_coverage_pct,94.0
2025-12-31,COL,DTP3_coverage_pct,92.0
2025-12-31,COL,HepB3_coverage_pct,92.0
2025-12-31,COL,IPV_polio_coverage_pct,92.0
2025-12-31,COL,MCV1_measles_coverage_pct,91.0
2025-12-31,COM,BCG_coverage_pct,84.0
2025-12-31,COM,DTP3_coverage_pct,75.0
2025-12-31,COM,HepB3_coverage_pct,75.0
2025-12-31,COM,IPV_polio_coverage_pct,54.0
2025-12-31,COM,MCV1_measles_coverage_pct,70.0
2025-12-31,CPV,BCG_coverage_pct,99.0
2025-12-31,CPV,DTP3_coverage_pct,93.0
2025-12-31,CPV,HepB3_coverage_pct,93.0
2025-12-31,CPV,IPV_polio_coverage_pct,41.0
2025-12-31,CPV,MCV1_measles_coverage_pct,95.0
2025-12-31,CRI,BCG_coverage_pct,99.0
2025-12-31,CRI,DTP3_coverage_pct,96.0
2025-12-31,CRI,HepB3_coverage_pct,96.0
2025-12-31,CRI,IPV_polio_coverage_pct,96.0
2025-12-31,CRI,MCV1_measles_coverage_pct,98.0
2025-12-31,CUB,BCG_coverage_pct,99.0
2025-12-31,CUB,DTP3_coverage_pct,99.0
2025-12-31,CUB,HepB3_coverage_pct,99.0
2025-12-31,CUB,IPV_polio_coverage_pct,99.0
2025-12-31,CUB,MCV1_measles_coverage_pct,99.0
2025-12-31,CYP,DTP3_coverage_pct,98.0
2025-12-31,CYP,HepB3_coverage_pct,98.0
2025-12-31,CYP,IPV_polio_coverage_pct,98.0
2025-12-31,CYP,MCV1_measles_coverage_pct,91.0
2025-12-31,CZE,DTP3_coverage_pct,97.0
2025-12-31,CZE,HepB3_coverage_pct,97.0
2025-12-31,CZE,IPV_polio_coverage_pct,97.0
2025-12-31,CZE,MCV1_measles_coverage_pct,84.0
2025-12-31,DEU,DTP3_coverage_pct,89.0
2025-12-31,DEU,HepB3_coverage_pct,85.0
2025-12-31,DEU,IPV_polio_coverage_pct,88.0
2025-12-31,DEU,MCV1_measles_coverage_pct,96.0
2025-12-31,DJI,BCG_coverage_pct,80.0
2025-12-31,DJI,DTP3_coverage_pct,83.0
2025-12-31,DJI,HepB3_coverage_pct,83.0
2025-12-31,DJI,IPV_polio_coverage_pct,67.0
2025-12-31,DJI,MCV1_measles_coverage_pct,75.0
2025-12-31,DMA,BCG_coverage_pct,91.0
2025-12-31,DMA,DTP3_coverage_pct,90.0
2025-12-31,DMA,HepB3_coverage_pct,90.0
2025-12-31,DMA,IPV_polio_coverage_pct,93.0
2025-12-31,DMA,MCV1_measles_coverage_pct,80.0
2025-12-31,DNK,DTP3_coverage_pct,96.0
2025-12-31,DNK,HepB3_coverage_pct,0.0
2025-12-31,DNK,IPV_polio_coverage_pct,96.0
2025-12-31,DNK,MCV1_measles_coverage_pct,94.0
2025-12-31,DOM,BCG_coverage_pct,99.0
2025-12-31,DOM,DTP3_coverage_pct,87.0
2025-12-31,DOM,HepB3_coverage_pct,86.0
2025-12-31,DOM,IPV_polio_coverage_pct,88.0
2025-12-31,DOM,MCV1_measles_coverage_pct,95.0
2025-12-31,DZA,BCG_coverage_pct,98.0
2025-12-31,DZA,DTP3_coverage_pct,94.0
2025-12-31,DZA,HepB3_coverage_pct,94.0
2025-12-31,DZA,IPV_polio_coverage_pct,94.0
2025-12-31,DZA,MCV1_measles_coverage_pct,96.0
2025-12-31,ECU,BCG_coverage_pct,73.0
2025-12-31,ECU,DTP3_coverage_pct,77.0
2025-12-31,ECU,HepB3_coverage_pct,77.0
2025-12-31,ECU,IPV_polio_coverage_pct,77.0
2025-12-31,ECU,MCV1_measles_coverage_pct,78.0
2025-12-31,EGY,BCG_coverage_pct,99.0
2025-12-31,EGY,DTP3_coverage_pct,98.0
2025-12-31,EGY,HepB3_coverage_pct,98.0
2025-12-31,EGY,IPV_polio_coverage_pct,98.0
2025-12-31,EGY,MCV1_measles_coverage_pct,97.0
2025-12-31,ERI,BCG_coverage_pct,98.0
2025-12-31,ERI,DTP3_coverage_pct,96.0
2025-12-31,ERI,HepB3_coverage_pct,96.0
2025-12-31,ERI,IPV_polio_coverage_pct,93.0
2025-12-31,ERI,MCV1_measles_coverage_pct,93.0
2025-12-31,ESP,DTP3_coverage_pct,93.0
2025-12-31,ESP,HepB3_coverage_pct,98.0
2025-12-31,ESP,IPV_polio_coverage_pct,98.0
2025-12-31,ESP,MCV1_measles_coverage_pct,96.0
2025-12-31,EST,BCG_coverage_pct,88.0
2025-12-31,EST,DTP3_coverage_pct,85.0
2025-12-31,EST,HepB3_coverage_pct,85.0
2025-12-31,EST,IPV_polio_coverage_pct,85.0
2025-12-31,EST,MCV1_measles_coverage_pct,83.0
2025-12-31,ETH,BCG_coverage_pct,79.0
2025-12-31,ETH,DTP3_coverage_pct,81.0
2025-12-31,ETH,HepB3_coverage_pct,81.0
2025-12-31,ETH,IPV_polio_coverage_pct,76.0
2025-12-31,ETH,MCV1_measles_coverage_pct,77.0
2025-12-31,FIN,DTP3_coverage_pct,92.0
2025-12-31,FIN,HepB3_coverage_pct,0.0
2025-12-31,FIN,IPV_polio_coverage_pct,92.0
2025-12-31,FIN,MCV1_measles_coverage_pct,95.0
2025-12-31,FJI,BCG_coverage_pct,93.0
2025-12-31,FJI,DTP3_coverage_pct,94.0
2025-12-31,FJI,HepB3_coverage_pct,94.0
2025-12-31,FJI,IPV_polio_coverage_pct,0.0
2025-12-31,FJI,MCV1_measles_coverage_pct,91.0
2025-12-31,FRA,DTP3_coverage_pct,96.0
2025-12-31,FRA,HepB3_coverage_pct,96.0
2025-12-31,FRA,IPV_polio_coverage_pct,96.0
2025-12-31,FRA,MCV1_measles_coverage_pct,96.0
2025-12-31,FSM,BCG_coverage_pct,72.0
2025-12-31,FSM,DTP3_coverage_pct,73.0
2025-12-31,FSM,HepB3_coverage_pct,85.0
2025-12-31,FSM,IPV_polio_coverage_pct,73.0
2025-12-31,FSM,MCV1_measles_coverage_pct,81.0
2025-12-31,GAB,BCG_coverage_pct,81.0
2025-12-31,GAB,DTP3_coverage_pct,62.0
2025-12-31,GAB,HepB3_coverage_pct,62.0
2025-12-31,GAB,IPV_polio_coverage_pct,0.0
2025-12-31,GAB,MCV1_measles_coverage_pct,56.0
2025-12-31,GBR,DTP3_coverage_pct,92.0
2025-12-31,GBR,HepB3_coverage_pct,92.0
2025-12-31,GBR,IPV_polio_coverage_pct,92.0
2025-12-31,GBR,MCV1_measles_coverage_pct,89.0
2025-12-31,GEO,BCG_coverage_pct,96.0
2025-12-31,GEO,DTP3_coverage_pct,85.0
2025-12-31,GEO,HepB3_coverage_pct,85.0
2025-12-31,GEO,IPV_polio_coverage_pct,85.0
2025-12-31,GEO,MCV1_measles_coverage_pct,86.0
2025-12-31,GHA,BCG_coverage_pct,93.0
2025-12-31,GHA,DTP3_coverage_pct,99.0
2025-12-31,GHA,HepB3_coverage_pct,99.0
2025-12-31,GHA,IPV_polio_coverage_pct,70.0
2025-12-31,GHA,MCV1_measles_coverage_pct,93.0
2025-12-31,GIN,BCG_coverage_pct,77.0
2025-12-31,GIN,DTP3_coverage_pct,65.0
2025-12-31,GIN,HepB3_coverage_pct,65.0
2025-12-31,GIN,IPV_polio_coverage_pct,0.0
2025-12-31,GIN,MCV1_measles_coverage_pct,62.0
2025-12-31,GMB,BCG_coverage_pct,82.0
2025-12-31,GMB,DTP3_coverage_pct,82.0
2025-12-31,GMB,HepB3_coverage_pct,82.0
2025-12-31,GMB,IPV_polio_coverage_pct,75.0
2025-12-31,GMB,MCV1_measles_coverage_pct,78.0
2025-12-31,GNB,BCG_coverage_pct,82.0
2025-12-31,GNB,DTP3_coverage_pct,84.0
2025-12-31,GNB,HepB3_coverage_pct,84.0
2025-12-31,GNB,IPV_polio_coverage_pct,0.0
2025-12-31,GNB,MCV1_measles_coverage_pct,69.0
2025-12-31,GNQ,BCG_coverage_pct,76.0
2025-12-31,GNQ,DTP3_coverage_pct,78.0
2025-12-31,GNQ,HepB3_coverage_pct,78.0
2025-12-31,GNQ,IPV_polio_coverage_pct,0.0
2025-12-31,GNQ,MCV1_measles_coverage_pct,62.0
2025-12-31,GRC,DTP3_coverage_pct,94.0
2025-12-31,GRC,HepB3_coverage_pct,90.0
2025-12-31,GRC,IPV_polio_coverage_pct,94.0
2025-12-31,GRC,MCV1_measles_coverage_pct,94.0
2025-12-31,GRD,DTP3_coverage_pct,93.0
2025-12-31,GRD,HepB3_coverage_pct,86.0
2025-12-31,GRD,IPV_polio_coverage_pct,93.0
2025-12-31,GRD,MCV1_measles_coverage_pct,83.0
2025-12-31,GTM,BCG_coverage_pct,88.0
2025-12-31,GTM,DTP3_coverage_pct,77.0
2025-12-31,GTM,HepB3_coverage_pct,77.0
2025-12-31,GTM,IPV_polio_coverage_pct,81.0
2025-12-31,GTM,MCV1_measles_coverage_pct,90.0
2025-12-31,GUY,BCG_coverage_pct,99.0
2025-12-31,GUY,DTP3_coverage_pct,99.0
2025-12-31,GUY,HepB3_coverage_pct,99.0
2025-12-31,GUY,IPV_polio_coverage_pct,99.0
2025-12-31,GUY,MCV1_measles_coverage_pct,99.0
2025-12-31,HND,BCG_coverage_pct,87.0
2025-12-31,HND,DTP3_coverage_pct,86.0
2025-12-31,HND,HepB3_coverage_pct,86.0
2025-12-31,HND,IPV_polio_coverage_pct,87.0
2025-12-31,HND,MCV1_measles_coverage_pct,87.0
2025-12-31,HRV,BCG_coverage_pct,96.0
2025-12-31,HRV,DTP3_coverage_pct,91.0
2025-12-31,HRV,HepB3_coverage_pct,90.0
2025-12-31,HRV,IPV_polio_coverage_pct,91.0
2025-12-31,HRV,MCV1_measles_coverage_pct,87.0
2025-12-31,HTI,BCG_coverage_pct,66.0
2025-12-31,HTI,DTP3_coverage_pct,58.0
2025-12-31,HTI,HepB3_coverage_pct,58.0
2025-12-31,HTI,IPV_polio_coverage_pct,0.0
2025-12-31,HTI,MCV1_measles_coverage_pct,62.0
2025-12-31,HUN,BCG_coverage_pct,99.0
2025-12-31,HUN,DTP3_coverage_pct,99.0
2025-12-31,HUN,HepB3_coverage_pct,0.0
2025-12-31,HUN,IPV_polio_coverage_pct,99.0
2025-12-31,HUN,MCV1_measles_coverage_pct,99.0
2025-12-31,IDN,BCG_coverage_pct,85.0
2025-12-31,IDN,DTP3_coverage_pct,82.0
2025-12-31,IDN,HepB3_coverage_pct,82.0
2025-12-31,IDN,IPV_polio_coverage_pct,76.0
2025-12-31,IDN,MCV1_measles_coverage_pct,85.0
2025-12-31,IND,BCG_coverage_pct,91.0
2025-12-31,IND,DTP3_coverage_pct,95.0
2025-12-31,IND,HepB3_coverage_pct,95.0
2025-12-31,IND,IPV_polio_coverage_pct,95.0
2025-12-31,IND,MCV1_measles_coverage_pct,98.0
2025-12-31,IRL,DTP3_coverage_pct,90.0
2025-12-31,IRL,HepB3_coverage_pct,90.0
2025-12-31,IRL,IPV_polio_coverage_pct,90.0
2025-12-31,IRL,MCV1_measles_coverage_pct,87.0
2025-12-31,IRN,BCG_coverage_pct,96.0
2025-12-31,IRN,DTP3_coverage_pct,98.0
2025-12-31,IRN,HepB3_coverage_pct,98.0
2025-12-31,IRN,IPV_polio_coverage_pct,98.0
2025-12-31,IRN,MCV1_measles_coverage_pct,99.0
2025-12-31,IRQ,BCG_coverage_pct,99.0
2025-12-31,IRQ,DTP3_coverage_pct,84.0
2025-12-31,IRQ,HepB3_coverage_pct,84.0
2025-12-31,IRQ,IPV_polio_coverage_pct,85.0
2025-12-31,IRQ,MCV1_measles_coverage_pct,95.0
2025-12-31,ISL,DTP3_coverage_pct,90.0
2025-12-31,ISL,HepB3_coverage_pct,0.0
2025-12-31,ISL,IPV_polio_coverage_pct,90.0
2025-12-31,ISL,MCV1_measles_coverage_pct,94.0
2025-12-31,ISR,DTP3_coverage_pct,98.0
2025-12-31,ISR,HepB3_coverage_pct,96.0
2025-12-31,ISR,IPV_polio_coverage_pct,98.0
2025-12-31,ISR,MCV1_measles_coverage_pct,98.0
2025-12-31,ITA,DTP3_coverage_pct,95.0
2025-12-31,ITA,HepB3_coverage_pct,95.0
2025-12-31,ITA,IPV_polio_coverage_pct,95.0
2025-12-31,ITA,MCV1_measles_coverage_pct,95.0
2025-12-31,JAM,BCG_coverage_pct,98.0
2025-12-31,JAM,DTP3_coverage_pct,95.0
2025-12-31,JAM,HepB3_coverage_pct,95.0
2025-12-31,JAM,IPV_polio_coverage_pct,95.0
2025-12-31,JAM,MCV1_measles_coverage_pct,93.0
2025-12-31,JOR,BCG_coverage_pct,94.0
2025-12-31,JOR,DTP3_coverage_pct,95.0
2025-12-31,JOR,HepB3_coverage_pct,95.0
2025-12-31,JOR,IPV_polio_coverage_pct,95.0
2025-12-31,JOR,MCV1_measles_coverage_pct,94.0
2025-12-31,JPN,BCG_coverage_pct,98.0
2025-12-31,JPN,DTP3_coverage_pct,91.0
2025-12-31,JPN,HepB3_coverage_pct,95.0
2025-12-31,JPN,IPV_polio_coverage_pct,98.0
2025-12-31,JPN,MCV1_measles_coverage_pct,92.0
2025-12-31,KAZ,BCG_coverage_pct,86.0
2025-12-31,KAZ,DTP3_coverage_pct,54.0
2025-12-31,KAZ,HepB3_coverage_pct,55.0
2025-12-31,KAZ,IPV_polio_coverage_pct,54.0
2025-12-31,KAZ,MCV1_measles_coverage_pct,65.0
2025-12-31,KEN,BCG_coverage_pct,88.0
2025-12-31,KEN,DTP3_coverage_pct,88.0
2025-12-31,KEN,HepB3_coverage_pct,88.0
2025-12-31,KEN,IPV_polio_coverage_pct,9.0
2025-12-31,KEN,MCV1_measles_coverage_pct,80.0
2025-12-31,KGZ,BCG_coverage_pct,95.0
2025-12-31,KGZ,DTP3_coverage_pct,82.0
2025-12-31,KGZ,HepB3_coverage_pct,79.0
2025-12-31,KGZ,IPV_polio_coverage_pct,73.0
2025-12-31,KGZ,MCV1_measles_coverage_pct,92.0
2025-12-31,KHM,BCG_coverage_pct,86.0
2025-12-31,KHM,DTP3_coverage_pct,81.0
2025-12-31,KHM,HepB3_coverage_pct,81.0
2025-12-31,KHM,IPV_polio_coverage_pct,0.0
2025-12-31,KHM,MCV1_measles_coverage_pct,87.0
2025-12-31,KIR,BCG_coverage_pct,94.0
2025-12-31,KIR,DTP3_coverage_pct,87.0
2025-12-31,KIR,HepB3_coverage_pct,87.0
2025-12-31,KIR,IPV_polio_coverage_pct,40.0
2025-12-31,KIR,MCV1_measles_coverage_pct,84.0
2025-12-31,KNA,BCG_coverage_pct,95.0
2025-12-31,KNA,DTP3_coverage_pct,95.0
2025-12-31,KNA,HepB3_coverage_pct,95.0
2025-12-31,KNA,IPV_polio_coverage_pct,95.0
2025-12-31,KNA,MCV1_measles_coverage_pct,93.0
2025-12-31,KOR,BCG_coverage_pct,97.0
2025-12-31,KOR,DTP3_coverage_pct,97.0
2025-12-31,KOR,HepB3_coverage_pct,97.0
2025-12-31,KOR,IPV_polio_coverage_pct,97.0
2025-12-31,KOR,MCV1_measles_coverage_pct,97.0
2025-12-31,KWT,BCG_coverage_pct,99.0
2025-12-31,KWT,DTP3_coverage_pct,95.0
2025-12-31,KWT,HepB3_coverage_pct,95.0
2025-12-31,KWT,IPV_polio_coverage_pct,96.0
2025-12-31,KWT,MCV1_measles_coverage_pct,99.0
2025-12-31,LAO,BCG_coverage_pct,87.0
2025-12-31,LAO,DTP3_coverage_pct,67.0
2025-12-31,LAO,HepB3_coverage_pct,67.0
2025-12-31,LAO,IPV_polio_coverage_pct,52.0
2025-12-31,LAO,MCV1_measles_coverage_pct,58.0
2025-12-31,LBN,DTP3_coverage_pct,52.0
2025-12-31,LBN,HepB3_coverage_pct,52.0
2025-12-31,LBN,IPV_polio_coverage_pct,63.0
2025-12-31,LBN,MCV1_measles_coverage_pct,67.0
2025-12-31,LBR,BCG_coverage_pct,82.0
2025-12-31,LBR,DTP3_coverage_pct,83.0
2025-12-31,LBR,HepB3_coverage_pct,83.0
2025-12-31,LBR,IPV_polio_coverage_pct,0.0
2025-12-31,LBR,MCV1_measles_coverage_pct,82.0
2025-12-31,LBY,BCG_coverage_pct,97.0
2025-12-31,LBY,DTP3_coverage_pct,90.0
2025-12-31,LBY,HepB3_coverage_pct,90.0
2025-12-31,LBY,IPV_polio_coverage_pct,90.0
2025-12-31,LBY,MCV1_measles_coverage_pct,93.0
2025-12-31,LCA,BCG_coverage_pct,94.0
2025-12-31,LCA,DTP3_coverage_pct,84.0
2025-12-31,LCA,HepB3_coverage_pct,84.0
2025-12-31,LCA,IPV_polio_coverage_pct,84.0
2025-12-31,LCA,MCV1_measles_coverage_pct,86.0
2025-12-31,LKA,BCG_coverage_pct,95.0
2025-12-31,LKA,DTP3_coverage_pct,96.0
2025-12-31,LKA,HepB3_coverage_pct,96.0
2025-12-31,LKA,IPV_polio_coverage_pct,0.0
2025-12-31,LKA,MCV1_measles_coverage_pct,97.0
2025-12-31,LSO,BCG_coverage_pct,80.0
2025-12-31,LSO,DTP3_coverage_pct,88.0
2025-12-31,LSO,HepB3_coverage_pct,88.0
2025-12-31,LSO,IPV_polio_coverage_pct,57.0
2025-12-31,LSO,MCV1_measles_coverage_pct,80.0
2025-12-31,LTU,BCG_coverage_pct,94.0
2025-12-31,LTU,DTP3_coverage_pct,89.0
2025-12-31,LTU,HepB3_coverage_pct,87.0
2025-12-31,LTU,IPV_polio_coverage_pct,89.0
2025-12-31,LTU,MCV1_measles_coverage_pct,86.0
2025-12-31,LUX,DTP3_coverage_pct,99.0
2025-12-31,LUX,HepB3_coverage_pct,98.0
2025-12-31,LUX,IPV_polio_coverage_pct,99.0
2025-12-31,LUX,MCV1_measles_coverage_pct,99.0
2025-12-31,LVA,BCG_coverage_pct,99.0
2025-12-31,LVA,DTP3_coverage_pct,99.0
2025-12-31,LVA,HepB3_coverage_pct,99.0
2025-12-31,LVA,IPV_polio_coverage_pct,99.0
2025-12-31,LVA,MCV1_measles_coverage_pct,99.0
2025-12-31,MAR,BCG_coverage_pct,98.0
2025-12-31,MAR,DTP3_coverage_pct,96.0
2025-12-31,MAR,HepB3_coverage_pct,96.0
2025-12-31,MAR,IPV_polio_coverage_pct,0.0
2025-12-31,MAR,MCV1_measles_coverage_pct,98.0
2025-12-31,MCO,DTP3_coverage_pct,99.0
2025-12-31,MCO,HepB3_coverage_pct,99.0
2025-12-31,MCO,IPV_polio_coverage_pct,99.0
2025-12-31,MCO,MCV1_measles_coverage_pct,88.0
2025-12-31,MDA,BCG_coverage_pct,96.0
2025-12-31,MDA,DTP3_coverage_pct,82.0
2025-12-31,MDA,HepB3_coverage_pct,85.0
2025-12-31,MDA,IPV_polio_coverage_pct,90.0
2025-12-31,MDA,MCV1_measles_coverage_pct,79.0
2025-12-31,MDG,BCG_coverage_pct,63.0
2025-12-31,MDG,DTP3_coverage_pct,64.0
2025-12-31,MDG,HepB3_coverage_pct,64.0
2025-12-31,MDG,IPV_polio_coverage_pct,47.0
2025-12-31,MDG,MCV1_measles_coverage_pct,49.0
2025-12-31,MDV,BCG_coverage_pct,99.0
2025-12-31,MDV,DTP3_coverage_pct,99.0
2025-12-31,MDV,HepB3_coverage_pct,99.0
2025-12-31,MDV,IPV_polio_coverage_pct,0.0
2025-12-31,MDV,MCV1_measles_coverage_pct,99.0
2025-12-31,MEX,BCG_coverage_pct,88.0
2025-12-31,MEX,DTP3_coverage_pct,89.0
2025-12-31,MEX,HepB3_coverage_pct,89.0
2025-12-31,MEX,IPV_polio_coverage_pct,89.0
2025-12-31,MEX,MCV1_measles_coverage_pct,88.0
2025-12-31,MHL,BCG_coverage_pct,81.0
2025-12-31,MHL,DTP3_coverage_pct,85.0
2025-12-31,MHL,HepB3_coverage_pct,89.0
2025-12-31,MHL,IPV_polio_coverage_pct,84.0
2025-12-31,MHL,MCV1_measles_coverage_pct,88.0
2025-12-31,MKD,BCG_coverage_pct,93.0
2025-12-31,MKD,DTP3_coverage_pct,79.0
2025-12-31,MKD,HepB3_coverage_pct,77.0
2025-12-31,MKD,IPV_polio_coverage_pct,79.0
2025-12-31,MKD,MCV1_measles_coverage_pct,63.0
2025-12-31,MLI,BCG_coverage_pct,88.0
2025-12-31,MLI,DTP3_coverage_pct,84.0
2025-12-31,MLI,HepB3_coverage_pct,84.0
2025-12-31,MLI,IPV_polio_coverage_pct,69.0
2025-12-31,MLI,MCV1_measles_coverage_pct,68.0
2025-12-31,MLT,DTP3_coverage_pct,99.0
2025-12-31,MLT,HepB3_coverage_pct,99.0
2025-12-31,MLT,IPV_polio_coverage_pct,99.0
2025-12-31,MLT,MCV1_measles_coverage_pct,92.0
2025-12-31,MMR,BCG_coverage_pct,79.0
2025-12-31,MMR,DTP3_coverage_pct,71.0
2025-12-31,MMR,HepB3_coverage_pct,71.0
2025-12-31,MMR,IPV_polio_coverage_pct,0.0
2025-12-31,MMR,MCV1_measles_coverage_pct,71.0
2025-12-31,MNE,BCG_coverage_pct,82.0
2025-12-31,MNE,DTP3_coverage_pct,75.0
2025-12-31,MNE,HepB3_coverage_pct,41.0
2025-12-31,MNE,IPV_polio_coverage_pct,75.0
2025-12-31,MNE,MCV1_measles_coverage_pct,13.0
2025-12-31,MNG,BCG_coverage_pct,99.0
2025-12-31,MNG,DTP3_coverage_pct,96.0
2025-12-31,MNG,HepB3_coverage_pct,96.0
2025-12-31,MNG,IPV_polio_coverage_pct,0.0
2025-12-31,MNG,MCV1_measles_coverage_pct,97.0
2025-12-31,MOZ,BCG_coverage_pct,93.0
2025-12-31,MOZ,DTP3_coverage_pct,70.0
2025-12-31,MOZ,HepB3_coverage_pct,70.0
2025-12-31,MOZ,IPV_polio_coverage_pct,65.0
2025-12-31,MOZ,MCV1_measles_coverage_pct,65.0
2025-12-31,MRT,BCG_coverage_pct,95.0
2025-12-31,MRT,DTP3_coverage_pct,86.0
2025-12-31,MRT,HepB3_coverage_pct,86.0
2025-12-31,MRT,IPV_polio_coverage_pct,72.0
2025-12-31,MRT,MCV1_measles_coverage_pct,93.0
2025-12-31,MUS,BCG_coverage_pct,96.0
2025-12-31,MUS,DTP3_coverage_pct,96.0
2025-12-31,MUS,HepB3_coverage_pct,96.0
2025-12-31,MUS,IPV_polio_coverage_pct,95.0
2025-12-31,MUS,MCV1_measles_coverage_pct,97.0
2025-12-31,MWI,BCG_coverage_pct,98.0
2025-12-31,MWI,DTP3_coverage_pct,90.0
2025-12-31,MWI,HepB3_coverage_pct,90.0
2025-12-31,MWI,IPV_polio_coverage_pct,70.0
2025-12-31,MWI,MCV1_measles_coverage_pct,88.0
2025-12-31,MYS,BCG_coverage_pct,98.0
2025-12-31,MYS,DTP3_coverage_pct,95.0
2025-12-31,MYS,HepB3_coverage_pct,95.0
2025-12-31,MYS,IPV_polio_coverage_pct,95.0
2025-12-31,MYS,MCV1_measles_coverage_pct,95.0
2025-12-31,NAM,BCG_coverage_pct,94.0
2025-12-31,NAM,DTP3_coverage_pct,82.0
2025-12-31,NAM,HepB3_coverage_pct,82.0
2025-12-31,NAM,IPV_polio_coverage_pct,40.0
2025-12-31,NAM,MCV1_measles_coverage_pct,84.0
2025-12-31,NER,BCG_coverage_pct,88.0
2025-12-31,NER,DTP3_coverage_pct,87.0
2025-12-31,NER,HepB3_coverage_pct,87.0
2025-12-31,NER,IPV_polio_coverage_pct,83.0
2025-12-31,NER,MCV1_measles_coverage_pct,82.0
2025-12-31,NGA,BCG_coverage_pct,68.0
2025-12-31,NGA,DTP3_coverage_pct,62.0
2025-12-31,NGA,HepB3_coverage_pct,62.0
2025-12-31,NGA,IPV_polio_coverage_pct,57.0
2025-12-31,NGA,MCV1_measles_coverage_pct,56.0
2025-12-31,NIC,BCG_coverage_pct,99.0
2025-12-31,NIC,DTP3_coverage_pct,96.0
2025-12-31,NIC,HepB3_coverage_pct,96.0
2025-12-31,NIC,IPV_polio_coverage_pct,96.0
2025-12-31,NIC,MCV1_measles_coverage_pct,94.0
2025-12-31,NIU,BCG_coverage_pct,95.0
2025-12-31,NIU,DTP3_coverage_pct,95.0
2025-12-31,NIU,HepB3_coverage_pct,95.0
2025-12-31,NIU,IPV_polio_coverage_pct,95.0
2025-12-31,NIU,MCV1_measles_coverage_pct,99.0
2025-12-31,NLD,DTP3_coverage_pct,90.0
2025-12-31,NLD,HepB3_coverage_pct,87.0
2025-12-31,NLD,IPV_polio_coverage_pct,90.0
2025-12-31,NLD,MCV1_measles_coverage_pct,88.0
2025-12-31,NOR,DTP3_coverage_pct,96.0
2025-12-31,NOR,HepB3_coverage_pct,96.0
2025-12-31,NOR,IPV_polio_coverage_pct,96.0
2025-12-31,NOR,MCV1_measles_coverage_pct,96.0
2025-12-31,NPL,BCG_coverage_pct,99.0
2025-12-31,NPL,DTP3_coverage_pct,96.0
2025-12-31,NPL,HepB3_coverage_pct,96.0
2025-12-31,NPL,IPV_polio_coverage_pct,94.0
2025-12-31,NPL,MCV1_measles_coverage_pct,96.0
2025-12-31,NRU,BCG_coverage_pct,99.0
2025-12-31,NRU,DTP3_coverage_pct,66.0
2025-12-31,NRU,HepB3_coverage_pct,66.0
2025-12-31,NRU,IPV_polio_coverage_pct,0.0
2025-12-31,NRU,MCV1_measles_coverage_pct,71.0
2025-12-31,NZL,DTP3_coverage_pct,88.0
2025-12-31,NZL,HepB3_coverage_pct,88.0
2025-12-31,NZL,IPV_polio_coverage_pct,88.0
2025-12-31,NZL,MCV1_measles_coverage_pct,89.0
2025-12-31,OMN,BCG_coverage_pct,99.0
2025-12-31,OMN,DTP3_coverage_pct,99.0
2025-12-31,OMN,HepB3_coverage_pct,99.0
2025-12-31,OMN,IPV_polio_coverage_pct,99.0
2025-12-31,OMN,MCV1_measles_coverage_pct,99.0
2025-12-31,PAK,BCG_coverage_pct,96.0
2025-12-31,PAK,DTP3_coverage_pct,86.0
2025-12-31,PAK,HepB3_coverage_pct,86.0
2025-12-31,PAK,IPV_polio_coverage_pct,82.0
2025-12-31,PAK,MCV1_measles_coverage_pct,84.0
2025-12-31,PAN,BCG_coverage_pct,99.0
2025-12-31,PAN,DTP3_coverage_pct,80.0
2025-12-31,PAN,HepB3_coverage_pct,80.0
2025-12-31,PAN,IPV_polio_coverage_pct,80.0
2025-12-31,PAN,MCV1_measles_coverage_pct,87.0
2025-12-31,PER,BCG_coverage_pct,87.0
2025-12-31,PER,DTP3_coverage_pct,84.0
2025-12-31,PER,HepB3_coverage_pct,84.0
2025-12-31,PER,IPV_polio_coverage_pct,84.0
2025-12-31,PER,MCV1_measles_coverage_pct,84.0
2025-12-31,PHL,BCG_coverage_pct,80.0
2025-12-31,PHL,DTP3_coverage_pct,71.0
2025-12-31,PHL,HepB3_coverage_pct,71.0
2025-12-31,PHL,IPV_polio_coverage_pct,58.0
2025-12-31,PHL,MCV1_measles_coverage_pct,72.0
2025-12-31,PLW,DTP3_coverage_pct,96.0
2025-12-31,PLW,HepB3_coverage_pct,96.0
2025-12-31,PLW,IPV_polio_coverage_pct,96.0
2025-12-31,PLW,MCV1_measles_coverage_pct,94.0
2025-12-31,PNG,BCG_coverage_pct,48.0
2025-12-31,PNG,DTP3_coverage_pct,43.0
2025-12-31,PNG,HepB3_coverage_pct,43.0
2025-12-31,PNG,IPV_polio_coverage_pct,15.0
2025-12-31,PNG,MCV1_measles_coverage_pct,45.0
2025-12-31,POL,BCG_coverage_pct,91.0
2025-12-31,POL,DTP3_coverage_pct,94.0
2025-12-31,POL,HepB3_coverage_pct,87.0
2025-12-31,POL,IPV_polio_coverage_pct,86.0
2025-12-31,POL,MCV1_measles_coverage_pct,91.0
2025-12-31,PRK,BCG_coverage_pct,99.0
2025-12-31,PRK,DTP3_coverage_pct,99.0
2025-12-31,PRK,HepB3_coverage_pct,99.0
2025-12-31,PRK,IPV_polio_coverage_pct,0.0
2025-12-31,PRK,MCV1_measles_coverage_pct,99.0
2025-12-31,PRT,DTP3_coverage_pct,99.0
2025-12-31,PRT,HepB3_coverage_pct,99.0
2025-12-31,PRT,IPV_polio_coverage_pct,99.0
2025-12-31,PRT,MCV1_measles_coverage_pct,98.0
2025-12-31,PRY,BCG_coverage_pct,79.0
2025-12-31,PRY,DTP3_coverage_pct,80.0
2025-12-31,PRY,HepB3_coverage_pct,80.0
2025-12-31,PRY,IPV_polio_coverage_pct,80.0
2025-12-31,PRY,MCV1_measles_coverage_pct,90.0
2025-12-31,PSE,BCG_coverage_pct,98.0
2025-12-31,PSE,DTP3_coverage_pct,99.0
2025-12-31,PSE,HepB3_coverage_pct,99.0
2025-12-31,PSE,IPV_polio_coverage_pct,98.0
2025-12-31,PSE,MCV1_measles_coverage_pct,98.0
2025-12-31,QAT,BCG_coverage_pct,99.0
2025-12-31,QAT,DTP3_coverage_pct,96.0
2025-12-31,QAT,HepB3_coverage_pct,96.0
2025-12-31,QAT,IPV_polio_coverage_pct,96.0
2025-12-31,QAT,MCV1_measles_coverage_pct,99.0
2025-12-31,ROU,BCG_coverage_pct,85.0
2025-12-31,ROU,DTP3_coverage_pct,66.0
2025-12-31,ROU,HepB3_coverage_pct,66.0
2025-12-31,ROU,IPV_polio_coverage_pct,66.0
2025-12-31,ROU,MCV1_measles_coverage_pct,66.0
2025-12-31,RUS,BCG_coverage_pct,96.0
2025-12-31,RUS,DTP3_coverage_pct,97.0
2025-12-31,RUS,HepB3_coverage_pct,97.0
2025-12-31,RUS,IPV_polio_coverage_pct,97.0
2025-12-31,RUS,MCV1_measles_coverage_pct,97.0
2025-12-31,RWA,BCG_coverage_pct,98.0
2025-12-31,RWA,DTP3_coverage_pct,95.0
2025-12-31,RWA,HepB3_coverage_pct,95.0
2025-12-31,RWA,IPV_polio_coverage_pct,93.0
2025-12-31,RWA,MCV1_measles_coverage_pct,93.0
2025-12-31,SAU,BCG_coverage_pct,97.0
2025-12-31,SAU,DTP3_coverage_pct,98.0
2025-12-31,SAU,HepB3_coverage_pct,98.0
2025-12-31,SAU,IPV_polio_coverage_pct,98.0
2025-12-31,SAU,MCV1_measles_coverage_pct,99.0
2025-12-31,SDN,BCG_coverage_pct,74.0
2025-12-31,SDN,DTP3_coverage_pct,71.0
2025-12-31,SDN,HepB3_coverage_pct,71.0
2025-12-31,SDN,IPV_polio_coverage_pct,72.0
2025-12-31,SDN,MCV1_measles_coverage_pct,68.0
2025-12-31,SEN,BCG_coverage_pct,93.0
2025-12-31,SEN,DTP3_coverage_pct,91.0
2025-12-31,SEN,HepB3_coverage_pct,91.0
2025-12-31,SEN,IPV_polio_coverage_pct,91.0
2025-12-31,SEN,MCV1_measles_coverage_pct,92.0
2025-12-31,SGP,BCG_coverage_pct,95.0
2025-12-31,SGP,DTP3_coverage_pct,97.0
2025-12-31,SGP,HepB3_coverage_pct,96.0
2025-12-31,SGP,IPV_polio_coverage_pct,97.0
2025-12-31,SGP,MCV1_measles_coverage_pct,97.0
2025-12-31,SLB,BCG_coverage_pct,83.0
2025-12-31,SLB,DTP3_coverage_pct,87.0
2025-12-31,SLB,HepB3_coverage_pct,87.0
2025-12-31,SLB,IPV_polio_coverage_pct,0.0
2025-12-31,SLB,MCV1_measles_coverage_pct,78.0
2025-12-31,SLE,BCG_coverage_pct,97.0
2025-12-31,SLE,DTP3_coverage_pct,91.0
2025-12-31,SLE,HepB3_coverage_pct,91.0
2025-12-31,SLE,IPV_polio_coverage_pct,75.0
2025-12-31,SLE,MCV1_measles_coverage_pct,90.0
2025-12-31,SLV,BCG_coverage_pct,97.0
2025-12-31,SLV,DTP3_coverage_pct,99.0
2025-12-31,SLV,HepB3_coverage_pct,99.0
2025-12-31,SLV,IPV_polio_coverage_pct,99.0
2025-12-31,SLV,MCV1_measles_coverage_pct,98.0
2025-12-31,SMR,DTP3_coverage_pct,88.0
2025-12-31,SMR,HepB3_coverage_pct,88.0
2025-12-31,SMR,IPV_polio_coverage_pct,88.0
2025-12-31,SMR,MCV1_measles_coverage_pct,85.0
2025-12-31,SOM,BCG_coverage_pct,74.0
2025-12-31,SOM,DTP3_coverage_pct,72.0
2025-12-31,SOM,HepB3_coverage_pct,72.0
2025-12-31,SOM,IPV_polio_coverage_pct,51.0
2025-12-31,SOM,MCV1_measles_coverage_pct,61.0
2025-12-31,SRB,BCG_coverage_pct,98.0
2025-12-31,SRB,DTP3_coverage_pct,92.0
2025-12-31,SRB,HepB3_coverage_pct,90.0
2025-12-31,SRB,IPV_polio_coverage_pct,92.0
2025-12-31,SRB,MCV1_measles_coverage_pct,73.0
2025-12-31,SSD,BCG_coverage_pct,72.0
2025-12-31,SSD,DTP3_coverage_pct,73.0
2025-12-31,SSD,HepB3_coverage_pct,73.0
2025-12-31,SSD,IPV_polio_coverage_pct,34.0
2025-12-31,SSD,MCV1_measles_coverage_pct,72.0
2025-12-31,STP,BCG_coverage_pct,80.0
2025-12-31,STP,DTP3_coverage_pct,87.0
2025-12-31,STP,HepB3_coverage_pct,87.0
2025-12-31,STP,IPV_polio_coverage_pct,0.0
2025-12-31,STP,MCV1_measles_coverage_pct,87.0
2025-12-31,SUR,DTP3_coverage_pct,80.0
2025-12-31,SUR,HepB3_coverage_pct,80.0
2025-12-31,SUR,IPV_polio_coverage_pct,76.0
2025-12-31,SUR,MCV1_measles_coverage_pct,67.0
2025-12-31,SVK,DTP3_coverage_pct,96.0
2025-12-31,SVK,HepB3_coverage_pct,96.0
2025-12-31,SVK,IPV_polio_coverage_pct,96.0
2025-12-31,SVK,MCV1_measles_coverage_pct,94.0
2025-12-31,SVN,DTP3_coverage_pct,90.0
2025-12-31,SVN,HepB3_coverage_pct,90.0
2025-12-31,SVN,IPV_polio_coverage_pct,90.0
2025-12-31,SVN,MCV1_measles_coverage_pct,94.0
2025-12-31,SWE,DTP3_coverage_pct,95.0
2025-12-31,SWE,HepB3_coverage_pct,95.0
2025-12-31,SWE,IPV_polio_coverage_pct,95.0
2025-12-31,SWE,MCV1_measles_coverage_pct,93.0
2025-12-31,SWZ,BCG_coverage_pct,86.0
2025-12-31,SWZ,DTP3_coverage_pct,84.0
2025-12-31,SWZ,HepB3_coverage_pct,84.0
2025-12-31,SWZ,IPV_polio_coverage_pct,69.0
2025-12-31,SWZ,MCV1_measles_coverage_pct,88.0
2025-12-31,SYC,BCG_coverage_pct,97.0
2025-12-31,SYC,DTP3_coverage_pct,98.0
2025-12-31,SYC,HepB3_coverage_pct,98.0
2025-12-31,SYC,IPV_polio_coverage_pct,98.0
2025-12-31,SYC,MCV1_measles_coverage_pct,98.0
2025-12-31,SYR,BCG_coverage_pct,82.0
2025-12-31,SYR,DTP3_coverage_pct,60.0
2025-12-31,SYR,HepB3_coverage_pct,60.0
2025-12-31,SYR,IPV_polio_coverage_pct,67.0
2025-12-31,SYR,MCV1_measles_coverage_pct,69.0
2025-12-31,TCD,BCG_coverage_pct,90.0
2025-12-31,TCD,DTP3_coverage_pct,71.0
2025-12-31,TCD,HepB3_coverage_pct,71.0
2025-12-31,TCD,IPV_polio_coverage_pct,53.0
2025-12-31,TCD,MCV1_measles_coverage_pct,68.0
2025-12-31,TGO,BCG_coverage_pct,96.0
2025-12-31,TGO,DTP3_coverage_pct,90.0
2025-12-31,TGO,HepB3_coverage_pct,90.0
2025-12-31,TGO,IPV_polio_coverage_pct,69.0
2025-12-31,TGO,MCV1_measles_coverage_pct,81.0
2025-12-31,THA,BCG_coverage_pct,99.0
2025-12-31,THA,DTP3_coverage_pct,92.0
2025-12-31,THA,HepB3_coverage_pct,92.0
2025-12-31,THA,IPV_polio_coverage_pct,0.0
2025-12-31,THA,MCV1_measles_coverage_pct,93.0
2025-12-31,TJK,BCG_coverage_pct,93.0
2025-12-31,TJK,DTP3_coverage_pct,86.0
2025-12-31,TJK,HepB3_coverage_pct,86.0
2025-12-31,TJK,IPV_polio_coverage_pct,85.0
2025-12-31,TJK,MCV1_measles_coverage_pct,80.0
2025-12-31,TKM,BCG_coverage_pct,98.0
2025-12-31,TKM,DTP3_coverage_pct,98.0
2025-12-31,TKM,HepB3_coverage_pct,98.0
2025-12-31,TKM,IPV_polio_coverage_pct,0.0
2025-12-31,TKM,MCV1_measles_coverage_pct,98.0
2025-12-31,TLS,BCG_coverage_pct,90.0
2025-12-31,TLS,DTP3_coverage_pct,83.0
2025-12-31,TLS,HepB3_coverage_pct,83.0
2025-12-31,TLS,IPV_polio_coverage_pct,0.0
2025-12-31,TLS,MCV1_measles_coverage_pct,61.0
2025-12-31,TON,BCG_coverage_pct,93.0
2025-12-31,TON,DTP3_coverage_pct,94.0
2025-12-31,TON,HepB3_coverage_pct,94.0
2025-12-31,TON,IPV_polio_coverage_pct,0.0
2025-12-31,TON,MCV1_measles_coverage_pct,95.0
2025-12-31,TTO,DTP3_coverage_pct,97.0
2025-12-31,TTO,HepB3_coverage_pct,97.0
2025-12-31,TTO,IPV_polio_coverage_pct,99.0
2025-12-31,TTO,MCV1_measles_coverage_pct,93.0
2025-12-31,TUN,BCG_coverage_pct,99.0
2025-12-31,TUN,DTP3_coverage_pct,97.0
2025-12-31,TUN,HepB3_coverage_pct,97.0
2025-12-31,TUN,IPV_polio_coverage_pct,97.0
2025-12-31,TUN,MCV1_measles_coverage_pct,96.0
2025-12-31,TUR,BCG_coverage_pct,93.0
2025-12-31,TUR,DTP3_coverage_pct,94.0
2025-12-31,TUR,HepB3_coverage_pct,93.0
2025-12-31,TUR,IPV_polio_coverage_pct,94.0
2025-12-31,TUR,MCV1_measles_coverage_pct,92.0
2025-12-31,TUV,BCG_coverage_pct,99.0
2025-12-31,TUV,DTP3_coverage_pct,99.0
2025-12-31,TUV,HepB3_coverage_pct,99.0
2025-12-31,TUV,IPV_polio_coverage_pct,97.0
2025-12-31,TUV,MCV1_measles_coverage_pct,97.0
2025-12-31,TZA,BCG_coverage_pct,89.0
2025-12-31,TZA,DTP3_coverage_pct,83.0
2025-12-31,TZA,HepB3_coverage_pct,83.0
2025-12-31,TZA,IPV_polio_coverage_pct,48.0
2025-12-31,TZA,MCV1_measles_coverage_pct,84.0
2025-12-31,UGA,BCG_coverage_pct,98.0
2025-12-31,UGA,DTP3_coverage_pct,97.0
2025-12-31,UGA,HepB3_coverage_pct,97.0
2025-12-31,UGA,IPV_polio_coverage_pct,82.0
2025-12-31,UGA,MCV1_measles_coverage_pct,92.0
2025-12-31,UKR,BCG_coverage_pct,92.0
2025-12-31,UKR,DTP3_coverage_pct,94.0
2025-12-31,UKR,HepB3_coverage_pct,91.0
2025-12-31,UKR,IPV_polio_coverage_pct,89.0
2025-12-31,UKR,MCV1_measles_coverage_pct,96.0
2025-12-31,URY,BCG_coverage_pct,99.0
2025-12-31,URY,DTP3_coverage_pct,96.0
2025-12-31,URY,HepB3_coverage_pct,96.0
2025-12-31,URY,IPV_polio_coverage_pct,96.0
2025-12-31,URY,MCV1_measles_coverage_pct,98.0
2025-12-31,USA,DTP3_coverage_pct,94.0
2025-12-31,USA,HepB3_coverage_pct,93.0
2025-12-31,USA,IPV_polio_coverage_pct,93.0
2025-12-31,USA,MCV1_measles_coverage_pct,92.0
2025-12-31,UZB,BCG_coverage_pct,99.0
2025-12-31,UZB,DTP3_coverage_pct,98.0
2025-12-31,UZB,HepB3_coverage_pct,98.0
2025-12-31,UZB,IPV_polio_coverage_pct,99.0
2025-12-31,UZB,MCV1_measles_coverage_pct,99.0
2025-12-31,VCT,BCG_coverage_pct,97.0
2025-12-31,VCT,DTP3_coverage_pct,99.0
2025-12-31,VCT,HepB3_coverage_pct,99.0
2025-12-31,VCT,IPV_polio_coverage_pct,99.0
2025-12-31,VCT,MCV1_measles_coverage_pct,99.0
2025-12-31,VEN,BCG_coverage_pct,51.0
2025-12-31,VEN,DTP3_coverage_pct,50.0
2025-12-31,VEN,HepB3_coverage_pct,50.0
2025-12-31,VEN,IPV_polio_coverage_pct,54.0
2025-12-31,VEN,MCV1_measles_coverage_pct,53.0
2025-12-31,VNM,BCG_coverage_pct,96.0
2025-12-31,VNM,DTP3_coverage_pct,97.0
2025-12-31,VNM,HepB3_coverage_pct,97.0
2025-12-31,VNM,IPV_polio_coverage_pct,86.0
2025-12-31,VNM,MCV1_measles_coverage_pct,98.0
2025-12-31,VUT,BCG_coverage_pct,99.0
2025-12-31,VUT,DTP3_coverage_pct,77.0
2025-12-31,VUT,HepB3_coverage_pct,77.0
2025-12-31,VUT,IPV_polio_coverage_pct,0.0
2025-12-31,VUT,MCV1_measles_coverage_pct,74.0
2025-12-31,WSM,BCG_coverage_pct,92.0
2025-12-31,WSM,DTP3_coverage_pct,84.0
2025-12-31,WSM,HepB3_coverage_pct,84.0
2025-12-31,WSM,IPV_polio_coverage_pct,0.0
2025-12-31,WSM,MCV1_measles_coverage_pct,76.0
2025-12-31,YEM,BCG_coverage_pct,48.0
2025-12-31,YEM,DTP3_coverage_pct,39.0
2025-12-31,YEM,HepB3_coverage_pct,39.0
2025-12-31,YEM,IPV_polio_coverage_pct,35.0
2025-12-31,YEM,MCV1_measles_coverage_pct,41.0
2025-12-31,ZAF,BCG_coverage_pct,66.0
2025-12-31,ZAF,DTP3_coverage_pct,65.0
2025-12-31,ZAF,HepB3_coverage_pct,65.0
2025-12-31,ZAF,IPV_polio_coverage_pct,64.0
2025-12-31,ZAF,MCV1_measles_coverage_pct,66.0
2025-12-31,ZMB,BCG_coverage_pct,92.0
2025-12-31,ZMB,DTP3_coverage_pct,91.0
2025-12-31,ZMB,HepB3_coverage_pct,91.0
2025-12-31,ZMB,IPV_polio_coverage_pct,76.0
2025-12-31,ZMB,MCV1_measles_coverage_pct,92.0
2025-12-31,ZWE,BCG_coverage_pct,96.0
2025-12-31,ZWE,DTP3_coverage_pct,91.0
2025-12-31,ZWE,HepB3_coverage_pct,91.0
2025-12-31,ZWE,IPV_polio_coverage_pct,86.0
2025-12-31,ZWE,MCV1_measles_coverage_pct,90.0
